group,mean,sem,n_residues,pvalue_vs_apo,pvalue_complex1_vs_complex2,significance
M1-Clemastine,0.8757037037037035,0.06682080432216174,9,0.02173817724956583,0.37038267697279603,True
M1-CN045,0.9706666666666668,0.07832834893519448,9,0.17935935578777468,0.37038267697279603,False
M1 Unbound (Apo),1.114888888888889,0.06622816434936439,9,,,False
