residue_index,residue_label,mean_M1-Clemastine,sem_M1-Clemastine,mean_M1-CN045,sem_M1-CN045,mean_M1_Unbound_(Apo),sem_M1_Unbound_(Apo),pvalue_M1-Clemastine_vs_M1_Unbound_(Apo),pvalue_M1-CN045_vs_M1_Unbound_(Apo),pvalue_M1-Clemastine_vs_M1-CN045,significance
86,Asp105,0.8846666666666666,0.04128088069689302,0.9053333333333334,0.058800037792882814,0.9233333333333333,0.05244785770436938,0.5950477836431443,0.8306390470864351,0.7894514405349782,False
87,Tyr106,0.7863333333333333,0.09350995193620362,1.0266666666666666,0.18679430160235386,1.335,0.170462117003554,0.06404929273037976,0.2902359653463311,0.3347681713606043,False
90,Ser109,0.6416666666666666,0.06753846640577829,0.5886666666666668,0.05334270750950355,0.8933333333333334,0.04179845823844594,0.04364747769017855,0.012328282002433862,0.5730058446669805,True
138,Trp157,0.6306666666666666,0.05804691589089335,0.894,0.13684053980211172,1.0213333333333334,0.13071257696862137,0.07880170779846991,0.5379738713689737,0.18479429746518386,False
170,Thr189,0.9246666666666666,0.13110089414052237,1.1343333333333334,0.0913041315847451,1.3920000000000001,0.1404006172825937,0.07205749246607517,0.21013747255669657,0.26739004661059834,False
386,Tyr381,0.9250000000000002,0.07400225221797874,1.0103333333333333,0.059755985288318846,1.0806666666666667,0.005811865258054236,0.16935519388047088,0.36016842961865964,0.4224495396887226,False
387,Asn382,0.9313333333333332,0.10984281699066373,0.9793333333333334,0.12351293229635686,1.1766666666666665,0.29506741225994065,0.5018280175459104,0.5857029284185213,0.7861319171531093,False
409,Tyr404,1.3113333333333332,0.09623813058127106,1.4313333333333336,0.20705662134895472,1.319,0.020502032419575742,0.9444615393009079,0.642433280624946,0.6376307974812219,False
413,Tyr408,0.8456666666666667,0.10996413556751634,0.766,0.1263605951236381,0.8926666666666666,0.06959964878583164,0.7393956437420499,0.44245370187781213,0.6596173627577289,False
