residue_index,residue_label,mean_H3-CN045,sem_H3-CN045,mean_H3_Unbound_(Apo),sem_H3_Unbound_(Apo),pvalue_H3-CN045_vs_H3_Unbound_(Apo),significance
65,Tyr91,1.2213333333333332,0.05196259338323203,0.7996666666666666,0.019547662548527675,0.008101990036051153,True
68,Tyr94,1.439,0.1398082019530089,1.2653333333333334,0.10829024784244323,0.3848983663958943,False
84,Trp110,1.0763333333333334,0.16116899343373853,0.652,0.03371943060017474,0.11342948733073614,False
85,Leu111,1.2566666666666666,0.051388498497015676,0.9820000000000001,0.1437961520115658,0.18785732123035379,False
88,Asp114,1.147,0.11074896538267673,1.0176666666666667,0.03266156422735721,0.36418151067998533,False
89,Tyr115,1.3023333333333333,0.04972032895216109,1.1753333333333333,0.08691055427532625,0.28949846455152006,False
92,Cys118,0.9803333333333333,0.05683113387728399,0.914,0.07104224095564556,0.5081479514971868,False
162,Cys188,2.030666666666667,0.48570235512891813,1.9883333333333333,0.4724935037766245,0.9531844470648916,False
163,Tyr189,2.158333333333333,0.4124468989390568,1.809,0.46470743484476323,0.6043754555596218,False
164,Ala190,1.7013333333333331,0.3596319105851302,1.0366666666666668,0.2375895152942945,0.2085921452582952,False
243,Tyr374,1.3396666666666668,0.14998481404610414,1.3736666666666668,0.176512826099912,0.8905775546838087,False
263,Tyr394,1.2819999999999998,0.1631757743457445,1.344,0.1952955025937191,0.8198678281980079,False
264,Glu395,1.391,0.09444045743218314,1.289,0.17263545406433753,0.6389640748495595,False
267,Phe398,1.6746666666666667,0.2387357907348159,1.317,0.14122440771103742,0.28141361751138705,False
270,Leu401,1.107,0.008386497083606056,1.0333333333333332,0.02167435760934513,0.061822556552541263,False
271,Trp402,1.0103333333333333,0.06450409117085344,0.7046666666666667,0.015559920022645118,0.035615938785130884,True
