Residue,New Name,Replica 1,Replica 2,Replica 3
R:A:SER:93,Ser112,,,0.6705940594059406
R:A:TYR:409,Tyr404,,0.13861386138613863,0.10742574257425742
R:A:ALA:174,Ala193,1.2403960396039604,0.46029702970297026,-1.3501980198019803
R:A:VAL:94,Val113,-0.09336633663366337,-0.9596039603960396,1.368217821782178
R:A:PHE:178,Phe197,2.5887128712871283,-2.1466336633663365,-0.2196039603960396
R:A:THR:173,Thr192,1.3752475247524754,-0.6241584158415842,-0.7445544554455444
R:A:LEU:164,Leu183,-0.25346534653465347,-0.02455445544554456,0.21950495049504948
R:A:TYR:413,Tyr408,,,-0.024356435643564357
R:A:ILE:55,Ile74,,,-0.0348
R:A:SER:90,Ser109,2.39960396039604,-3.6441584158415843,0.7010891089108912
R:A:CYS:412,Cys407,-0.7365346534653465,-0.01930693069306931,-0.4305940594059406
R:A:THR:170,Thr189,-0.19851485148514852,-1.3384158415841585,-0.5865346534653465
R:A:TRP:138,Trp157,-2.1335643564356435,,-0.4718811881188119
R:A:VAL:390,Val385,-3.4535643564356437,-0.9617821782178217,-0.22970297029702968
R:A:ASN:387,Asn382,-0.8433663366336634,-2.1845544554455443,-1.957821782178218
R:A:GLN:91,Gln110,-1.5443564356435642,-1.801980198019802,
R:A:TYR:87,Tyr106,-3.7044,-2.0272,0.489009900990099
R:A:TYR:386,Tyr381,-3.491782178217822,-0.7830693069306931,-1.2883168316831684
R:A:ALA:177,Ala196,-3.382970297029703,-3.0073267326732673,-2.896237623762376
R:A:TRP:383,Trp378,-3.6469306930693066,-2.298811881188119,-3.9673267326732673
