Residue,New Name,MeanAcrossFrames
R:A:SER:93,Ser112,0.6705940594059406
R:A:TYR:409,Tyr404,0.123019801980198
R:A:ALA:174,Ala193,0.11683168316831688
R:A:VAL:94,Val113,0.10508250825082506
R:A:PHE:178,Phe197,0.07415841584158413
R:A:THR:173,Thr192,0.002178217821782193
R:A:LEU:164,Leu183,-0.019504950495049533
R:A:TYR:413,Tyr408,-0.024356435643564357
R:A:ILE:55,Ile74,-0.0348
R:A:SER:90,Ser109,-0.18115511551155122
R:A:CYS:412,Cys407,-0.3954785478547854
R:A:THR:170,Thr189,-0.7078217821782178
R:A:TRP:138,Trp157,-1.3027227722772279
R:A:VAL:390,Val385,-1.5483498349834983
R:A:ASN:387,Asn382,-1.6619141914191418
R:A:GLN:91,Gln110,-1.6731683168316835
R:A:TYR:87,Tyr106,-1.7857095709570956
R:A:TYR:386,Tyr381,-1.854389438943894
R:A:ALA:177,Ala196,-3.095511551155116
R:A:TRP:383,Trp378,-3.3043564356435637
