Residue,New Name,MeanAcrossFrames
R:A:ILE:55,Ile74,-0.0348
R:A:LEU:164,Leu183,-0.019504950495049533
R:A:THR:173,Thr192,0.002178217821782193
R:A:TYR:413,Tyr408,-0.024356435643564357
