system,time,mean,std,n,sem
M1-CN045,0.0,0.16666666666666666,0.2886751345948129,3,0.16666666666666669
M1-CN045,0.2,0.2222222222222222,0.3849001794597505,3,0.22222222222222224
M1-CN045,0.4,0.2222222222222222,0.3849001794597505,3,0.22222222222222224
M1-CN045,0.6,0.4444444444444444,0.5091750772173156,3,0.2939723678960657
M1-CN045,0.8,0.4444444444444444,0.5091750772173156,3,0.2939723678960657
M1-CN045,1.0,0.5555555555555555,0.5091750772173156,3,0.2939723678960657
M1-CN045,1.2,0.4444444444444444,0.3849001794597505,3,0.22222222222222224
M1-CN045,1.4,0.4444444444444444,0.3849001794597505,3,0.22222222222222224
M1-CN045,1.6,0.2222222222222222,0.19245008972987526,3,0.11111111111111112
M1-CN045,1.8,0.3333333333333333,0.3333333333333333,3,0.19245008972987526
M1-CN045,2.0,0.4444444444444444,0.3849001794597505,3,0.22222222222222224
M1-CN045,2.2,0.5555555555555555,0.5091750772173156,3,0.2939723678960657
M1-CN045,2.4,0.5555555555555555,0.5091750772173156,3,0.2939723678960657
M1-CN045,2.6,0.5555555555555555,0.5091750772173156,3,0.2939723678960657
M1-CN045,2.8,0.5555555555555555,0.5091750772173156,3,0.2939723678960657
M1-CN045,3.0,0.4444444444444444,0.5091750772173156,3,0.2939723678960657
M1-CN045,3.2,0.4444444444444444,0.5091750772173156,3,0.2939723678960657
M1-CN045,3.4,0.5555555555555555,0.5091750772173156,3,0.2939723678960657
M1-CN045,3.6,0.6666666666666666,0.5773502691896258,3,0.33333333333333337
M1-CN045,3.8,0.5555555555555555,0.5091750772173156,3,0.2939723678960657
M1-CN045,4.0,0.4444444444444444,0.5091750772173156,3,0.2939723678960657
M1-CN045,4.2,0.3333333333333333,0.5773502691896258,3,0.33333333333333337
M1-CN045,4.4,0.2222222222222222,0.3849001794597505,3,0.22222222222222224
M1-CN045,4.6,0.1111111111111111,0.19245008972987526,3,0.11111111111111112
M1-CN045,4.8,0.2222222222222222,0.19245008972987526,3,0.11111111111111112
M1-CN045,5.0,0.3333333333333333,0.3333333333333333,3,0.19245008972987526
M1-CN045,5.2,0.4444444444444444,0.5091750772173156,3,0.2939723678960657
M1-CN045,5.4,0.3333333333333333,0.5773502691896258,3,0.33333333333333337
M1-CN045,5.6,0.3333333333333333,0.5773502691896258,3,0.33333333333333337
M1-CN045,5.8,0.4444444444444444,0.5091750772173156,3,0.2939723678960657
M1-CN045,6.0,0.4444444444444444,0.5091750772173156,3,0.2939723678960657
M1-CN045,6.2,0.4444444444444444,0.5091750772173156,3,0.2939723678960657
M1-CN045,6.4,0.3333333333333333,0.3333333333333333,3,0.19245008972987526
M1-CN045,6.6,0.4444444444444444,0.3849001794597505,3,0.22222222222222224
M1-CN045,6.8,0.4444444444444444,0.5091750772173156,3,0.2939723678960657
M1-CN045,7.0,0.4444444444444444,0.5091750772173156,3,0.2939723678960657
M1-CN045,7.2,0.3333333333333333,0.5773502691896258,3,0.33333333333333337
M1-CN045,7.4,0.2222222222222222,0.3849001794597505,3,0.22222222222222224
M1-CN045,7.6,0.1111111111111111,0.19245008972987526,3,0.11111111111111112
M1-CN045,7.8,0.1111111111111111,0.19245008972987526,3,0.11111111111111112
M1-CN045,8.0,0.2222222222222222,0.3849001794597505,3,0.22222222222222224
M1-CN045,8.2,0.3333333333333333,0.5773502691896258,3,0.33333333333333337
M1-CN045,8.4,0.3333333333333333,0.5773502691896258,3,0.33333333333333337
M1-CN045,8.6,0.3333333333333333,0.5773502691896258,3,0.33333333333333337
M1-CN045,8.8,0.2222222222222222,0.3849001794597505,3,0.22222222222222224
M1-CN045,9.0,0.2222222222222222,0.3849001794597505,3,0.22222222222222224
M1-CN045,9.2,0.2222222222222222,0.3849001794597505,3,0.22222222222222224
M1-CN045,9.4,0.3333333333333333,0.5773502691896258,3,0.33333333333333337
M1-CN045,9.6,0.4444444444444444,0.5091750772173156,3,0.2939723678960657
M1-CN045,9.8,0.5555555555555555,0.5091750772173156,3,0.2939723678960657
M1-CN045,10.0,0.5555555555555555,0.5091750772173156,3,0.2939723678960657
M1-CN045,10.2,0.3333333333333333,0.3333333333333333,3,0.19245008972987526
M1-CN045,10.4,0.1111111111111111,0.19245008972987526,3,0.11111111111111112
M1-CN045,10.6,0.2222222222222222,0.19245008972987526,3,0.11111111111111112
M1-CN045,10.8,0.4444444444444444,0.3849001794597505,3,0.22222222222222224
M1-CN045,11.0,0.6666666666666666,0.5773502691896258,3,0.33333333333333337
M1-CN045,11.2,0.6666666666666666,0.5773502691896258,3,0.33333333333333337
M1-CN045,11.4,0.5555555555555555,0.5091750772173156,3,0.2939723678960657
M1-CN045,11.6,0.3333333333333333,0.3333333333333333,3,0.19245008972987526
M1-CN045,11.8,0.2222222222222222,0.3849001794597505,3,0.22222222222222224
M1-CN045,12.0,0.1111111111111111,0.19245008972987526,3,0.11111111111111112
M1-CN045,12.2,0.2222222222222222,0.3849001794597505,3,0.22222222222222224
M1-CN045,12.4,0.3333333333333333,0.3333333333333333,3,0.19245008972987526
M1-CN045,12.6,0.3333333333333333,0.3333333333333333,3,0.19245008972987526
M1-CN045,12.8,0.3333333333333333,0.3333333333333333,3,0.19245008972987526
M1-CN045,13.0,0.1111111111111111,0.19245008972987526,3,0.11111111111111112
M1-CN045,13.2,0.3333333333333333,0.3333333333333333,3,0.19245008972987526
M1-CN045,13.4,0.2222222222222222,0.19245008972987526,3,0.11111111111111112
M1-CN045,13.6,0.3333333333333333,0.3333333333333333,3,0.19245008972987526
M1-CN045,13.8,0.3333333333333333,0.3333333333333333,3,0.19245008972987526
M1-CN045,14.0,0.3333333333333333,0.3333333333333333,3,0.19245008972987526
M1-CN045,14.2,0.4444444444444444,0.3849001794597505,3,0.22222222222222224
M1-CN045,14.4,0.4444444444444444,0.3849001794597505,3,0.22222222222222224
M1-CN045,14.6,0.5555555555555555,0.5091750772173156,3,0.2939723678960657
M1-CN045,14.8,0.4444444444444444,0.3849001794597505,3,0.22222222222222224
M1-CN045,15.0,0.3333333333333333,0.3333333333333333,3,0.19245008972987526
M1-CN045,15.2,0.4444444444444444,0.5091750772173156,3,0.2939723678960657
M1-CN045,15.4,0.4444444444444444,0.3849001794597505,3,0.22222222222222224
M1-CN045,15.6,0.4444444444444444,0.3849001794597505,3,0.22222222222222224
M1-CN045,15.8,0.2222222222222222,0.19245008972987526,3,0.11111111111111112
M1-CN045,16.0,0.2222222222222222,0.3849001794597505,3,0.22222222222222224
M1-CN045,16.2,0.2222222222222222,0.3849001794597505,3,0.22222222222222224
M1-CN045,16.4,0.4444444444444444,0.5091750772173156,3,0.2939723678960657
M1-CN045,16.6,0.4444444444444444,0.5091750772173156,3,0.2939723678960657
M1-CN045,16.8,0.4444444444444444,0.5091750772173156,3,0.2939723678960657
M1-CN045,17.0,0.2222222222222222,0.3849001794597505,3,0.22222222222222224
M1-CN045,17.2,0.3333333333333333,0.3333333333333333,3,0.19245008972987526
M1-CN045,17.4,0.2222222222222222,0.19245008972987526,3,0.11111111111111112
M1-CN045,17.6,0.4444444444444444,0.3849001794597505,3,0.22222222222222224
M1-CN045,17.8,0.3333333333333333,0.3333333333333333,3,0.19245008972987526
M1-CN045,18.0,0.5555555555555555,0.5091750772173156,3,0.2939723678960657
M1-CN045,18.2,0.5555555555555555,0.5091750772173156,3,0.2939723678960657
M1-CN045,18.4,0.6666666666666666,0.5773502691896258,3,0.33333333333333337
M1-CN045,18.6,0.5555555555555555,0.5091750772173156,3,0.2939723678960657
M1-CN045,18.8,0.5555555555555555,0.5091750772173156,3,0.2939723678960657
M1-CN045,19.0,0.5555555555555555,0.5091750772173156,3,0.2939723678960657
M1-CN045,19.2,0.5555555555555555,0.5091750772173156,3,0.2939723678960657
M1-CN045,19.4,0.5555555555555555,0.5091750772173156,3,0.2939723678960657
M1-CN045,19.6,0.5555555555555555,0.5091750772173156,3,0.2939723678960657
M1-CN045,19.8,0.5555555555555555,0.5091750772173156,3,0.2939723678960657
M1-CN045,20.0,0.5555555555555555,0.5091750772173156,3,0.2939723678960657
M1-CN045,20.2,0.5555555555555555,0.5091750772173156,3,0.2939723678960657
M1-CN045,20.4,0.6666666666666666,0.5773502691896258,3,0.33333333333333337
M1-CN045,20.6,0.6666666666666666,0.5773502691896258,3,0.33333333333333337
M1-CN045,20.8,0.6666666666666666,0.5773502691896258,3,0.33333333333333337
M1-CN045,21.0,0.6666666666666666,0.5773502691896258,3,0.33333333333333337
M1-CN045,21.2,0.6666666666666666,0.5773502691896258,3,0.33333333333333337
M1-CN045,21.4,0.6666666666666666,0.5773502691896258,3,0.33333333333333337
M1-CN045,21.6,0.5555555555555555,0.5091750772173156,3,0.2939723678960657
M1-CN045,21.8,0.4444444444444444,0.5091750772173156,3,0.2939723678960657
M1-CN045,22.0,0.4444444444444444,0.5091750772173156,3,0.2939723678960657
M1-CN045,22.2,0.5555555555555555,0.5091750772173156,3,0.2939723678960657
M1-CN045,22.4,0.6666666666666666,0.5773502691896258,3,0.33333333333333337
M1-CN045,22.6,0.6666666666666666,0.5773502691896258,3,0.33333333333333337
M1-CN045,22.8,0.6666666666666666,0.5773502691896258,3,0.33333333333333337
M1-CN045,23.0,0.6666666666666666,0.5773502691896258,3,0.33333333333333337
M1-CN045,23.2,0.6666666666666666,0.5773502691896258,3,0.33333333333333337
M1-CN045,23.4,0.6666666666666666,0.5773502691896258,3,0.33333333333333337
M1-CN045,23.6,0.6666666666666666,0.5773502691896258,3,0.33333333333333337
M1-CN045,23.8,0.6666666666666666,0.5773502691896258,3,0.33333333333333337
M1-CN045,24.0,0.6666666666666666,0.5773502691896258,3,0.33333333333333337
M1-CN045,24.2,0.5555555555555555,0.5091750772173156,3,0.2939723678960657
M1-CN045,24.4,0.5555555555555555,0.5091750772173156,3,0.2939723678960657
M1-CN045,24.6,0.5555555555555555,0.5091750772173156,3,0.2939723678960657
M1-CN045,24.8,0.6666666666666666,0.5773502691896258,3,0.33333333333333337
M1-CN045,25.0,0.5555555555555555,0.5091750772173156,3,0.2939723678960657
M1-CN045,25.2,0.5555555555555555,0.5091750772173156,3,0.2939723678960657
M1-CN045,25.4,0.5555555555555555,0.5091750772173156,3,0.2939723678960657
M1-CN045,25.6,0.6666666666666666,0.5773502691896258,3,0.33333333333333337
M1-CN045,25.8,0.6666666666666666,0.5773502691896258,3,0.33333333333333337
M1-CN045,26.0,0.6666666666666666,0.5773502691896258,3,0.33333333333333337
M1-CN045,26.2,0.6666666666666666,0.5773502691896258,3,0.33333333333333337
M1-CN045,26.4,0.6666666666666666,0.5773502691896258,3,0.33333333333333337
M1-CN045,26.6,0.6666666666666666,0.5773502691896258,3,0.33333333333333337
M1-CN045,26.8,0.6666666666666666,0.5773502691896258,3,0.33333333333333337
M1-CN045,27.0,0.5555555555555555,0.5091750772173156,3,0.2939723678960657
M1-CN045,27.2,0.5555555555555555,0.5091750772173156,3,0.2939723678960657
M1-CN045,27.4,0.5555555555555555,0.5091750772173156,3,0.2939723678960657
M1-CN045,27.6,0.6666666666666666,0.5773502691896258,3,0.33333333333333337
M1-CN045,27.8,0.6666666666666666,0.5773502691896258,3,0.33333333333333337
M1-CN045,28.0,0.6666666666666666,0.5773502691896258,3,0.33333333333333337
M1-CN045,28.2,0.6666666666666666,0.5773502691896258,3,0.33333333333333337
M1-CN045,28.4,0.6666666666666666,0.5773502691896258,3,0.33333333333333337
M1-CN045,28.6,0.6666666666666666,0.5773502691896258,3,0.33333333333333337
M1-CN045,28.8,0.6666666666666666,0.5773502691896258,3,0.33333333333333337
M1-CN045,29.0,0.5555555555555555,0.5091750772173156,3,0.2939723678960657
M1-CN045,29.2,0.5555555555555555,0.5091750772173156,3,0.2939723678960657
M1-CN045,29.4,0.4444444444444444,0.5091750772173156,3,0.2939723678960657
M1-CN045,29.6,0.4444444444444444,0.5091750772173156,3,0.2939723678960657
M1-CN045,29.8,0.4444444444444444,0.5091750772173156,3,0.2939723678960657
M1-CN045,30.0,0.4444444444444444,0.5091750772173156,3,0.2939723678960657
M1-CN045,30.2,0.5555555555555555,0.5091750772173156,3,0.2939723678960657
M1-CN045,30.4,0.4444444444444444,0.5091750772173156,3,0.2939723678960657
M1-CN045,30.6,0.4444444444444444,0.5091750772173156,3,0.2939723678960657
M1-CN045,30.8,0.4444444444444444,0.5091750772173156,3,0.2939723678960657
M1-CN045,31.0,0.4444444444444444,0.3849001794597505,3,0.22222222222222224
M1-CN045,31.2,0.5555555555555555,0.5091750772173156,3,0.2939723678960657
M1-CN045,31.4,0.5555555555555555,0.5091750772173156,3,0.2939723678960657
M1-CN045,31.6,0.6666666666666666,0.5773502691896258,3,0.33333333333333337
M1-CN045,31.8,0.6666666666666666,0.5773502691896258,3,0.33333333333333337
M1-CN045,32.0,0.6666666666666666,0.5773502691896258,3,0.33333333333333337
M1-CN045,32.2,0.6666666666666666,0.5773502691896258,3,0.33333333333333337
M1-CN045,32.4,0.5555555555555555,0.5091750772173156,3,0.2939723678960657
M1-CN045,32.6,0.5555555555555555,0.5091750772173156,3,0.2939723678960657
M1-CN045,32.8,0.5555555555555555,0.5091750772173156,3,0.2939723678960657
M1-CN045,33.0,0.6666666666666666,0.5773502691896258,3,0.33333333333333337
M1-CN045,33.2,0.6666666666666666,0.5773502691896258,3,0.33333333333333337
M1-CN045,33.4,0.6666666666666666,0.5773502691896258,3,0.33333333333333337
M1-CN045,33.6,0.6666666666666666,0.5773502691896258,3,0.33333333333333337
M1-CN045,33.8,0.6666666666666666,0.5773502691896258,3,0.33333333333333337
M1-CN045,34.0,0.6666666666666666,0.5773502691896258,3,0.33333333333333337
M1-CN045,34.2,0.6666666666666666,0.5773502691896258,3,0.33333333333333337
M1-CN045,34.4,0.6666666666666666,0.5773502691896258,3,0.33333333333333337
M1-CN045,34.6,0.6666666666666666,0.5773502691896258,3,0.33333333333333337
M1-CN045,34.8,0.6666666666666666,0.5773502691896258,3,0.33333333333333337
M1-CN045,35.0,0.6666666666666666,0.5773502691896258,3,0.33333333333333337
M1-CN045,35.2,0.6666666666666666,0.5773502691896258,3,0.33333333333333337
M1-CN045,35.4,0.6666666666666666,0.5773502691896258,3,0.33333333333333337
M1-CN045,35.6,0.6666666666666666,0.5773502691896258,3,0.33333333333333337
M1-CN045,35.8,0.6666666666666666,0.5773502691896258,3,0.33333333333333337
M1-CN045,36.0,0.6666666666666666,0.5773502691896258,3,0.33333333333333337
M1-CN045,36.2,0.5555555555555555,0.5091750772173156,3,0.2939723678960657
M1-CN045,36.4,0.4444444444444444,0.3849001794597505,3,0.22222222222222224
M1-CN045,36.6,0.4444444444444444,0.3849001794597505,3,0.22222222222222224
M1-CN045,36.8,0.5555555555555555,0.5091750772173156,3,0.2939723678960657
M1-CN045,37.0,0.5555555555555555,0.5091750772173156,3,0.2939723678960657
M1-CN045,37.2,0.5555555555555555,0.5091750772173156,3,0.2939723678960657
M1-CN045,37.4,0.5555555555555555,0.5091750772173156,3,0.2939723678960657
M1-CN045,37.6,0.5555555555555555,0.5091750772173156,3,0.2939723678960657
M1-CN045,37.8,0.4444444444444444,0.3849001794597505,3,0.22222222222222224
M1-CN045,38.0,0.4444444444444444,0.3849001794597505,3,0.22222222222222224
M1-CN045,38.2,0.4444444444444444,0.5091750772173156,3,0.2939723678960657
M1-CN045,38.4,0.4444444444444444,0.3849001794597505,3,0.22222222222222224
M1-CN045,38.6,0.3333333333333333,0.3333333333333333,3,0.19245008972987526
M1-CN045,38.8,0.3333333333333333,0.3333333333333333,3,0.19245008972987526
M1-CN045,39.0,0.4444444444444444,0.3849001794597505,3,0.22222222222222224
M1-CN045,39.2,0.5555555555555555,0.5091750772173156,3,0.2939723678960657
M1-CN045,39.4,0.5555555555555555,0.5091750772173156,3,0.2939723678960657
M1-CN045,39.6,0.5555555555555555,0.5091750772173156,3,0.2939723678960657
M1-CN045,39.8,0.5555555555555555,0.5091750772173156,3,0.2939723678960657
M1-CN045,40.0,0.4444444444444444,0.3849001794597505,3,0.22222222222222224
M1-CN045,40.2,0.2222222222222222,0.19245008972987526,3,0.11111111111111112
M1-CN045,40.4,0.1111111111111111,0.19245008972987526,3,0.11111111111111112
M1-CN045,40.6,0.2222222222222222,0.19245008972987526,3,0.11111111111111112
M1-CN045,40.8,0.4444444444444444,0.3849001794597505,3,0.22222222222222224
M1-CN045,41.0,0.4444444444444444,0.3849001794597505,3,0.22222222222222224
M1-CN045,41.2,0.5555555555555555,0.5091750772173156,3,0.2939723678960657
M1-CN045,41.4,0.5555555555555555,0.5091750772173156,3,0.2939723678960657
M1-CN045,41.6,0.4444444444444444,0.3849001794597505,3,0.22222222222222224
M1-CN045,41.8,0.4444444444444444,0.3849001794597505,3,0.22222222222222224
M1-CN045,42.0,0.3333333333333333,0.3333333333333333,3,0.19245008972987526
M1-CN045,42.2,0.4444444444444444,0.5091750772173156,3,0.2939723678960657
M1-CN045,42.4,0.4444444444444444,0.5091750772173156,3,0.2939723678960657
M1-CN045,42.6,0.4444444444444444,0.3849001794597505,3,0.22222222222222224
M1-CN045,42.8,0.4444444444444444,0.5091750772173156,3,0.2939723678960657
M1-CN045,43.0,0.3333333333333333,0.3333333333333333,3,0.19245008972987526
M1-CN045,43.2,0.3333333333333333,0.3333333333333333,3,0.19245008972987526
M1-CN045,43.4,0.3333333333333333,0.3333333333333333,3,0.19245008972987526
M1-CN045,43.6,0.2222222222222222,0.3849001794597505,3,0.22222222222222224
M1-CN045,43.8,0.1111111111111111,0.19245008972987526,3,0.11111111111111112
M1-CN045,44.0,0.0,0.0,3,0.0
M1-CN045,44.2,0.1111111111111111,0.19245008972987526,3,0.11111111111111112
M1-CN045,44.4,0.3333333333333333,0.3333333333333333,3,0.19245008972987526
M1-CN045,44.6,0.5555555555555555,0.5091750772173156,3,0.2939723678960657
M1-CN045,44.8,0.6666666666666666,0.5773502691896258,3,0.33333333333333337
M1-CN045,45.0,0.5555555555555555,0.5091750772173156,3,0.2939723678960657
M1-CN045,45.2,0.4444444444444444,0.5091750772173156,3,0.2939723678960657
M1-CN045,45.4,0.3333333333333333,0.5773502691896258,3,0.33333333333333337
M1-CN045,45.6,0.4444444444444444,0.5091750772173156,3,0.2939723678960657
M1-CN045,45.8,0.5555555555555555,0.5091750772173156,3,0.2939723678960657
M1-CN045,46.0,0.6666666666666666,0.5773502691896258,3,0.33333333333333337
M1-CN045,46.2,0.5555555555555555,0.5091750772173156,3,0.2939723678960657
M1-CN045,46.4,0.5555555555555555,0.5091750772173156,3,0.2939723678960657
M1-CN045,46.6,0.4444444444444444,0.3849001794597505,3,0.22222222222222224
M1-CN045,46.8,0.4444444444444444,0.5091750772173156,3,0.2939723678960657
M1-CN045,47.0,0.3333333333333333,0.3333333333333333,3,0.19245008972987526
M1-CN045,47.2,0.3333333333333333,0.3333333333333333,3,0.19245008972987526
M1-CN045,47.4,0.3333333333333333,0.3333333333333333,3,0.19245008972987526
M1-CN045,47.6,0.3333333333333333,0.5773502691896258,3,0.33333333333333337
M1-CN045,47.8,0.3333333333333333,0.5773502691896258,3,0.33333333333333337
M1-CN045,48.0,0.2222222222222222,0.3849001794597505,3,0.22222222222222224
M1-CN045,48.2,0.3333333333333333,0.3333333333333333,3,0.19245008972987526
M1-CN045,48.4,0.3333333333333333,0.3333333333333333,3,0.19245008972987526
M1-CN045,48.6,0.4444444444444444,0.5091750772173156,3,0.2939723678960657
M1-CN045,48.8,0.3333333333333333,0.5773502691896258,3,0.33333333333333337
M1-CN045,49.0,0.3333333333333333,0.5773502691896258,3,0.33333333333333337
M1-CN045,49.2,0.3333333333333333,0.5773502691896258,3,0.33333333333333337
M1-CN045,49.4,0.3333333333333333,0.5773502691896258,3,0.33333333333333337
M1-CN045,49.6,0.3333333333333333,0.5773502691896258,3,0.33333333333333337
M1-CN045,49.8,0.3333333333333333,0.5773502691896258,3,0.33333333333333337
M1-CN045,50.0,0.3333333333333333,0.5773502691896258,3,0.33333333333333337
M1-CN045,50.2,0.3333333333333333,0.5773502691896258,3,0.33333333333333337
M1-CN045,50.4,0.3333333333333333,0.5773502691896258,3,0.33333333333333337
M1-CN045,50.6,0.3333333333333333,0.5773502691896258,3,0.33333333333333337
M1-CN045,50.8,0.4444444444444444,0.5091750772173156,3,0.2939723678960657
M1-CN045,51.0,0.5555555555555555,0.5091750772173156,3,0.2939723678960657
M1-CN045,51.2,0.5555555555555555,0.5091750772173156,3,0.2939723678960657
M1-CN045,51.4,0.4444444444444444,0.5091750772173156,3,0.2939723678960657
M1-CN045,51.6,0.3333333333333333,0.5773502691896258,3,0.33333333333333337
M1-CN045,51.8,0.3333333333333333,0.5773502691896258,3,0.33333333333333337
M1-CN045,52.0,0.2222222222222222,0.3849001794597505,3,0.22222222222222224
M1-CN045,52.2,0.2222222222222222,0.3849001794597505,3,0.22222222222222224
M1-CN045,52.4,0.2222222222222222,0.3849001794597505,3,0.22222222222222224
M1-CN045,52.6,0.3333333333333333,0.5773502691896258,3,0.33333333333333337
M1-CN045,52.8,0.2222222222222222,0.3849001794597505,3,0.22222222222222224
M1-CN045,53.0,0.1111111111111111,0.19245008972987526,3,0.11111111111111112
M1-CN045,53.2,0.0,0.0,3,0.0
M1-CN045,53.4,0.0,0.0,3,0.0
M1-CN045,53.6,0.0,0.0,3,0.0
M1-CN045,53.8,0.0,0.0,3,0.0
M1-CN045,54.0,0.0,0.0,3,0.0
M1-CN045,54.2,0.0,0.0,3,0.0
M1-CN045,54.4,0.0,0.0,3,0.0
M1-CN045,54.6,0.0,0.0,3,0.0
M1-CN045,54.8,0.0,0.0,3,0.0
M1-CN045,55.0,0.0,0.0,3,0.0
M1-CN045,55.2,0.0,0.0,3,0.0
M1-CN045,55.4,0.0,0.0,3,0.0
M1-CN045,55.6,0.0,0.0,3,0.0
M1-CN045,55.8,0.0,0.0,3,0.0
M1-CN045,56.0,0.0,0.0,3,0.0
M1-CN045,56.2,0.0,0.0,3,0.0
M1-CN045,56.4,0.0,0.0,3,0.0
M1-CN045,56.6,0.0,0.0,3,0.0
M1-CN045,56.8,0.0,0.0,3,0.0
M1-CN045,57.0,0.0,0.0,3,0.0
M1-CN045,57.2,0.0,0.0,3,0.0
M1-CN045,57.4,0.0,0.0,3,0.0
M1-CN045,57.6,0.0,0.0,3,0.0
M1-CN045,57.8,0.0,0.0,3,0.0
M1-CN045,58.0,0.0,0.0,3,0.0
M1-CN045,58.2,0.0,0.0,3,0.0
M1-CN045,58.4,0.0,0.0,3,0.0
M1-CN045,58.6,0.0,0.0,3,0.0
M1-CN045,58.8,0.0,0.0,3,0.0
M1-CN045,59.0,0.0,0.0,3,0.0
M1-CN045,59.2,0.0,0.0,3,0.0
M1-CN045,59.4,0.0,0.0,3,0.0
M1-CN045,59.6,0.0,0.0,3,0.0
M1-CN045,59.8,0.1111111111111111,0.19245008972987526,3,0.11111111111111112
M1-CN045,60.0,0.2222222222222222,0.3849001794597505,3,0.22222222222222224
M1-CN045,60.2,0.3333333333333333,0.5773502691896258,3,0.33333333333333337
M1-CN045,60.4,0.3333333333333333,0.5773502691896258,3,0.33333333333333337
M1-CN045,60.6,0.3333333333333333,0.5773502691896258,3,0.33333333333333337
M1-CN045,60.8,0.2222222222222222,0.3849001794597505,3,0.22222222222222224
M1-CN045,61.0,0.1111111111111111,0.19245008972987526,3,0.11111111111111112
M1-CN045,61.2,0.1111111111111111,0.19245008972987526,3,0.11111111111111112
M1-CN045,61.4,0.2222222222222222,0.3849001794597505,3,0.22222222222222224
M1-CN045,61.6,0.2222222222222222,0.3849001794597505,3,0.22222222222222224
M1-CN045,61.8,0.2222222222222222,0.3849001794597505,3,0.22222222222222224
M1-CN045,62.0,0.2222222222222222,0.3849001794597505,3,0.22222222222222224
M1-CN045,62.2,0.3333333333333333,0.5773502691896258,3,0.33333333333333337
M1-CN045,62.4,0.3333333333333333,0.5773502691896258,3,0.33333333333333337
M1-CN045,62.6,0.2222222222222222,0.3849001794597505,3,0.22222222222222224
M1-CN045,62.8,0.2222222222222222,0.3849001794597505,3,0.22222222222222224
M1-CN045,63.0,0.2222222222222222,0.3849001794597505,3,0.22222222222222224
M1-CN045,63.2,0.3333333333333333,0.5773502691896258,3,0.33333333333333337
M1-CN045,63.4,0.2222222222222222,0.3849001794597505,3,0.22222222222222224
M1-CN045,63.6,0.1111111111111111,0.19245008972987526,3,0.11111111111111112
M1-CN045,63.8,0.1111111111111111,0.19245008972987526,3,0.11111111111111112
M1-CN045,64.0,0.2222222222222222,0.3849001794597505,3,0.22222222222222224
M1-CN045,64.2,0.3333333333333333,0.5773502691896258,3,0.33333333333333337
M1-CN045,64.4,0.2222222222222222,0.3849001794597505,3,0.22222222222222224
M1-CN045,64.6,0.2222222222222222,0.3849001794597505,3,0.22222222222222224
M1-CN045,64.8,0.2222222222222222,0.3849001794597505,3,0.22222222222222224
M1-CN045,65.0,0.2222222222222222,0.3849001794597505,3,0.22222222222222224
M1-CN045,65.2,0.1111111111111111,0.19245008972987526,3,0.11111111111111112
M1-CN045,65.4,0.1111111111111111,0.19245008972987526,3,0.11111111111111112
M1-CN045,65.6,0.2222222222222222,0.3849001794597505,3,0.22222222222222224
M1-CN045,65.8,0.3333333333333333,0.5773502691896258,3,0.33333333333333337
M1-CN045,66.0,0.3333333333333333,0.5773502691896258,3,0.33333333333333337
M1-CN045,66.2,0.3333333333333333,0.5773502691896258,3,0.33333333333333337
M1-CN045,66.4,0.2222222222222222,0.3849001794597505,3,0.22222222222222224
M1-CN045,66.6,0.2222222222222222,0.3849001794597505,3,0.22222222222222224
M1-CN045,66.8,0.2222222222222222,0.3849001794597505,3,0.22222222222222224
M1-CN045,67.0,0.3333333333333333,0.5773502691896258,3,0.33333333333333337
M1-CN045,67.2,0.3333333333333333,0.5773502691896258,3,0.33333333333333337
M1-CN045,67.4,0.3333333333333333,0.5773502691896258,3,0.33333333333333337
M1-CN045,67.6,0.3333333333333333,0.5773502691896258,3,0.33333333333333337
M1-CN045,67.8,0.2222222222222222,0.3849001794597505,3,0.22222222222222224
M1-CN045,68.0,0.2222222222222222,0.3849001794597505,3,0.22222222222222224
M1-CN045,68.2,0.1111111111111111,0.19245008972987526,3,0.11111111111111112
M1-CN045,68.4,0.2222222222222222,0.3849001794597505,3,0.22222222222222224
M1-CN045,68.6,0.1111111111111111,0.19245008972987526,3,0.11111111111111112
M1-CN045,68.8,0.2222222222222222,0.3849001794597505,3,0.22222222222222224
M1-CN045,69.0,0.2222222222222222,0.3849001794597505,3,0.22222222222222224
M1-CN045,69.2,0.3333333333333333,0.5773502691896258,3,0.33333333333333337
M1-CN045,69.4,0.3333333333333333,0.5773502691896258,3,0.33333333333333337
M1-CN045,69.6,0.3333333333333333,0.5773502691896258,3,0.33333333333333337
M1-CN045,69.8,0.3333333333333333,0.5773502691896258,3,0.33333333333333337
M1-CN045,70.0,0.3333333333333333,0.5773502691896258,3,0.33333333333333337
M1-CN045,70.2,0.2222222222222222,0.3849001794597505,3,0.22222222222222224
M1-CN045,70.4,0.2222222222222222,0.3849001794597505,3,0.22222222222222224
M1-CN045,70.6,0.1111111111111111,0.19245008972987526,3,0.11111111111111112
M1-CN045,70.8,0.2222222222222222,0.3849001794597505,3,0.22222222222222224
M1-CN045,71.0,0.2222222222222222,0.3849001794597505,3,0.22222222222222224
M1-CN045,71.2,0.3333333333333333,0.5773502691896258,3,0.33333333333333337
M1-CN045,71.4,0.2222222222222222,0.3849001794597505,3,0.22222222222222224
M1-CN045,71.6,0.2222222222222222,0.3849001794597505,3,0.22222222222222224
M1-CN045,71.8,0.1111111111111111,0.19245008972987526,3,0.11111111111111112
M1-CN045,72.0,0.2222222222222222,0.3849001794597505,3,0.22222222222222224
M1-CN045,72.2,0.2222222222222222,0.3849001794597505,3,0.22222222222222224
M1-CN045,72.4,0.3333333333333333,0.5773502691896258,3,0.33333333333333337
M1-CN045,72.6,0.3333333333333333,0.5773502691896258,3,0.33333333333333337
M1-CN045,72.8,0.3333333333333333,0.5773502691896258,3,0.33333333333333337
M1-CN045,73.0,0.2222222222222222,0.3849001794597505,3,0.22222222222222224
M1-CN045,73.2,0.2222222222222222,0.3849001794597505,3,0.22222222222222224
M1-CN045,73.4,0.2222222222222222,0.3849001794597505,3,0.22222222222222224
M1-CN045,73.6,0.3333333333333333,0.5773502691896258,3,0.33333333333333337
M1-CN045,73.8,0.3333333333333333,0.5773502691896258,3,0.33333333333333337
M1-CN045,74.0,0.3333333333333333,0.5773502691896258,3,0.33333333333333337
M1-CN045,74.2,0.3333333333333333,0.5773502691896258,3,0.33333333333333337
M1-CN045,74.4,0.3333333333333333,0.5773502691896258,3,0.33333333333333337
M1-CN045,74.6,0.3333333333333333,0.5773502691896258,3,0.33333333333333337
M1-CN045,74.8,0.3333333333333333,0.5773502691896258,3,0.33333333333333337
M1-CN045,75.0,0.2222222222222222,0.3849001794597505,3,0.22222222222222224
M1-CN045,75.2,0.1111111111111111,0.19245008972987526,3,0.11111111111111112
M1-CN045,75.4,0.1111111111111111,0.19245008972987526,3,0.11111111111111112
M1-CN045,75.6,0.1111111111111111,0.19245008972987526,3,0.11111111111111112
M1-CN045,75.8,0.2222222222222222,0.3849001794597505,3,0.22222222222222224
M1-CN045,76.0,0.1111111111111111,0.19245008972987526,3,0.11111111111111112
M1-CN045,76.2,0.2222222222222222,0.3849001794597505,3,0.22222222222222224
M1-CN045,76.4,0.2222222222222222,0.3849001794597505,3,0.22222222222222224
M1-CN045,76.6,0.3333333333333333,0.5773502691896258,3,0.33333333333333337
M1-CN045,76.8,0.2222222222222222,0.3849001794597505,3,0.22222222222222224
M1-CN045,77.0,0.2222222222222222,0.3849001794597505,3,0.22222222222222224
M1-CN045,77.2,0.1111111111111111,0.19245008972987526,3,0.11111111111111112
M1-CN045,77.4,0.2222222222222222,0.3849001794597505,3,0.22222222222222224
M1-CN045,77.6,0.2222222222222222,0.3849001794597505,3,0.22222222222222224
M1-CN045,77.8,0.2222222222222222,0.3849001794597505,3,0.22222222222222224
M1-CN045,78.0,0.1111111111111111,0.19245008972987526,3,0.11111111111111112
M1-CN045,78.2,0.0,0.0,3,0.0
M1-CN045,78.4,0.0,0.0,3,0.0
M1-CN045,78.6,0.1111111111111111,0.19245008972987526,3,0.11111111111111112
M1-CN045,78.8,0.1111111111111111,0.19245008972987526,3,0.11111111111111112
M1-CN045,79.0,0.2222222222222222,0.3849001794597505,3,0.22222222222222224
M1-CN045,79.2,0.1111111111111111,0.19245008972987526,3,0.11111111111111112
M1-CN045,79.4,0.2222222222222222,0.3849001794597505,3,0.22222222222222224
M1-CN045,79.6,0.2222222222222222,0.3849001794597505,3,0.22222222222222224
M1-CN045,79.8,0.3333333333333333,0.5773502691896258,3,0.33333333333333337
M1-CN045,80.0,0.3333333333333333,0.5773502691896258,3,0.33333333333333337
M1-CN045,80.2,0.2222222222222222,0.3849001794597505,3,0.22222222222222224
M1-CN045,80.4,0.2222222222222222,0.3849001794597505,3,0.22222222222222224
M1-CN045,80.6,0.1111111111111111,0.19245008972987526,3,0.11111111111111112
M1-CN045,80.8,0.2222222222222222,0.3849001794597505,3,0.22222222222222224
M1-CN045,81.0,0.1111111111111111,0.19245008972987526,3,0.11111111111111112
M1-CN045,81.2,0.2222222222222222,0.3849001794597505,3,0.22222222222222224
M1-CN045,81.4,0.2222222222222222,0.3849001794597505,3,0.22222222222222224
M1-CN045,81.6,0.2222222222222222,0.3849001794597505,3,0.22222222222222224
M1-CN045,81.8,0.1111111111111111,0.19245008972987526,3,0.11111111111111112
M1-CN045,82.0,0.1111111111111111,0.19245008972987526,3,0.11111111111111112
M1-CN045,82.2,0.2222222222222222,0.3849001794597505,3,0.22222222222222224
M1-CN045,82.4,0.2222222222222222,0.3849001794597505,3,0.22222222222222224
M1-CN045,82.6,0.2222222222222222,0.3849001794597505,3,0.22222222222222224
M1-CN045,82.8,0.2222222222222222,0.3849001794597505,3,0.22222222222222224
M1-CN045,83.0,0.3333333333333333,0.5773502691896258,3,0.33333333333333337
M1-CN045,83.2,0.2222222222222222,0.3849001794597505,3,0.22222222222222224
M1-CN045,83.4,0.2222222222222222,0.3849001794597505,3,0.22222222222222224
M1-CN045,83.6,0.2222222222222222,0.3849001794597505,3,0.22222222222222224
M1-CN045,83.8,0.2222222222222222,0.3849001794597505,3,0.22222222222222224
M1-CN045,84.0,0.2222222222222222,0.3849001794597505,3,0.22222222222222224
M1-CN045,84.2,0.2222222222222222,0.3849001794597505,3,0.22222222222222224
M1-CN045,84.4,0.2222222222222222,0.3849001794597505,3,0.22222222222222224
M1-CN045,84.6,0.2222222222222222,0.3849001794597505,3,0.22222222222222224
M1-CN045,84.8,0.1111111111111111,0.19245008972987526,3,0.11111111111111112
M1-CN045,85.0,0.1111111111111111,0.19245008972987526,3,0.11111111111111112
M1-CN045,85.2,0.1111111111111111,0.19245008972987526,3,0.11111111111111112
M1-CN045,85.4,0.1111111111111111,0.19245008972987526,3,0.11111111111111112
M1-CN045,85.6,0.2222222222222222,0.3849001794597505,3,0.22222222222222224
M1-CN045,85.8,0.2222222222222222,0.3849001794597505,3,0.22222222222222224
M1-CN045,86.0,0.3333333333333333,0.5773502691896258,3,0.33333333333333337
M1-CN045,86.2,0.3333333333333333,0.5773502691896258,3,0.33333333333333337
M1-CN045,86.4,0.2222222222222222,0.3849001794597505,3,0.22222222222222224
M1-CN045,86.6,0.2222222222222222,0.3849001794597505,3,0.22222222222222224
M1-CN045,86.8,0.2222222222222222,0.3849001794597505,3,0.22222222222222224
M1-CN045,87.0,0.3333333333333333,0.5773502691896258,3,0.33333333333333337
M1-CN045,87.2,0.3333333333333333,0.5773502691896258,3,0.33333333333333337
M1-CN045,87.4,0.3333333333333333,0.5773502691896258,3,0.33333333333333337
M1-CN045,87.6,0.3333333333333333,0.5773502691896258,3,0.33333333333333337
M1-CN045,87.8,0.3333333333333333,0.5773502691896258,3,0.33333333333333337
M1-CN045,88.0,0.3333333333333333,0.5773502691896258,3,0.33333333333333337
M1-CN045,88.2,0.3333333333333333,0.5773502691896258,3,0.33333333333333337
M1-CN045,88.4,0.3333333333333333,0.5773502691896258,3,0.33333333333333337
M1-CN045,88.6,0.3333333333333333,0.5773502691896258,3,0.33333333333333337
M1-CN045,88.8,0.2222222222222222,0.3849001794597505,3,0.22222222222222224
M1-CN045,89.0,0.2222222222222222,0.3849001794597505,3,0.22222222222222224
M1-CN045,89.2,0.2222222222222222,0.3849001794597505,3,0.22222222222222224
M1-CN045,89.4,0.3333333333333333,0.5773502691896258,3,0.33333333333333337
M1-CN045,89.6,0.3333333333333333,0.5773502691896258,3,0.33333333333333337
M1-CN045,89.8,0.2222222222222222,0.3849001794597505,3,0.22222222222222224
M1-CN045,90.0,0.2222222222222222,0.3849001794597505,3,0.22222222222222224
M1-CN045,90.2,0.1111111111111111,0.19245008972987526,3,0.11111111111111112
M1-CN045,90.4,0.2222222222222222,0.3849001794597505,3,0.22222222222222224
M1-CN045,90.6,0.2222222222222222,0.3849001794597505,3,0.22222222222222224
M1-CN045,90.8,0.3333333333333333,0.5773502691896258,3,0.33333333333333337
M1-CN045,91.0,0.3333333333333333,0.5773502691896258,3,0.33333333333333337
M1-CN045,91.2,0.3333333333333333,0.5773502691896258,3,0.33333333333333337
M1-CN045,91.4,0.2222222222222222,0.3849001794597505,3,0.22222222222222224
M1-CN045,91.6,0.2222222222222222,0.3849001794597505,3,0.22222222222222224
M1-CN045,91.8,0.2222222222222222,0.3849001794597505,3,0.22222222222222224
M1-CN045,92.0,0.3333333333333333,0.5773502691896258,3,0.33333333333333337
M1-CN045,92.2,0.3333333333333333,0.5773502691896258,3,0.33333333333333337
M1-CN045,92.4,0.2222222222222222,0.3849001794597505,3,0.22222222222222224
M1-CN045,92.6,0.1111111111111111,0.19245008972987526,3,0.11111111111111112
M1-CN045,92.8,0.1111111111111111,0.19245008972987526,3,0.11111111111111112
M1-CN045,93.0,0.2222222222222222,0.3849001794597505,3,0.22222222222222224
M1-CN045,93.2,0.3333333333333333,0.5773502691896258,3,0.33333333333333337
M1-CN045,93.4,0.3333333333333333,0.5773502691896258,3,0.33333333333333337
M1-CN045,93.6,0.2222222222222222,0.3849001794597505,3,0.22222222222222224
M1-CN045,93.8,0.2222222222222222,0.3849001794597505,3,0.22222222222222224
M1-CN045,94.0,0.2222222222222222,0.3849001794597505,3,0.22222222222222224
M1-CN045,94.2,0.2222222222222222,0.3849001794597505,3,0.22222222222222224
M1-CN045,94.4,0.1111111111111111,0.19245008972987526,3,0.11111111111111112
M1-CN045,94.6,0.0,0.0,3,0.0
M1-CN045,94.8,0.0,0.0,3,0.0
M1-CN045,95.0,0.1111111111111111,0.19245008972987526,3,0.11111111111111112
M1-CN045,95.2,0.2222222222222222,0.3849001794597505,3,0.22222222222222224
M1-CN045,95.4,0.3333333333333333,0.5773502691896258,3,0.33333333333333337
M1-CN045,95.6,0.3333333333333333,0.5773502691896258,3,0.33333333333333337
M1-CN045,95.8,0.2222222222222222,0.3849001794597505,3,0.22222222222222224
M1-CN045,96.0,0.2222222222222222,0.3849001794597505,3,0.22222222222222224
M1-CN045,96.2,0.1111111111111111,0.19245008972987526,3,0.11111111111111112
M1-CN045,96.4,0.2222222222222222,0.3849001794597505,3,0.22222222222222224
M1-CN045,96.6,0.2222222222222222,0.3849001794597505,3,0.22222222222222224
M1-CN045,96.8,0.3333333333333333,0.5773502691896258,3,0.33333333333333337
M1-CN045,97.0,0.3333333333333333,0.5773502691896258,3,0.33333333333333337
M1-CN045,97.2,0.3333333333333333,0.5773502691896258,3,0.33333333333333337
M1-CN045,97.4,0.2222222222222222,0.3849001794597505,3,0.22222222222222224
M1-CN045,97.6,0.1111111111111111,0.19245008972987526,3,0.11111111111111112
M1-CN045,97.8,0.0,0.0,3,0.0
M1-CN045,98.0,0.0,0.0,3,0.0
M1-CN045,98.2,0.0,0.0,3,0.0
M1-CN045,98.4,0.0,0.0,3,0.0
M1-CN045,98.6,0.0,0.0,3,0.0
M1-CN045,98.8,0.1111111111111111,0.19245008972987526,3,0.11111111111111112
M1-CN045,99.0,0.2222222222222222,0.3849001794597505,3,0.22222222222222224
M1-CN045,99.2,0.2222222222222222,0.3849001794597505,3,0.22222222222222224
M1-CN045,99.4,0.1111111111111111,0.19245008972987526,3,0.11111111111111112
M1-CN045,99.6,0.1111111111111111,0.19245008972987526,3,0.11111111111111112
M1-CN045,99.8,0.2222222222222222,0.3849001794597505,3,0.22222222222222224
M1-CN045,100.0,0.3333333333333333,0.5773502691896258,3,0.33333333333333337
M1-CN045,100.2,0.3333333333333333,0.5773502691896258,3,0.33333333333333337
M1-CN045,100.4,0.3333333333333333,0.5773502691896258,3,0.33333333333333337
M1-CN045,100.6,0.3333333333333333,0.5773502691896258,3,0.33333333333333337
M1-CN045,100.8,0.3333333333333333,0.5773502691896258,3,0.33333333333333337
M1-CN045,101.0,0.3333333333333333,0.5773502691896258,3,0.33333333333333337
M1-CN045,101.2,0.3333333333333333,0.5773502691896258,3,0.33333333333333337
M1-CN045,101.4,0.3333333333333333,0.5773502691896258,3,0.33333333333333337
M1-CN045,101.6,0.2222222222222222,0.3849001794597505,3,0.22222222222222224
M1-CN045,101.8,0.2222222222222222,0.3849001794597505,3,0.22222222222222224
M1-CN045,102.0,0.1111111111111111,0.19245008972987526,3,0.11111111111111112
M1-CN045,102.2,0.1111111111111111,0.19245008972987526,3,0.11111111111111112
M1-CN045,102.4,0.1111111111111111,0.19245008972987526,3,0.11111111111111112
M1-CN045,102.6,0.2222222222222222,0.3849001794597505,3,0.22222222222222224
M1-CN045,102.8,0.3333333333333333,0.5773502691896258,3,0.33333333333333337
M1-CN045,103.0,0.2222222222222222,0.3849001794597505,3,0.22222222222222224
M1-CN045,103.2,0.2222222222222222,0.3849001794597505,3,0.22222222222222224
M1-CN045,103.4,0.2222222222222222,0.3849001794597505,3,0.22222222222222224
M1-CN045,103.6,0.2222222222222222,0.3849001794597505,3,0.22222222222222224
M1-CN045,103.8,0.2222222222222222,0.3849001794597505,3,0.22222222222222224
M1-CN045,104.0,0.2222222222222222,0.3849001794597505,3,0.22222222222222224
M1-CN045,104.2,0.3333333333333333,0.5773502691896258,3,0.33333333333333337
M1-CN045,104.4,0.3333333333333333,0.5773502691896258,3,0.33333333333333337
M1-CN045,104.6,0.3333333333333333,0.5773502691896258,3,0.33333333333333337
M1-CN045,104.8,0.3333333333333333,0.5773502691896258,3,0.33333333333333337
M1-CN045,105.0,0.3333333333333333,0.5773502691896258,3,0.33333333333333337
M1-CN045,105.2,0.3333333333333333,0.5773502691896258,3,0.33333333333333337
M1-CN045,105.4,0.3333333333333333,0.5773502691896258,3,0.33333333333333337
M1-CN045,105.6,0.3333333333333333,0.5773502691896258,3,0.33333333333333337
M1-CN045,105.8,0.3333333333333333,0.5773502691896258,3,0.33333333333333337
M1-CN045,106.0,0.3333333333333333,0.5773502691896258,3,0.33333333333333337
M1-CN045,106.2,0.2222222222222222,0.3849001794597505,3,0.22222222222222224
M1-CN045,106.4,0.1111111111111111,0.19245008972987526,3,0.11111111111111112
M1-CN045,106.6,0.1111111111111111,0.19245008972987526,3,0.11111111111111112
M1-CN045,106.8,0.2222222222222222,0.3849001794597505,3,0.22222222222222224
M1-CN045,107.0,0.2222222222222222,0.3849001794597505,3,0.22222222222222224
M1-CN045,107.2,0.2222222222222222,0.3849001794597505,3,0.22222222222222224
M1-CN045,107.4,0.2222222222222222,0.3849001794597505,3,0.22222222222222224
M1-CN045,107.6,0.2222222222222222,0.3849001794597505,3,0.22222222222222224
M1-CN045,107.8,0.1111111111111111,0.19245008972987526,3,0.11111111111111112
M1-CN045,108.0,0.0,0.0,3,0.0
M1-CN045,108.2,0.1111111111111111,0.19245008972987526,3,0.11111111111111112
M1-CN045,108.4,0.1111111111111111,0.19245008972987526,3,0.11111111111111112
M1-CN045,108.6,0.1111111111111111,0.19245008972987526,3,0.11111111111111112
M1-CN045,108.8,0.0,0.0,3,0.0
M1-CN045,109.0,0.1111111111111111,0.19245008972987526,3,0.11111111111111112
M1-CN045,109.2,0.2222222222222222,0.3849001794597505,3,0.22222222222222224
M1-CN045,109.4,0.3333333333333333,0.5773502691896258,3,0.33333333333333337
M1-CN045,109.6,0.3333333333333333,0.5773502691896258,3,0.33333333333333337
M1-CN045,109.8,0.3333333333333333,0.5773502691896258,3,0.33333333333333337
M1-CN045,110.0,0.3333333333333333,0.5773502691896258,3,0.33333333333333337
M1-CN045,110.2,0.2222222222222222,0.3849001794597505,3,0.22222222222222224
M1-CN045,110.4,0.1111111111111111,0.19245008972987526,3,0.11111111111111112
M1-CN045,110.6,0.1111111111111111,0.19245008972987526,3,0.11111111111111112
M1-CN045,110.8,0.2222222222222222,0.3849001794597505,3,0.22222222222222224
M1-CN045,111.0,0.3333333333333333,0.5773502691896258,3,0.33333333333333337
M1-CN045,111.2,0.2222222222222222,0.3849001794597505,3,0.22222222222222224
M1-CN045,111.4,0.2222222222222222,0.3849001794597505,3,0.22222222222222224
M1-CN045,111.6,0.2222222222222222,0.3849001794597505,3,0.22222222222222224
M1-CN045,111.8,0.2222222222222222,0.3849001794597505,3,0.22222222222222224
M1-CN045,112.0,0.2222222222222222,0.3849001794597505,3,0.22222222222222224
M1-CN045,112.2,0.2222222222222222,0.3849001794597505,3,0.22222222222222224
M1-CN045,112.4,0.3333333333333333,0.5773502691896258,3,0.33333333333333337
M1-CN045,112.6,0.2222222222222222,0.3849001794597505,3,0.22222222222222224
M1-CN045,112.8,0.1111111111111111,0.19245008972987526,3,0.11111111111111112
M1-CN045,113.0,0.0,0.0,3,0.0
M1-CN045,113.2,0.1111111111111111,0.19245008972987526,3,0.11111111111111112
M1-CN045,113.4,0.2222222222222222,0.3849001794597505,3,0.22222222222222224
M1-CN045,113.6,0.2222222222222222,0.3849001794597505,3,0.22222222222222224
M1-CN045,113.8,0.2222222222222222,0.3849001794597505,3,0.22222222222222224
M1-CN045,114.0,0.2222222222222222,0.3849001794597505,3,0.22222222222222224
M1-CN045,114.2,0.3333333333333333,0.5773502691896258,3,0.33333333333333337
M1-CN045,114.4,0.3333333333333333,0.5773502691896258,3,0.33333333333333337
M1-CN045,114.6,0.3333333333333333,0.5773502691896258,3,0.33333333333333337
M1-CN045,114.8,0.3333333333333333,0.5773502691896258,3,0.33333333333333337
M1-CN045,115.0,0.3333333333333333,0.5773502691896258,3,0.33333333333333337
M1-CN045,115.2,0.3333333333333333,0.5773502691896258,3,0.33333333333333337
M1-CN045,115.4,0.3333333333333333,0.5773502691896258,3,0.33333333333333337
M1-CN045,115.6,0.3333333333333333,0.5773502691896258,3,0.33333333333333337
M1-CN045,115.8,0.2222222222222222,0.3849001794597505,3,0.22222222222222224
M1-CN045,116.0,0.2222222222222222,0.3849001794597505,3,0.22222222222222224
M1-CN045,116.2,0.2222222222222222,0.3849001794597505,3,0.22222222222222224
M1-CN045,116.4,0.2222222222222222,0.3849001794597505,3,0.22222222222222224
M1-CN045,116.6,0.1111111111111111,0.19245008972987526,3,0.11111111111111112
M1-CN045,116.8,0.1111111111111111,0.19245008972987526,3,0.11111111111111112
M1-CN045,117.0,0.2222222222222222,0.3849001794597505,3,0.22222222222222224
M1-CN045,117.2,0.2222222222222222,0.3849001794597505,3,0.22222222222222224
M1-CN045,117.4,0.2222222222222222,0.3849001794597505,3,0.22222222222222224
M1-CN045,117.6,0.1111111111111111,0.19245008972987526,3,0.11111111111111112
M1-CN045,117.8,0.1111111111111111,0.19245008972987526,3,0.11111111111111112
M1-CN045,118.0,0.1111111111111111,0.19245008972987526,3,0.11111111111111112
M1-CN045,118.2,0.2222222222222222,0.3849001794597505,3,0.22222222222222224
M1-CN045,118.4,0.3333333333333333,0.5773502691896258,3,0.33333333333333337
M1-CN045,118.6,0.3333333333333333,0.5773502691896258,3,0.33333333333333337
M1-CN045,118.8,0.3333333333333333,0.5773502691896258,3,0.33333333333333337
M1-CN045,119.0,0.3333333333333333,0.5773502691896258,3,0.33333333333333337
M1-CN045,119.2,0.3333333333333333,0.5773502691896258,3,0.33333333333333337
M1-CN045,119.4,0.2222222222222222,0.3849001794597505,3,0.22222222222222224
M1-CN045,119.6,0.2222222222222222,0.3849001794597505,3,0.22222222222222224
M1-CN045,119.8,0.2222222222222222,0.3849001794597505,3,0.22222222222222224
M1-CN045,120.0,0.3333333333333333,0.5773502691896258,3,0.33333333333333337
M1-CN045,120.2,0.2222222222222222,0.3849001794597505,3,0.22222222222222224
M1-CN045,120.4,0.2222222222222222,0.3849001794597505,3,0.22222222222222224
M1-CN045,120.6,0.2222222222222222,0.3849001794597505,3,0.22222222222222224
M1-CN045,120.8,0.3333333333333333,0.5773502691896258,3,0.33333333333333337
M1-CN045,121.0,0.3333333333333333,0.5773502691896258,3,0.33333333333333337
M1-CN045,121.2,0.3333333333333333,0.5773502691896258,3,0.33333333333333337
M1-CN045,121.4,0.3333333333333333,0.5773502691896258,3,0.33333333333333337
M1-CN045,121.6,0.2222222222222222,0.3849001794597505,3,0.22222222222222224
M1-CN045,121.8,0.2222222222222222,0.3849001794597505,3,0.22222222222222224
M1-CN045,122.0,0.1111111111111111,0.19245008972987526,3,0.11111111111111112
M1-CN045,122.2,0.2222222222222222,0.3849001794597505,3,0.22222222222222224
M1-CN045,122.4,0.2222222222222222,0.3849001794597505,3,0.22222222222222224
M1-CN045,122.6,0.2222222222222222,0.3849001794597505,3,0.22222222222222224
M1-CN045,122.8,0.1111111111111111,0.19245008972987526,3,0.11111111111111112
M1-CN045,123.0,0.1111111111111111,0.19245008972987526,3,0.11111111111111112
M1-CN045,123.2,0.2222222222222222,0.3849001794597505,3,0.22222222222222224
M1-CN045,123.4,0.3333333333333333,0.5773502691896258,3,0.33333333333333337
M1-CN045,123.6,0.3333333333333333,0.5773502691896258,3,0.33333333333333337
M1-CN045,123.8,0.3333333333333333,0.5773502691896258,3,0.33333333333333337
M1-CN045,124.0,0.3333333333333333,0.5773502691896258,3,0.33333333333333337
M1-CN045,124.2,0.3333333333333333,0.5773502691896258,3,0.33333333333333337
M1-CN045,124.4,0.2222222222222222,0.3849001794597505,3,0.22222222222222224
M1-CN045,124.6,0.2222222222222222,0.3849001794597505,3,0.22222222222222224
M1-CN045,124.8,0.2222222222222222,0.3849001794597505,3,0.22222222222222224
M1-CN045,125.0,0.3333333333333333,0.5773502691896258,3,0.33333333333333337
M1-CN045,125.2,0.3333333333333333,0.5773502691896258,3,0.33333333333333337
M1-CN045,125.4,0.2222222222222222,0.3849001794597505,3,0.22222222222222224
M1-CN045,125.6,0.2222222222222222,0.3849001794597505,3,0.22222222222222224
M1-CN045,125.8,0.2222222222222222,0.3849001794597505,3,0.22222222222222224
M1-CN045,126.0,0.3333333333333333,0.5773502691896258,3,0.33333333333333337
M1-CN045,126.2,0.3333333333333333,0.5773502691896258,3,0.33333333333333337
M1-CN045,126.4,0.3333333333333333,0.5773502691896258,3,0.33333333333333337
M1-CN045,126.6,0.3333333333333333,0.5773502691896258,3,0.33333333333333337
M1-CN045,126.8,0.2222222222222222,0.3849001794597505,3,0.22222222222222224
M1-CN045,127.0,0.2222222222222222,0.3849001794597505,3,0.22222222222222224
M1-CN045,127.2,0.2222222222222222,0.3849001794597505,3,0.22222222222222224
M1-CN045,127.4,0.3333333333333333,0.5773502691896258,3,0.33333333333333337
M1-CN045,127.6,0.3333333333333333,0.5773502691896258,3,0.33333333333333337
M1-CN045,127.8,0.3333333333333333,0.5773502691896258,3,0.33333333333333337
M1-CN045,128.0,0.3333333333333333,0.5773502691896258,3,0.33333333333333337
M1-CN045,128.2,0.3333333333333333,0.5773502691896258,3,0.33333333333333337
M1-CN045,128.4,0.3333333333333333,0.5773502691896258,3,0.33333333333333337
M1-CN045,128.6,0.3333333333333333,0.5773502691896258,3,0.33333333333333337
M1-CN045,128.8,0.3333333333333333,0.5773502691896258,3,0.33333333333333337
M1-CN045,129.0,0.3333333333333333,0.5773502691896258,3,0.33333333333333337
M1-CN045,129.2,0.3333333333333333,0.5773502691896258,3,0.33333333333333337
M1-CN045,129.4,0.3333333333333333,0.5773502691896258,3,0.33333333333333337
M1-CN045,129.6,0.3333333333333333,0.5773502691896258,3,0.33333333333333337
M1-CN045,129.8,0.3333333333333333,0.5773502691896258,3,0.33333333333333337
M1-CN045,130.0,0.3333333333333333,0.5773502691896258,3,0.33333333333333337
M1-CN045,130.2,0.3333333333333333,0.5773502691896258,3,0.33333333333333337
M1-CN045,130.4,0.3333333333333333,0.5773502691896258,3,0.33333333333333337
M1-CN045,130.6,0.3333333333333333,0.5773502691896258,3,0.33333333333333337
M1-CN045,130.8,0.3333333333333333,0.5773502691896258,3,0.33333333333333337
M1-CN045,131.0,0.3333333333333333,0.5773502691896258,3,0.33333333333333337
M1-CN045,131.2,0.3333333333333333,0.5773502691896258,3,0.33333333333333337
M1-CN045,131.4,0.3333333333333333,0.5773502691896258,3,0.33333333333333337
M1-CN045,131.6,0.3333333333333333,0.5773502691896258,3,0.33333333333333337
M1-CN045,131.8,0.3333333333333333,0.5773502691896258,3,0.33333333333333337
M1-CN045,132.0,0.2222222222222222,0.3849001794597505,3,0.22222222222222224
M1-CN045,132.2,0.2222222222222222,0.3849001794597505,3,0.22222222222222224
M1-CN045,132.4,0.2222222222222222,0.3849001794597505,3,0.22222222222222224
M1-CN045,132.6,0.3333333333333333,0.5773502691896258,3,0.33333333333333337
M1-CN045,132.8,0.3333333333333333,0.5773502691896258,3,0.33333333333333337
M1-CN045,133.0,0.3333333333333333,0.5773502691896258,3,0.33333333333333337
M1-CN045,133.2,0.3333333333333333,0.5773502691896258,3,0.33333333333333337
M1-CN045,133.4,0.3333333333333333,0.5773502691896258,3,0.33333333333333337
M1-CN045,133.6,0.3333333333333333,0.5773502691896258,3,0.33333333333333337
M1-CN045,133.8,0.3333333333333333,0.5773502691896258,3,0.33333333333333337
M1-CN045,134.0,0.2222222222222222,0.3849001794597505,3,0.22222222222222224
M1-CN045,134.2,0.2222222222222222,0.3849001794597505,3,0.22222222222222224
M1-CN045,134.4,0.2222222222222222,0.3849001794597505,3,0.22222222222222224
M1-CN045,134.6,0.3333333333333333,0.5773502691896258,3,0.33333333333333337
M1-CN045,134.8,0.2222222222222222,0.3849001794597505,3,0.22222222222222224
M1-CN045,135.0,0.2222222222222222,0.3849001794597505,3,0.22222222222222224
M1-CN045,135.2,0.2222222222222222,0.3849001794597505,3,0.22222222222222224
M1-CN045,135.4,0.3333333333333333,0.5773502691896258,3,0.33333333333333337
M1-CN045,135.6,0.3333333333333333,0.5773502691896258,3,0.33333333333333337
M1-CN045,135.8,0.3333333333333333,0.5773502691896258,3,0.33333333333333337
M1-CN045,136.0,0.3333333333333333,0.5773502691896258,3,0.33333333333333337
M1-CN045,136.2,0.2222222222222222,0.3849001794597505,3,0.22222222222222224
M1-CN045,136.4,0.2222222222222222,0.3849001794597505,3,0.22222222222222224
M1-CN045,136.6,0.2222222222222222,0.3849001794597505,3,0.22222222222222224
M1-CN045,136.8,0.3333333333333333,0.5773502691896258,3,0.33333333333333337
M1-CN045,137.0,0.3333333333333333,0.5773502691896258,3,0.33333333333333337
M1-CN045,137.2,0.2222222222222222,0.3849001794597505,3,0.22222222222222224
M1-CN045,137.4,0.2222222222222222,0.3849001794597505,3,0.22222222222222224
M1-CN045,137.6,0.2222222222222222,0.3849001794597505,3,0.22222222222222224
M1-CN045,137.8,0.2222222222222222,0.3849001794597505,3,0.22222222222222224
M1-CN045,138.0,0.2222222222222222,0.3849001794597505,3,0.22222222222222224
M1-CN045,138.2,0.2222222222222222,0.3849001794597505,3,0.22222222222222224
M1-CN045,138.4,0.3333333333333333,0.5773502691896258,3,0.33333333333333337
M1-CN045,138.6,0.3333333333333333,0.5773502691896258,3,0.33333333333333337
M1-CN045,138.8,0.3333333333333333,0.5773502691896258,3,0.33333333333333337
M1-CN045,139.0,0.3333333333333333,0.5773502691896258,3,0.33333333333333337
M1-CN045,139.2,0.2222222222222222,0.3849001794597505,3,0.22222222222222224
M1-CN045,139.4,0.2222222222222222,0.3849001794597505,3,0.22222222222222224
M1-CN045,139.6,0.2222222222222222,0.3849001794597505,3,0.22222222222222224
M1-CN045,139.8,0.3333333333333333,0.5773502691896258,3,0.33333333333333337
M1-CN045,140.0,0.3333333333333333,0.5773502691896258,3,0.33333333333333337
M1-CN045,140.2,0.3333333333333333,0.5773502691896258,3,0.33333333333333337
M1-CN045,140.4,0.3333333333333333,0.5773502691896258,3,0.33333333333333337
M1-CN045,140.6,0.2222222222222222,0.3849001794597505,3,0.22222222222222224
M1-CN045,140.8,0.2222222222222222,0.3849001794597505,3,0.22222222222222224
M1-CN045,141.0,0.2222222222222222,0.3849001794597505,3,0.22222222222222224
M1-CN045,141.2,0.3333333333333333,0.5773502691896258,3,0.33333333333333337
M1-CN045,141.4,0.3333333333333333,0.5773502691896258,3,0.33333333333333337
M1-CN045,141.6,0.3333333333333333,0.5773502691896258,3,0.33333333333333337
M1-CN045,141.8,0.3333333333333333,0.5773502691896258,3,0.33333333333333337
M1-CN045,142.0,0.3333333333333333,0.5773502691896258,3,0.33333333333333337
M1-CN045,142.2,0.3333333333333333,0.5773502691896258,3,0.33333333333333337
M1-CN045,142.4,0.3333333333333333,0.5773502691896258,3,0.33333333333333337
M1-CN045,142.6,0.2222222222222222,0.3849001794597505,3,0.22222222222222224
M1-CN045,142.8,0.2222222222222222,0.3849001794597505,3,0.22222222222222224
M1-CN045,143.0,0.2222222222222222,0.3849001794597505,3,0.22222222222222224
M1-CN045,143.2,0.3333333333333333,0.5773502691896258,3,0.33333333333333337
M1-CN045,143.4,0.3333333333333333,0.5773502691896258,3,0.33333333333333337
M1-CN045,143.6,0.3333333333333333,0.5773502691896258,3,0.33333333333333337
M1-CN045,143.8,0.2222222222222222,0.3849001794597505,3,0.22222222222222224
M1-CN045,144.0,0.2222222222222222,0.3849001794597505,3,0.22222222222222224
M1-CN045,144.2,0.2222222222222222,0.3849001794597505,3,0.22222222222222224
M1-CN045,144.4,0.3333333333333333,0.5773502691896258,3,0.33333333333333337
M1-CN045,144.6,0.3333333333333333,0.5773502691896258,3,0.33333333333333337
M1-CN045,144.8,0.3333333333333333,0.5773502691896258,3,0.33333333333333337
M1-CN045,145.0,0.3333333333333333,0.5773502691896258,3,0.33333333333333337
M1-CN045,145.2,0.2222222222222222,0.3849001794597505,3,0.22222222222222224
M1-CN045,145.4,0.1111111111111111,0.19245008972987526,3,0.11111111111111112
M1-CN045,145.6,0.1111111111111111,0.19245008972987526,3,0.11111111111111112
M1-CN045,145.8,0.2222222222222222,0.3849001794597505,3,0.22222222222222224
M1-CN045,146.0,0.3333333333333333,0.5773502691896258,3,0.33333333333333337
M1-CN045,146.2,0.3333333333333333,0.5773502691896258,3,0.33333333333333337
M1-CN045,146.4,0.2222222222222222,0.3849001794597505,3,0.22222222222222224
M1-CN045,146.6,0.2222222222222222,0.3849001794597505,3,0.22222222222222224
M1-CN045,146.8,0.2222222222222222,0.3849001794597505,3,0.22222222222222224
M1-CN045,147.0,0.3333333333333333,0.5773502691896258,3,0.33333333333333337
M1-CN045,147.2,0.3333333333333333,0.5773502691896258,3,0.33333333333333337
M1-CN045,147.4,0.3333333333333333,0.5773502691896258,3,0.33333333333333337
M1-CN045,147.6,0.3333333333333333,0.5773502691896258,3,0.33333333333333337
M1-CN045,147.8,0.3333333333333333,0.5773502691896258,3,0.33333333333333337
M1-CN045,148.0,0.3333333333333333,0.5773502691896258,3,0.33333333333333337
M1-CN045,148.2,0.3333333333333333,0.5773502691896258,3,0.33333333333333337
M1-CN045,148.4,0.3333333333333333,0.5773502691896258,3,0.33333333333333337
M1-CN045,148.6,0.3333333333333333,0.5773502691896258,3,0.33333333333333337
M1-CN045,148.8,0.3333333333333333,0.5773502691896258,3,0.33333333333333337
M1-CN045,149.0,0.2222222222222222,0.3849001794597505,3,0.22222222222222224
M1-CN045,149.2,0.2222222222222222,0.3849001794597505,3,0.22222222222222224
M1-CN045,149.4,0.2222222222222222,0.3849001794597505,3,0.22222222222222224
M1-CN045,149.6,0.3333333333333333,0.5773502691896258,3,0.33333333333333337
M1-CN045,149.8,0.2222222222222222,0.3849001794597505,3,0.22222222222222224
M1-CN045,150.0,0.2222222222222222,0.3849001794597505,3,0.22222222222222224
M1-CN045,150.2,0.2222222222222222,0.3849001794597505,3,0.22222222222222224
M1-CN045,150.4,0.3333333333333333,0.5773502691896258,3,0.33333333333333337
M1-CN045,150.6,0.3333333333333333,0.5773502691896258,3,0.33333333333333337
M1-CN045,150.8,0.2222222222222222,0.3849001794597505,3,0.22222222222222224
M1-CN045,151.0,0.2222222222222222,0.3849001794597505,3,0.22222222222222224
M1-CN045,151.2,0.2222222222222222,0.3849001794597505,3,0.22222222222222224
M1-CN045,151.4,0.3333333333333333,0.5773502691896258,3,0.33333333333333337
M1-CN045,151.6,0.3333333333333333,0.5773502691896258,3,0.33333333333333337
M1-CN045,151.8,0.3333333333333333,0.5773502691896258,3,0.33333333333333337
M1-CN045,152.0,0.3333333333333333,0.5773502691896258,3,0.33333333333333337
M1-CN045,152.2,0.3333333333333333,0.5773502691896258,3,0.33333333333333337
M1-CN045,152.4,0.3333333333333333,0.5773502691896258,3,0.33333333333333337
M1-CN045,152.6,0.2222222222222222,0.3849001794597505,3,0.22222222222222224
M1-CN045,152.8,0.2222222222222222,0.3849001794597505,3,0.22222222222222224
M1-CN045,153.0,0.1111111111111111,0.19245008972987526,3,0.11111111111111112
M1-CN045,153.2,0.2222222222222222,0.3849001794597505,3,0.22222222222222224
M1-CN045,153.4,0.1111111111111111,0.19245008972987526,3,0.11111111111111112
M1-CN045,153.6,0.2222222222222222,0.3849001794597505,3,0.22222222222222224
M1-CN045,153.8,0.2222222222222222,0.3849001794597505,3,0.22222222222222224
M1-CN045,154.0,0.3333333333333333,0.5773502691896258,3,0.33333333333333337
M1-CN045,154.2,0.3333333333333333,0.5773502691896258,3,0.33333333333333337
M1-CN045,154.4,0.3333333333333333,0.5773502691896258,3,0.33333333333333337
M1-CN045,154.6,0.3333333333333333,0.5773502691896258,3,0.33333333333333337
M1-CN045,154.8,0.3333333333333333,0.5773502691896258,3,0.33333333333333337
M1-CN045,155.0,0.3333333333333333,0.5773502691896258,3,0.33333333333333337
M1-CN045,155.2,0.3333333333333333,0.5773502691896258,3,0.33333333333333337
M1-CN045,155.4,0.3333333333333333,0.5773502691896258,3,0.33333333333333337
M1-CN045,155.6,0.3333333333333333,0.5773502691896258,3,0.33333333333333337
M1-CN045,155.8,0.3333333333333333,0.5773502691896258,3,0.33333333333333337
M1-CN045,156.0,0.3333333333333333,0.5773502691896258,3,0.33333333333333337
M1-CN045,156.2,0.3333333333333333,0.5773502691896258,3,0.33333333333333337
M1-CN045,156.4,0.2222222222222222,0.3849001794597505,3,0.22222222222222224
M1-CN045,156.6,0.2222222222222222,0.3849001794597505,3,0.22222222222222224
M1-CN045,156.8,0.2222222222222222,0.3849001794597505,3,0.22222222222222224
M1-CN045,157.0,0.2222222222222222,0.3849001794597505,3,0.22222222222222224
M1-CN045,157.2,0.2222222222222222,0.3849001794597505,3,0.22222222222222224
M1-CN045,157.4,0.2222222222222222,0.3849001794597505,3,0.22222222222222224
M1-CN045,157.6,0.3333333333333333,0.5773502691896258,3,0.33333333333333337
M1-CN045,157.8,0.3333333333333333,0.5773502691896258,3,0.33333333333333337
M1-CN045,158.0,0.3333333333333333,0.5773502691896258,3,0.33333333333333337
M1-CN045,158.2,0.3333333333333333,0.5773502691896258,3,0.33333333333333337
M1-CN045,158.4,0.3333333333333333,0.5773502691896258,3,0.33333333333333337
M1-CN045,158.6,0.3333333333333333,0.5773502691896258,3,0.33333333333333337
M1-CN045,158.8,0.3333333333333333,0.5773502691896258,3,0.33333333333333337
M1-CN045,159.0,0.3333333333333333,0.5773502691896258,3,0.33333333333333337
M1-CN045,159.2,0.3333333333333333,0.5773502691896258,3,0.33333333333333337
M1-CN045,159.4,0.3333333333333333,0.5773502691896258,3,0.33333333333333337
M1-CN045,159.6,0.3333333333333333,0.5773502691896258,3,0.33333333333333337
M1-CN045,159.8,0.3333333333333333,0.5773502691896258,3,0.33333333333333337
M1-CN045,160.0,0.3333333333333333,0.5773502691896258,3,0.33333333333333337
M1-CN045,160.2,0.3333333333333333,0.5773502691896258,3,0.33333333333333337
M1-CN045,160.4,0.3333333333333333,0.5773502691896258,3,0.33333333333333337
M1-CN045,160.6,0.3333333333333333,0.5773502691896258,3,0.33333333333333337
M1-CN045,160.8,0.2222222222222222,0.3849001794597505,3,0.22222222222222224
M1-CN045,161.0,0.2222222222222222,0.3849001794597505,3,0.22222222222222224
M1-CN045,161.2,0.2222222222222222,0.3849001794597505,3,0.22222222222222224
M1-CN045,161.4,0.3333333333333333,0.5773502691896258,3,0.33333333333333337
M1-CN045,161.6,0.3333333333333333,0.5773502691896258,3,0.33333333333333337
M1-CN045,161.8,0.3333333333333333,0.5773502691896258,3,0.33333333333333337
M1-CN045,162.0,0.3333333333333333,0.5773502691896258,3,0.33333333333333337
M1-CN045,162.2,0.2222222222222222,0.3849001794597505,3,0.22222222222222224
M1-CN045,162.4,0.2222222222222222,0.3849001794597505,3,0.22222222222222224
M1-CN045,162.6,0.1111111111111111,0.19245008972987526,3,0.11111111111111112
M1-CN045,162.8,0.1111111111111111,0.19245008972987526,3,0.11111111111111112
M1-CN045,163.0,0.1111111111111111,0.19245008972987526,3,0.11111111111111112
M1-CN045,163.2,0.2222222222222222,0.3849001794597505,3,0.22222222222222224
M1-CN045,163.4,0.3333333333333333,0.5773502691896258,3,0.33333333333333337
M1-CN045,163.6,0.2222222222222222,0.3849001794597505,3,0.22222222222222224
M1-CN045,163.8,0.2222222222222222,0.3849001794597505,3,0.22222222222222224
M1-CN045,164.0,0.2222222222222222,0.3849001794597505,3,0.22222222222222224
M1-CN045,164.2,0.2222222222222222,0.3849001794597505,3,0.22222222222222224
M1-CN045,164.4,0.2222222222222222,0.3849001794597505,3,0.22222222222222224
M1-CN045,164.6,0.2222222222222222,0.3849001794597505,3,0.22222222222222224
M1-CN045,164.8,0.3333333333333333,0.5773502691896258,3,0.33333333333333337
M1-CN045,165.0,0.3333333333333333,0.5773502691896258,3,0.33333333333333337
M1-CN045,165.2,0.2222222222222222,0.3849001794597505,3,0.22222222222222224
M1-CN045,165.4,0.2222222222222222,0.3849001794597505,3,0.22222222222222224
M1-CN045,165.6,0.2222222222222222,0.3849001794597505,3,0.22222222222222224
M1-CN045,165.8,0.3333333333333333,0.5773502691896258,3,0.33333333333333337
M1-CN045,166.0,0.3333333333333333,0.5773502691896258,3,0.33333333333333337
M1-CN045,166.2,0.3333333333333333,0.5773502691896258,3,0.33333333333333337
M1-CN045,166.4,0.3333333333333333,0.5773502691896258,3,0.33333333333333337
M1-CN045,166.6,0.3333333333333333,0.5773502691896258,3,0.33333333333333337
M1-CN045,166.8,0.3333333333333333,0.5773502691896258,3,0.33333333333333337
M1-CN045,167.0,0.3333333333333333,0.5773502691896258,3,0.33333333333333337
M1-CN045,167.2,0.3333333333333333,0.5773502691896258,3,0.33333333333333337
M1-CN045,167.4,0.3333333333333333,0.5773502691896258,3,0.33333333333333337
M1-CN045,167.6,0.3333333333333333,0.5773502691896258,3,0.33333333333333337
M1-CN045,167.8,0.2222222222222222,0.3849001794597505,3,0.22222222222222224
M1-CN045,168.0,0.1111111111111111,0.19245008972987526,3,0.11111111111111112
M1-CN045,168.2,0.1111111111111111,0.19245008972987526,3,0.11111111111111112
M1-CN045,168.4,0.2222222222222222,0.3849001794597505,3,0.22222222222222224
M1-CN045,168.6,0.3333333333333333,0.5773502691896258,3,0.33333333333333337
M1-CN045,168.8,0.3333333333333333,0.5773502691896258,3,0.33333333333333337
M1-CN045,169.0,0.3333333333333333,0.5773502691896258,3,0.33333333333333337
M1-CN045,169.2,0.3333333333333333,0.5773502691896258,3,0.33333333333333337
M1-CN045,169.4,0.3333333333333333,0.5773502691896258,3,0.33333333333333337
M1-CN045,169.6,0.3333333333333333,0.5773502691896258,3,0.33333333333333337
M1-CN045,169.8,0.3333333333333333,0.5773502691896258,3,0.33333333333333337
M1-CN045,170.0,0.3333333333333333,0.5773502691896258,3,0.33333333333333337
M1-CN045,170.2,0.2222222222222222,0.3849001794597505,3,0.22222222222222224
M1-CN045,170.4,0.1111111111111111,0.19245008972987526,3,0.11111111111111112
M1-CN045,170.6,0.1111111111111111,0.19245008972987526,3,0.11111111111111112
M1-CN045,170.8,0.2222222222222222,0.3849001794597505,3,0.22222222222222224
M1-CN045,171.0,0.3333333333333333,0.5773502691896258,3,0.33333333333333337
M1-CN045,171.2,0.2222222222222222,0.3849001794597505,3,0.22222222222222224
M1-CN045,171.4,0.1111111111111111,0.19245008972987526,3,0.11111111111111112
M1-CN045,171.6,0.0,0.0,3,0.0
M1-CN045,171.8,0.0,0.0,3,0.0
M1-CN045,172.0,0.1111111111111111,0.19245008972987526,3,0.11111111111111112
M1-CN045,172.2,0.1111111111111111,0.19245008972987526,3,0.11111111111111112
M1-CN045,172.4,0.2222222222222222,0.3849001794597505,3,0.22222222222222224
M1-CN045,172.6,0.2222222222222222,0.3849001794597505,3,0.22222222222222224
M1-CN045,172.8,0.2222222222222222,0.3849001794597505,3,0.22222222222222224
M1-CN045,173.0,0.2222222222222222,0.3849001794597505,3,0.22222222222222224
M1-CN045,173.2,0.2222222222222222,0.3849001794597505,3,0.22222222222222224
M1-CN045,173.4,0.2222222222222222,0.3849001794597505,3,0.22222222222222224
M1-CN045,173.6,0.2222222222222222,0.3849001794597505,3,0.22222222222222224
M1-CN045,173.8,0.2222222222222222,0.3849001794597505,3,0.22222222222222224
M1-CN045,174.0,0.3333333333333333,0.5773502691896258,3,0.33333333333333337
M1-CN045,174.2,0.3333333333333333,0.5773502691896258,3,0.33333333333333337
M1-CN045,174.4,0.3333333333333333,0.5773502691896258,3,0.33333333333333337
M1-CN045,174.6,0.3333333333333333,0.5773502691896258,3,0.33333333333333337
M1-CN045,174.8,0.3333333333333333,0.5773502691896258,3,0.33333333333333337
M1-CN045,175.0,0.3333333333333333,0.5773502691896258,3,0.33333333333333337
M1-CN045,175.2,0.2222222222222222,0.3849001794597505,3,0.22222222222222224
M1-CN045,175.4,0.2222222222222222,0.3849001794597505,3,0.22222222222222224
M1-CN045,175.6,0.2222222222222222,0.3849001794597505,3,0.22222222222222224
M1-CN045,175.8,0.3333333333333333,0.5773502691896258,3,0.33333333333333337
M1-CN045,176.0,0.3333333333333333,0.5773502691896258,3,0.33333333333333337
M1-CN045,176.2,0.2222222222222222,0.3849001794597505,3,0.22222222222222224
M1-CN045,176.4,0.2222222222222222,0.3849001794597505,3,0.22222222222222224
M1-CN045,176.6,0.2222222222222222,0.3849001794597505,3,0.22222222222222224
M1-CN045,176.8,0.3333333333333333,0.5773502691896258,3,0.33333333333333337
M1-CN045,177.0,0.3333333333333333,0.5773502691896258,3,0.33333333333333337
M1-CN045,177.2,0.3333333333333333,0.5773502691896258,3,0.33333333333333337
M1-CN045,177.4,0.2222222222222222,0.3849001794597505,3,0.22222222222222224
M1-CN045,177.6,0.2222222222222222,0.3849001794597505,3,0.22222222222222224
M1-CN045,177.8,0.2222222222222222,0.3849001794597505,3,0.22222222222222224
M1-CN045,178.0,0.2222222222222222,0.3849001794597505,3,0.22222222222222224
M1-CN045,178.2,0.2222222222222222,0.3849001794597505,3,0.22222222222222224
M1-CN045,178.4,0.2222222222222222,0.3849001794597505,3,0.22222222222222224
M1-CN045,178.6,0.3333333333333333,0.5773502691896258,3,0.33333333333333337
M1-CN045,178.8,0.3333333333333333,0.5773502691896258,3,0.33333333333333337
M1-CN045,179.0,0.3333333333333333,0.5773502691896258,3,0.33333333333333337
M1-CN045,179.2,0.3333333333333333,0.5773502691896258,3,0.33333333333333337
M1-CN045,179.4,0.2222222222222222,0.3849001794597505,3,0.22222222222222224
M1-CN045,179.6,0.2222222222222222,0.3849001794597505,3,0.22222222222222224
M1-CN045,179.8,0.2222222222222222,0.3849001794597505,3,0.22222222222222224
M1-CN045,180.0,0.3333333333333333,0.5773502691896258,3,0.33333333333333337
M1-CN045,180.2,0.2222222222222222,0.3849001794597505,3,0.22222222222222224
M1-CN045,180.4,0.1111111111111111,0.19245008972987526,3,0.11111111111111112
M1-CN045,180.6,0.1111111111111111,0.19245008972987526,3,0.11111111111111112
M1-CN045,180.8,0.2222222222222222,0.3849001794597505,3,0.22222222222222224
M1-CN045,181.0,0.3333333333333333,0.5773502691896258,3,0.33333333333333337
M1-CN045,181.2,0.2222222222222222,0.3849001794597505,3,0.22222222222222224
M1-CN045,181.4,0.2222222222222222,0.3849001794597505,3,0.22222222222222224
M1-CN045,181.6,0.2222222222222222,0.3849001794597505,3,0.22222222222222224
M1-CN045,181.8,0.3333333333333333,0.5773502691896258,3,0.33333333333333337
M1-CN045,182.0,0.3333333333333333,0.5773502691896258,3,0.33333333333333337
M1-CN045,182.2,0.2222222222222222,0.3849001794597505,3,0.22222222222222224
M1-CN045,182.4,0.2222222222222222,0.3849001794597505,3,0.22222222222222224
M1-CN045,182.6,0.1111111111111111,0.19245008972987526,3,0.11111111111111112
M1-CN045,182.8,0.2222222222222222,0.3849001794597505,3,0.22222222222222224
M1-CN045,183.0,0.2222222222222222,0.3849001794597505,3,0.22222222222222224
M1-CN045,183.2,0.2222222222222222,0.3849001794597505,3,0.22222222222222224
M1-CN045,183.4,0.1111111111111111,0.19245008972987526,3,0.11111111111111112
M1-CN045,183.6,0.1111111111111111,0.19245008972987526,3,0.11111111111111112
M1-CN045,183.8,0.1111111111111111,0.19245008972987526,3,0.11111111111111112
M1-CN045,184.0,0.2222222222222222,0.3849001794597505,3,0.22222222222222224
M1-CN045,184.2,0.2222222222222222,0.3849001794597505,3,0.22222222222222224
M1-CN045,184.4,0.3333333333333333,0.5773502691896258,3,0.33333333333333337
M1-CN045,184.6,0.3333333333333333,0.5773502691896258,3,0.33333333333333337
M1-CN045,184.8,0.2222222222222222,0.3849001794597505,3,0.22222222222222224
M1-CN045,185.0,0.2222222222222222,0.3849001794597505,3,0.22222222222222224
M1-CN045,185.2,0.2222222222222222,0.3849001794597505,3,0.22222222222222224
M1-CN045,185.4,0.3333333333333333,0.5773502691896258,3,0.33333333333333337
M1-CN045,185.6,0.3333333333333333,0.5773502691896258,3,0.33333333333333337
M1-CN045,185.8,0.3333333333333333,0.5773502691896258,3,0.33333333333333337
M1-CN045,186.0,0.3333333333333333,0.5773502691896258,3,0.33333333333333337
M1-CN045,186.2,0.3333333333333333,0.5773502691896258,3,0.33333333333333337
M1-CN045,186.4,0.2222222222222222,0.3849001794597505,3,0.22222222222222224
M1-CN045,186.6,0.2222222222222222,0.3849001794597505,3,0.22222222222222224
M1-CN045,186.8,0.2222222222222222,0.3849001794597505,3,0.22222222222222224
M1-CN045,187.0,0.3333333333333333,0.5773502691896258,3,0.33333333333333337
M1-CN045,187.2,0.3333333333333333,0.5773502691896258,3,0.33333333333333337
M1-CN045,187.4,0.3333333333333333,0.5773502691896258,3,0.33333333333333337
M1-CN045,187.6,0.3333333333333333,0.5773502691896258,3,0.33333333333333337
M1-CN045,187.8,0.3333333333333333,0.5773502691896258,3,0.33333333333333337
M1-CN045,188.0,0.3333333333333333,0.5773502691896258,3,0.33333333333333337
M1-CN045,188.2,0.3333333333333333,0.5773502691896258,3,0.33333333333333337
M1-CN045,188.4,0.3333333333333333,0.5773502691896258,3,0.33333333333333337
M1-CN045,188.6,0.3333333333333333,0.5773502691896258,3,0.33333333333333337
M1-CN045,188.8,0.3333333333333333,0.5773502691896258,3,0.33333333333333337
M1-CN045,189.0,0.2222222222222222,0.3849001794597505,3,0.22222222222222224
M1-CN045,189.2,0.2222222222222222,0.3849001794597505,3,0.22222222222222224
M1-CN045,189.4,0.1111111111111111,0.19245008972987526,3,0.11111111111111112
M1-CN045,189.6,0.2222222222222222,0.3849001794597505,3,0.22222222222222224
M1-CN045,189.8,0.2222222222222222,0.3849001794597505,3,0.22222222222222224
M1-CN045,190.0,0.3333333333333333,0.5773502691896258,3,0.33333333333333337
M1-CN045,190.2,0.3333333333333333,0.5773502691896258,3,0.33333333333333337
M1-CN045,190.4,0.3333333333333333,0.5773502691896258,3,0.33333333333333337
M1-CN045,190.6,0.3333333333333333,0.5773502691896258,3,0.33333333333333337
M1-CN045,190.8,0.3333333333333333,0.5773502691896258,3,0.33333333333333337
M1-CN045,191.0,0.3333333333333333,0.5773502691896258,3,0.33333333333333337
M1-CN045,191.2,0.3333333333333333,0.5773502691896258,3,0.33333333333333337
M1-CN045,191.4,0.3333333333333333,0.5773502691896258,3,0.33333333333333337
M1-CN045,191.6,0.3333333333333333,0.5773502691896258,3,0.33333333333333337
M1-CN045,191.8,0.3333333333333333,0.5773502691896258,3,0.33333333333333337
M1-CN045,192.0,0.3333333333333333,0.5773502691896258,3,0.33333333333333337
M1-CN045,192.2,0.3333333333333333,0.5773502691896258,3,0.33333333333333337
M1-CN045,192.4,0.3333333333333333,0.5773502691896258,3,0.33333333333333337
M1-CN045,192.6,0.3333333333333333,0.5773502691896258,3,0.33333333333333337
M1-CN045,192.8,0.2222222222222222,0.3849001794597505,3,0.22222222222222224
M1-CN045,193.0,0.2222222222222222,0.3849001794597505,3,0.22222222222222224
M1-CN045,193.2,0.1111111111111111,0.19245008972987526,3,0.11111111111111112
M1-CN045,193.4,0.2222222222222222,0.3849001794597505,3,0.22222222222222224
M1-CN045,193.6,0.1111111111111111,0.19245008972987526,3,0.11111111111111112
M1-CN045,193.8,0.2222222222222222,0.3849001794597505,3,0.22222222222222224
M1-CN045,194.0,0.2222222222222222,0.3849001794597505,3,0.22222222222222224
M1-CN045,194.2,0.3333333333333333,0.5773502691896258,3,0.33333333333333337
M1-CN045,194.4,0.3333333333333333,0.5773502691896258,3,0.33333333333333337
M1-CN045,194.6,0.3333333333333333,0.5773502691896258,3,0.33333333333333337
M1-CN045,194.8,0.2222222222222222,0.3849001794597505,3,0.22222222222222224
M1-CN045,195.0,0.2222222222222222,0.3849001794597505,3,0.22222222222222224
M1-CN045,195.2,0.2222222222222222,0.3849001794597505,3,0.22222222222222224
M1-CN045,195.4,0.3333333333333333,0.5773502691896258,3,0.33333333333333337
M1-CN045,195.6,0.2222222222222222,0.3849001794597505,3,0.22222222222222224
M1-CN045,195.8,0.2222222222222222,0.3849001794597505,3,0.22222222222222224
M1-CN045,196.0,0.2222222222222222,0.3849001794597505,3,0.22222222222222224
M1-CN045,196.2,0.2222222222222222,0.3849001794597505,3,0.22222222222222224
M1-CN045,196.4,0.2222222222222222,0.3849001794597505,3,0.22222222222222224
M1-CN045,196.6,0.2222222222222222,0.3849001794597505,3,0.22222222222222224
M1-CN045,196.8,0.3333333333333333,0.5773502691896258,3,0.33333333333333337
M1-CN045,197.0,0.3333333333333333,0.5773502691896258,3,0.33333333333333337
M1-CN045,197.2,0.3333333333333333,0.5773502691896258,3,0.33333333333333337
M1-CN045,197.4,0.3333333333333333,0.5773502691896258,3,0.33333333333333337
M1-CN045,197.6,0.3333333333333333,0.5773502691896258,3,0.33333333333333337
M1-CN045,197.8,0.2222222222222222,0.3849001794597505,3,0.22222222222222224
M1-CN045,198.0,0.1111111111111111,0.19245008972987526,3,0.11111111111111112
M1-CN045,198.2,0.1111111111111111,0.19245008972987526,3,0.11111111111111112
M1-CN045,198.4,0.1111111111111111,0.19245008972987526,3,0.11111111111111112
M1-CN045,198.6,0.2222222222222222,0.3849001794597505,3,0.22222222222222224
M1-CN045,198.8,0.1111111111111111,0.19245008972987526,3,0.11111111111111112
M1-CN045,199.0,0.1111111111111111,0.19245008972987526,3,0.11111111111111112
M1-CN045,199.2,0.1111111111111111,0.19245008972987526,3,0.11111111111111112
M1-CN045,199.4,0.2222222222222222,0.3849001794597505,3,0.22222222222222224
M1-CN045,199.6,0.3333333333333333,0.5773502691896258,3,0.33333333333333337
M1-CN045,199.8,0.3333333333333333,0.5773502691896258,3,0.33333333333333337
M1-CN045,200.0,0.3333333333333333,0.5773502691896258,3,0.33333333333333337
M1-CN045,200.2,0.3333333333333333,0.5773502691896258,3,0.33333333333333337
M1-CN045,200.4,0.3333333333333333,0.5773502691896258,3,0.33333333333333337
M1-CN045,200.6,0.2222222222222222,0.3849001794597505,3,0.22222222222222224
M1-CN045,200.8,0.2222222222222222,0.3849001794597505,3,0.22222222222222224
M1-CN045,201.0,0.2222222222222222,0.3849001794597505,3,0.22222222222222224
M1-CN045,201.2,0.2222222222222222,0.3849001794597505,3,0.22222222222222224
M1-CN045,201.4,0.2222222222222222,0.3849001794597505,3,0.22222222222222224
M1-CN045,201.6,0.1111111111111111,0.19245008972987526,3,0.11111111111111112
M1-CN045,201.8,0.2222222222222222,0.3849001794597505,3,0.22222222222222224
M1-CN045,202.0,0.1111111111111111,0.19245008972987526,3,0.11111111111111112
M1-CN045,202.2,0.2222222222222222,0.3849001794597505,3,0.22222222222222224
M1-CN045,202.4,0.2222222222222222,0.3849001794597505,3,0.22222222222222224
M1-CN045,202.6,0.2222222222222222,0.3849001794597505,3,0.22222222222222224
M1-CN045,202.8,0.1111111111111111,0.19245008972987526,3,0.11111111111111112
M1-CN045,203.0,0.0,0.0,3,0.0
M1-CN045,203.2,0.1111111111111111,0.19245008972987526,3,0.11111111111111112
M1-CN045,203.4,0.1111111111111111,0.19245008972987526,3,0.11111111111111112
M1-CN045,203.6,0.2222222222222222,0.3849001794597505,3,0.22222222222222224
M1-CN045,203.8,0.1111111111111111,0.19245008972987526,3,0.11111111111111112
M1-CN045,204.0,0.2222222222222222,0.3849001794597505,3,0.22222222222222224
M1-CN045,204.2,0.2222222222222222,0.3849001794597505,3,0.22222222222222224
M1-CN045,204.4,0.3333333333333333,0.5773502691896258,3,0.33333333333333337
M1-CN045,204.6,0.3333333333333333,0.5773502691896258,3,0.33333333333333337
M1-CN045,204.8,0.2222222222222222,0.3849001794597505,3,0.22222222222222224
M1-CN045,205.0,0.1111111111111111,0.19245008972987526,3,0.11111111111111112
M1-CN045,205.2,0.1111111111111111,0.19245008972987526,3,0.11111111111111112
M1-CN045,205.4,0.1111111111111111,0.19245008972987526,3,0.11111111111111112
M1-CN045,205.6,0.2222222222222222,0.3849001794597505,3,0.22222222222222224
M1-CN045,205.8,0.1111111111111111,0.19245008972987526,3,0.11111111111111112
M1-CN045,206.0,0.2222222222222222,0.3849001794597505,3,0.22222222222222224
M1-CN045,206.2,0.2222222222222222,0.3849001794597505,3,0.22222222222222224
M1-CN045,206.4,0.2222222222222222,0.3849001794597505,3,0.22222222222222224
M1-CN045,206.6,0.2222222222222222,0.3849001794597505,3,0.22222222222222224
M1-CN045,206.8,0.2222222222222222,0.3849001794597505,3,0.22222222222222224
M1-CN045,207.0,0.3333333333333333,0.5773502691896258,3,0.33333333333333337
M1-CN045,207.2,0.3333333333333333,0.5773502691896258,3,0.33333333333333337
M1-CN045,207.4,0.3333333333333333,0.5773502691896258,3,0.33333333333333337
M1-CN045,207.6,0.3333333333333333,0.5773502691896258,3,0.33333333333333337
M1-CN045,207.8,0.2222222222222222,0.3849001794597505,3,0.22222222222222224
M1-CN045,208.0,0.2222222222222222,0.3849001794597505,3,0.22222222222222224
M1-CN045,208.2,0.2222222222222222,0.3849001794597505,3,0.22222222222222224
M1-CN045,208.4,0.3333333333333333,0.5773502691896258,3,0.33333333333333337
M1-CN045,208.6,0.2222222222222222,0.3849001794597505,3,0.22222222222222224
M1-CN045,208.8,0.2222222222222222,0.3849001794597505,3,0.22222222222222224
M1-CN045,209.0,0.1111111111111111,0.19245008972987526,3,0.11111111111111112
M1-CN045,209.2,0.2222222222222222,0.3849001794597505,3,0.22222222222222224
M1-CN045,209.4,0.2222222222222222,0.3849001794597505,3,0.22222222222222224
M1-CN045,209.6,0.3333333333333333,0.5773502691896258,3,0.33333333333333337
M1-CN045,209.8,0.3333333333333333,0.5773502691896258,3,0.33333333333333337
M1-CN045,210.0,0.2222222222222222,0.3849001794597505,3,0.22222222222222224
M1-CN045,210.2,0.2222222222222222,0.3849001794597505,3,0.22222222222222224
M1-CN045,210.4,0.2222222222222222,0.3849001794597505,3,0.22222222222222224
M1-CN045,210.6,0.3333333333333333,0.5773502691896258,3,0.33333333333333337
M1-CN045,210.8,0.3333333333333333,0.5773502691896258,3,0.33333333333333337
M1-CN045,211.0,0.2222222222222222,0.3849001794597505,3,0.22222222222222224
M1-CN045,211.2,0.1111111111111111,0.19245008972987526,3,0.11111111111111112
M1-CN045,211.4,0.1111111111111111,0.19245008972987526,3,0.11111111111111112
M1-CN045,211.6,0.2222222222222222,0.3849001794597505,3,0.22222222222222224
M1-CN045,211.8,0.2222222222222222,0.3849001794597505,3,0.22222222222222224
M1-CN045,212.0,0.2222222222222222,0.3849001794597505,3,0.22222222222222224
M1-CN045,212.2,0.2222222222222222,0.3849001794597505,3,0.22222222222222224
M1-CN045,212.4,0.3333333333333333,0.5773502691896258,3,0.33333333333333337
M1-CN045,212.6,0.3333333333333333,0.5773502691896258,3,0.33333333333333337
M1-CN045,212.8,0.2222222222222222,0.3849001794597505,3,0.22222222222222224
M1-CN045,213.0,0.2222222222222222,0.3849001794597505,3,0.22222222222222224
M1-CN045,213.2,0.2222222222222222,0.3849001794597505,3,0.22222222222222224
M1-CN045,213.4,0.3333333333333333,0.5773502691896258,3,0.33333333333333337
M1-CN045,213.6,0.3333333333333333,0.5773502691896258,3,0.33333333333333337
M1-CN045,213.8,0.2222222222222222,0.3849001794597505,3,0.22222222222222224
M1-CN045,214.0,0.2222222222222222,0.3849001794597505,3,0.22222222222222224
M1-CN045,214.2,0.2222222222222222,0.3849001794597505,3,0.22222222222222224
M1-CN045,214.4,0.3333333333333333,0.5773502691896258,3,0.33333333333333337
M1-CN045,214.6,0.2222222222222222,0.3849001794597505,3,0.22222222222222224
M1-CN045,214.8,0.2222222222222222,0.3849001794597505,3,0.22222222222222224
M1-CN045,215.0,0.2222222222222222,0.3849001794597505,3,0.22222222222222224
M1-CN045,215.2,0.2222222222222222,0.3849001794597505,3,0.22222222222222224
M1-CN045,215.4,0.2222222222222222,0.3849001794597505,3,0.22222222222222224
M1-CN045,215.6,0.2222222222222222,0.3849001794597505,3,0.22222222222222224
M1-CN045,215.8,0.3333333333333333,0.5773502691896258,3,0.33333333333333337
M1-CN045,216.0,0.2222222222222222,0.3849001794597505,3,0.22222222222222224
M1-CN045,216.2,0.2222222222222222,0.3849001794597505,3,0.22222222222222224
M1-CN045,216.4,0.2222222222222222,0.3849001794597505,3,0.22222222222222224
M1-CN045,216.6,0.2222222222222222,0.3849001794597505,3,0.22222222222222224
M1-CN045,216.8,0.2222222222222222,0.3849001794597505,3,0.22222222222222224
M1-CN045,217.0,0.2222222222222222,0.3849001794597505,3,0.22222222222222224
M1-CN045,217.2,0.3333333333333333,0.5773502691896258,3,0.33333333333333337
M1-CN045,217.4,0.3333333333333333,0.5773502691896258,3,0.33333333333333337
M1-CN045,217.6,0.3333333333333333,0.5773502691896258,3,0.33333333333333337
M1-CN045,217.8,0.3333333333333333,0.5773502691896258,3,0.33333333333333337
M1-CN045,218.0,0.3333333333333333,0.5773502691896258,3,0.33333333333333337
M1-CN045,218.2,0.3333333333333333,0.5773502691896258,3,0.33333333333333337
M1-CN045,218.4,0.3333333333333333,0.5773502691896258,3,0.33333333333333337
M1-CN045,218.6,0.3333333333333333,0.5773502691896258,3,0.33333333333333337
M1-CN045,218.8,0.2222222222222222,0.3849001794597505,3,0.22222222222222224
M1-CN045,219.0,0.2222222222222222,0.3849001794597505,3,0.22222222222222224
M1-CN045,219.2,0.2222222222222222,0.3849001794597505,3,0.22222222222222224
M1-CN045,219.4,0.3333333333333333,0.5773502691896258,3,0.33333333333333337
M1-CN045,219.6,0.3333333333333333,0.5773502691896258,3,0.33333333333333337
M1-CN045,219.8,0.3333333333333333,0.5773502691896258,3,0.33333333333333337
M1-CN045,220.0,0.3333333333333333,0.5773502691896258,3,0.33333333333333337
M1-CN045,220.2,0.3333333333333333,0.5773502691896258,3,0.33333333333333337
M1-CN045,220.4,0.3333333333333333,0.5773502691896258,3,0.33333333333333337
M1-CN045,220.6,0.3333333333333333,0.5773502691896258,3,0.33333333333333337
M1-CN045,220.8,0.3333333333333333,0.5773502691896258,3,0.33333333333333337
M1-CN045,221.0,0.3333333333333333,0.5773502691896258,3,0.33333333333333337
M1-CN045,221.2,0.3333333333333333,0.5773502691896258,3,0.33333333333333337
M1-CN045,221.4,0.3333333333333333,0.5773502691896258,3,0.33333333333333337
M1-CN045,221.6,0.3333333333333333,0.5773502691896258,3,0.33333333333333337
M1-CN045,221.8,0.3333333333333333,0.5773502691896258,3,0.33333333333333337
M1-CN045,222.0,0.3333333333333333,0.5773502691896258,3,0.33333333333333337
M1-CN045,222.2,0.3333333333333333,0.5773502691896258,3,0.33333333333333337
M1-CN045,222.4,0.3333333333333333,0.5773502691896258,3,0.33333333333333337
M1-CN045,222.6,0.3333333333333333,0.5773502691896258,3,0.33333333333333337
M1-CN045,222.8,0.2222222222222222,0.3849001794597505,3,0.22222222222222224
M1-CN045,223.0,0.2222222222222222,0.3849001794597505,3,0.22222222222222224
M1-CN045,223.2,0.2222222222222222,0.3849001794597505,3,0.22222222222222224
M1-CN045,223.4,0.3333333333333333,0.5773502691896258,3,0.33333333333333337
M1-CN045,223.6,0.3333333333333333,0.5773502691896258,3,0.33333333333333337
M1-CN045,223.8,0.3333333333333333,0.5773502691896258,3,0.33333333333333337
M1-CN045,224.0,0.2222222222222222,0.3849001794597505,3,0.22222222222222224
M1-CN045,224.2,0.2222222222222222,0.3849001794597505,3,0.22222222222222224
M1-CN045,224.4,0.1111111111111111,0.19245008972987526,3,0.11111111111111112
M1-CN045,224.6,0.2222222222222222,0.3849001794597505,3,0.22222222222222224
M1-CN045,224.8,0.2222222222222222,0.3849001794597505,3,0.22222222222222224
M1-CN045,225.0,0.3333333333333333,0.5773502691896258,3,0.33333333333333337
M1-CN045,225.2,0.3333333333333333,0.5773502691896258,3,0.33333333333333337
M1-CN045,225.4,0.3333333333333333,0.5773502691896258,3,0.33333333333333337
M1-CN045,225.6,0.3333333333333333,0.5773502691896258,3,0.33333333333333337
M1-CN045,225.8,0.3333333333333333,0.5773502691896258,3,0.33333333333333337
M1-CN045,226.0,0.3333333333333333,0.5773502691896258,3,0.33333333333333337
M1-CN045,226.2,0.2222222222222222,0.3849001794597505,3,0.22222222222222224
M1-CN045,226.4,0.2222222222222222,0.3849001794597505,3,0.22222222222222224
M1-CN045,226.6,0.2222222222222222,0.3849001794597505,3,0.22222222222222224
M1-CN045,226.8,0.3333333333333333,0.5773502691896258,3,0.33333333333333337
M1-CN045,227.0,0.2222222222222222,0.3849001794597505,3,0.22222222222222224
M1-CN045,227.2,0.2222222222222222,0.3849001794597505,3,0.22222222222222224
M1-CN045,227.4,0.2222222222222222,0.3849001794597505,3,0.22222222222222224
M1-CN045,227.6,0.3333333333333333,0.5773502691896258,3,0.33333333333333337
M1-CN045,227.8,0.3333333333333333,0.5773502691896258,3,0.33333333333333337
M1-CN045,228.0,0.3333333333333333,0.5773502691896258,3,0.33333333333333337
M1-CN045,228.2,0.3333333333333333,0.5773502691896258,3,0.33333333333333337
M1-CN045,228.4,0.3333333333333333,0.5773502691896258,3,0.33333333333333337
M1-CN045,228.6,0.3333333333333333,0.5773502691896258,3,0.33333333333333337
M1-CN045,228.8,0.2222222222222222,0.3849001794597505,3,0.22222222222222224
M1-CN045,229.0,0.2222222222222222,0.3849001794597505,3,0.22222222222222224
M1-CN045,229.2,0.2222222222222222,0.3849001794597505,3,0.22222222222222224
M1-CN045,229.4,0.3333333333333333,0.5773502691896258,3,0.33333333333333337
M1-CN045,229.6,0.2222222222222222,0.3849001794597505,3,0.22222222222222224
M1-CN045,229.8,0.2222222222222222,0.3849001794597505,3,0.22222222222222224
M1-CN045,230.0,0.2222222222222222,0.3849001794597505,3,0.22222222222222224
M1-CN045,230.2,0.3333333333333333,0.5773502691896258,3,0.33333333333333337
M1-CN045,230.4,0.2222222222222222,0.3849001794597505,3,0.22222222222222224
M1-CN045,230.6,0.2222222222222222,0.3849001794597505,3,0.22222222222222224
M1-CN045,230.8,0.1111111111111111,0.19245008972987526,3,0.11111111111111112
M1-CN045,231.0,0.1111111111111111,0.19245008972987526,3,0.11111111111111112
M1-CN045,231.2,0.1111111111111111,0.19245008972987526,3,0.11111111111111112
M1-CN045,231.4,0.2222222222222222,0.3849001794597505,3,0.22222222222222224
M1-CN045,231.6,0.2222222222222222,0.3849001794597505,3,0.22222222222222224
M1-CN045,231.8,0.2222222222222222,0.3849001794597505,3,0.22222222222222224
M1-CN045,232.0,0.1111111111111111,0.19245008972987526,3,0.11111111111111112
M1-CN045,232.2,0.1111111111111111,0.19245008972987526,3,0.11111111111111112
M1-CN045,232.4,0.1111111111111111,0.19245008972987526,3,0.11111111111111112
M1-CN045,232.6,0.2222222222222222,0.3849001794597505,3,0.22222222222222224
M1-CN045,232.8,0.2222222222222222,0.3849001794597505,3,0.22222222222222224
M1-CN045,233.0,0.1111111111111111,0.19245008972987526,3,0.11111111111111112
M1-CN045,233.2,0.1111111111111111,0.19245008972987526,3,0.11111111111111112
M1-CN045,233.4,0.2222222222222222,0.3849001794597505,3,0.22222222222222224
M1-CN045,233.6,0.2222222222222222,0.3849001794597505,3,0.22222222222222224
M1-CN045,233.8,0.2222222222222222,0.3849001794597505,3,0.22222222222222224
M1-CN045,234.0,0.2222222222222222,0.3849001794597505,3,0.22222222222222224
M1-CN045,234.2,0.2222222222222222,0.3849001794597505,3,0.22222222222222224
M1-CN045,234.4,0.2222222222222222,0.3849001794597505,3,0.22222222222222224
M1-CN045,234.6,0.2222222222222222,0.3849001794597505,3,0.22222222222222224
M1-CN045,234.8,0.2222222222222222,0.3849001794597505,3,0.22222222222222224
M1-CN045,235.0,0.1111111111111111,0.19245008972987526,3,0.11111111111111112
M1-CN045,235.2,0.1111111111111111,0.19245008972987526,3,0.11111111111111112
M1-CN045,235.4,0.1111111111111111,0.19245008972987526,3,0.11111111111111112
M1-CN045,235.6,0.1111111111111111,0.19245008972987526,3,0.11111111111111112
M1-CN045,235.8,0.1111111111111111,0.19245008972987526,3,0.11111111111111112
M1-CN045,236.0,0.2222222222222222,0.3849001794597505,3,0.22222222222222224
M1-CN045,236.2,0.3333333333333333,0.5773502691896258,3,0.33333333333333337
M1-CN045,236.4,0.2222222222222222,0.3849001794597505,3,0.22222222222222224
M1-CN045,236.6,0.2222222222222222,0.3849001794597505,3,0.22222222222222224
M1-CN045,236.8,0.2222222222222222,0.3849001794597505,3,0.22222222222222224
M1-CN045,237.0,0.2222222222222222,0.3849001794597505,3,0.22222222222222224
M1-CN045,237.2,0.2222222222222222,0.3849001794597505,3,0.22222222222222224
M1-CN045,237.4,0.1111111111111111,0.19245008972987526,3,0.11111111111111112
M1-CN045,237.6,0.1111111111111111,0.19245008972987526,3,0.11111111111111112
M1-CN045,237.8,0.0,0.0,3,0.0
M1-CN045,238.0,0.0,0.0,3,0.0
M1-CN045,238.2,0.0,0.0,3,0.0
M1-CN045,238.4,0.1111111111111111,0.19245008972987526,3,0.11111111111111112
M1-CN045,238.6,0.1111111111111111,0.19245008972987526,3,0.11111111111111112
M1-CN045,238.8,0.2222222222222222,0.3849001794597505,3,0.22222222222222224
M1-CN045,239.0,0.1111111111111111,0.19245008972987526,3,0.11111111111111112
M1-CN045,239.2,0.2222222222222222,0.3849001794597505,3,0.22222222222222224
M1-CN045,239.4,0.2222222222222222,0.3849001794597505,3,0.22222222222222224
M1-CN045,239.6,0.3333333333333333,0.5773502691896258,3,0.33333333333333337
M1-CN045,239.8,0.3333333333333333,0.5773502691896258,3,0.33333333333333337
M1-CN045,240.0,0.3333333333333333,0.5773502691896258,3,0.33333333333333337
M1-CN045,240.2,0.2222222222222222,0.3849001794597505,3,0.22222222222222224
M1-CN045,240.4,0.1111111111111111,0.19245008972987526,3,0.11111111111111112
M1-CN045,240.6,0.0,0.0,3,0.0
M1-CN045,240.8,0.0,0.0,3,0.0
M1-CN045,241.0,0.1111111111111111,0.19245008972987526,3,0.11111111111111112
M1-CN045,241.2,0.2222222222222222,0.3849001794597505,3,0.22222222222222224
M1-CN045,241.4,0.2222222222222222,0.3849001794597505,3,0.22222222222222224
M1-CN045,241.6,0.2222222222222222,0.3849001794597505,3,0.22222222222222224
M1-CN045,241.8,0.1111111111111111,0.19245008972987526,3,0.11111111111111112
M1-CN045,242.0,0.1111111111111111,0.19245008972987526,3,0.11111111111111112
M1-CN045,242.2,0.0,0.0,3,0.0
M1-CN045,242.4,0.1111111111111111,0.19245008972987526,3,0.11111111111111112
M1-CN045,242.6,0.2222222222222222,0.3849001794597505,3,0.22222222222222224
M1-CN045,242.8,0.3333333333333333,0.5773502691896258,3,0.33333333333333337
M1-CN045,243.0,0.3333333333333333,0.5773502691896258,3,0.33333333333333337
M1-CN045,243.2,0.3333333333333333,0.5773502691896258,3,0.33333333333333337
M1-CN045,243.4,0.3333333333333333,0.5773502691896258,3,0.33333333333333337
M1-CN045,243.6,0.3333333333333333,0.5773502691896258,3,0.33333333333333337
M1-CN045,243.8,0.3333333333333333,0.5773502691896258,3,0.33333333333333337
M1-CN045,244.0,0.2222222222222222,0.3849001794597505,3,0.22222222222222224
M1-CN045,244.2,0.2222222222222222,0.3849001794597505,3,0.22222222222222224
M1-CN045,244.4,0.2222222222222222,0.3849001794597505,3,0.22222222222222224
M1-CN045,244.6,0.3333333333333333,0.5773502691896258,3,0.33333333333333337
M1-CN045,244.8,0.3333333333333333,0.5773502691896258,3,0.33333333333333337
M1-CN045,245.0,0.3333333333333333,0.5773502691896258,3,0.33333333333333337
M1-CN045,245.2,0.3333333333333333,0.5773502691896258,3,0.33333333333333337
M1-CN045,245.4,0.2222222222222222,0.3849001794597505,3,0.22222222222222224
M1-CN045,245.6,0.2222222222222222,0.3849001794597505,3,0.22222222222222224
M1-CN045,245.8,0.2222222222222222,0.3849001794597505,3,0.22222222222222224
M1-CN045,246.0,0.2222222222222222,0.3849001794597505,3,0.22222222222222224
M1-CN045,246.2,0.2222222222222222,0.3849001794597505,3,0.22222222222222224
M1-CN045,246.4,0.2222222222222222,0.3849001794597505,3,0.22222222222222224
M1-CN045,246.6,0.2222222222222222,0.3849001794597505,3,0.22222222222222224
M1-CN045,246.8,0.1111111111111111,0.19245008972987526,3,0.11111111111111112
M1-CN045,247.0,0.0,0.0,3,0.0
M1-CN045,247.2,0.1111111111111111,0.19245008972987526,3,0.11111111111111112
M1-CN045,247.4,0.1111111111111111,0.19245008972987526,3,0.11111111111111112
M1-CN045,247.6,0.2222222222222222,0.3849001794597505,3,0.22222222222222224
M1-CN045,247.8,0.1111111111111111,0.19245008972987526,3,0.11111111111111112
M1-CN045,248.0,0.2222222222222222,0.3849001794597505,3,0.22222222222222224
M1-CN045,248.2,0.2222222222222222,0.3849001794597505,3,0.22222222222222224
M1-CN045,248.4,0.2222222222222222,0.3849001794597505,3,0.22222222222222224
M1-CN045,248.6,0.2222222222222222,0.3849001794597505,3,0.22222222222222224
M1-CN045,248.8,0.2222222222222222,0.3849001794597505,3,0.22222222222222224
M1-CN045,249.0,0.2222222222222222,0.3849001794597505,3,0.22222222222222224
M1-CN045,249.2,0.1111111111111111,0.19245008972987526,3,0.11111111111111112
M1-CN045,249.4,0.0,0.0,3,0.0
M1-CN045,249.6,0.1111111111111111,0.19245008972987526,3,0.11111111111111112
M1-CN045,249.8,0.2222222222222222,0.3849001794597505,3,0.22222222222222224
M1-CN045,250.0,0.3333333333333333,0.5773502691896258,3,0.33333333333333337
M1-CN045,250.2,0.2222222222222222,0.3849001794597505,3,0.22222222222222224
M1-CN045,250.4,0.2222222222222222,0.3849001794597505,3,0.22222222222222224
M1-CN045,250.6,0.1111111111111111,0.19245008972987526,3,0.11111111111111112
M1-CN045,250.8,0.2222222222222222,0.3849001794597505,3,0.22222222222222224
M1-CN045,251.0,0.1111111111111111,0.19245008972987526,3,0.11111111111111112
M1-CN045,251.2,0.2222222222222222,0.3849001794597505,3,0.22222222222222224
M1-CN045,251.4,0.1111111111111111,0.19245008972987526,3,0.11111111111111112
M1-CN045,251.6,0.1111111111111111,0.19245008972987526,3,0.11111111111111112
M1-CN045,251.8,0.0,0.0,3,0.0
M1-CN045,252.0,0.1111111111111111,0.19245008972987526,3,0.11111111111111112
M1-CN045,252.2,0.2222222222222222,0.3849001794597505,3,0.22222222222222224
M1-CN045,252.4,0.2222222222222222,0.3849001794597505,3,0.22222222222222224
M1-CN045,252.6,0.1111111111111111,0.19245008972987526,3,0.11111111111111112
M1-CN045,252.8,0.0,0.0,3,0.0
M1-CN045,253.0,0.1111111111111111,0.19245008972987526,3,0.11111111111111112
M1-CN045,253.2,0.2222222222222222,0.3849001794597505,3,0.22222222222222224
M1-CN045,253.4,0.2222222222222222,0.3849001794597505,3,0.22222222222222224
M1-CN045,253.6,0.2222222222222222,0.3849001794597505,3,0.22222222222222224
M1-CN045,253.8,0.2222222222222222,0.3849001794597505,3,0.22222222222222224
M1-CN045,254.0,0.3333333333333333,0.5773502691896258,3,0.33333333333333337
M1-CN045,254.2,0.3333333333333333,0.5773502691896258,3,0.33333333333333337
M1-CN045,254.4,0.3333333333333333,0.5773502691896258,3,0.33333333333333337
M1-CN045,254.6,0.3333333333333333,0.5773502691896258,3,0.33333333333333337
M1-CN045,254.8,0.3333333333333333,0.5773502691896258,3,0.33333333333333337
M1-CN045,255.0,0.2222222222222222,0.3849001794597505,3,0.22222222222222224
M1-CN045,255.2,0.2222222222222222,0.3849001794597505,3,0.22222222222222224
M1-CN045,255.4,0.2222222222222222,0.3849001794597505,3,0.22222222222222224
M1-CN045,255.6,0.2222222222222222,0.3849001794597505,3,0.22222222222222224
M1-CN045,255.8,0.2222222222222222,0.3849001794597505,3,0.22222222222222224
M1-CN045,256.0,0.2222222222222222,0.3849001794597505,3,0.22222222222222224
M1-CN045,256.2,0.3333333333333333,0.5773502691896258,3,0.33333333333333337
M1-CN045,256.4,0.2222222222222222,0.3849001794597505,3,0.22222222222222224
M1-CN045,256.6,0.2222222222222222,0.3849001794597505,3,0.22222222222222224
M1-CN045,256.8,0.1111111111111111,0.19245008972987526,3,0.11111111111111112
M1-CN045,257.0,0.1111111111111111,0.19245008972987526,3,0.11111111111111112
M1-CN045,257.2,0.0,0.0,3,0.0
M1-CN045,257.4,0.1111111111111111,0.19245008972987526,3,0.11111111111111112
M1-CN045,257.6,0.2222222222222222,0.3849001794597505,3,0.22222222222222224
M1-CN045,257.8,0.3333333333333333,0.5773502691896258,3,0.33333333333333337
M1-CN045,258.0,0.3333333333333333,0.5773502691896258,3,0.33333333333333337
M1-CN045,258.2,0.2222222222222222,0.3849001794597505,3,0.22222222222222224
M1-CN045,258.4,0.1111111111111111,0.19245008972987526,3,0.11111111111111112
M1-CN045,258.6,0.1111111111111111,0.19245008972987526,3,0.11111111111111112
M1-CN045,258.8,0.1111111111111111,0.19245008972987526,3,0.11111111111111112
M1-CN045,259.0,0.1111111111111111,0.19245008972987526,3,0.11111111111111112
M1-CN045,259.2,0.0,0.0,3,0.0
M1-CN045,259.4,0.0,0.0,3,0.0
M1-CN045,259.6,0.1111111111111111,0.19245008972987526,3,0.11111111111111112
M1-CN045,259.8,0.1111111111111111,0.19245008972987526,3,0.11111111111111112
M1-CN045,260.0,0.1111111111111111,0.19245008972987526,3,0.11111111111111112
M1-CN045,260.2,0.1111111111111111,0.19245008972987526,3,0.11111111111111112
M1-CN045,260.4,0.2222222222222222,0.3849001794597505,3,0.22222222222222224
M1-CN045,260.6,0.3333333333333333,0.5773502691896258,3,0.33333333333333337
M1-CN045,260.8,0.3333333333333333,0.5773502691896258,3,0.33333333333333337
M1-CN045,261.0,0.2222222222222222,0.3849001794597505,3,0.22222222222222224
M1-CN045,261.2,0.2222222222222222,0.3849001794597505,3,0.22222222222222224
M1-CN045,261.4,0.2222222222222222,0.3849001794597505,3,0.22222222222222224
M1-CN045,261.6,0.2222222222222222,0.3849001794597505,3,0.22222222222222224
M1-CN045,261.8,0.2222222222222222,0.3849001794597505,3,0.22222222222222224
M1-CN045,262.0,0.1111111111111111,0.19245008972987526,3,0.11111111111111112
M1-CN045,262.2,0.2222222222222222,0.3849001794597505,3,0.22222222222222224
M1-CN045,262.4,0.1111111111111111,0.19245008972987526,3,0.11111111111111112
M1-CN045,262.6,0.1111111111111111,0.19245008972987526,3,0.11111111111111112
M1-CN045,262.8,0.0,0.0,3,0.0
M1-CN045,263.0,0.1111111111111111,0.19245008972987526,3,0.11111111111111112
M1-CN045,263.2,0.2222222222222222,0.3849001794597505,3,0.22222222222222224
M1-CN045,263.4,0.2222222222222222,0.3849001794597505,3,0.22222222222222224
M1-CN045,263.6,0.2222222222222222,0.3849001794597505,3,0.22222222222222224
M1-CN045,263.8,0.1111111111111111,0.19245008972987526,3,0.11111111111111112
M1-CN045,264.0,0.1111111111111111,0.19245008972987526,3,0.11111111111111112
M1-CN045,264.2,0.0,0.0,3,0.0
M1-CN045,264.4,0.0,0.0,3,0.0
M1-CN045,264.6,0.1111111111111111,0.19245008972987526,3,0.11111111111111112
M1-CN045,264.8,0.2222222222222222,0.3849001794597505,3,0.22222222222222224
M1-CN045,265.0,0.2222222222222222,0.3849001794597505,3,0.22222222222222224
M1-CN045,265.2,0.2222222222222222,0.3849001794597505,3,0.22222222222222224
M1-CN045,265.4,0.2222222222222222,0.3849001794597505,3,0.22222222222222224
M1-CN045,265.6,0.3333333333333333,0.5773502691896258,3,0.33333333333333337
M1-CN045,265.8,0.2222222222222222,0.3849001794597505,3,0.22222222222222224
M1-CN045,266.0,0.1111111111111111,0.19245008972987526,3,0.11111111111111112
M1-CN045,266.2,0.1111111111111111,0.19245008972987526,3,0.11111111111111112
M1-CN045,266.4,0.2222222222222222,0.3849001794597505,3,0.22222222222222224
M1-CN045,266.6,0.3333333333333333,0.5773502691896258,3,0.33333333333333337
M1-CN045,266.8,0.2222222222222222,0.3849001794597505,3,0.22222222222222224
M1-CN045,267.0,0.2222222222222222,0.3849001794597505,3,0.22222222222222224
M1-CN045,267.2,0.2222222222222222,0.3849001794597505,3,0.22222222222222224
M1-CN045,267.4,0.3333333333333333,0.5773502691896258,3,0.33333333333333337
M1-CN045,267.6,0.3333333333333333,0.5773502691896258,3,0.33333333333333337
M1-CN045,267.8,0.3333333333333333,0.5773502691896258,3,0.33333333333333337
M1-CN045,268.0,0.3333333333333333,0.5773502691896258,3,0.33333333333333337
M1-CN045,268.2,0.3333333333333333,0.5773502691896258,3,0.33333333333333337
M1-CN045,268.4,0.2222222222222222,0.3849001794597505,3,0.22222222222222224
M1-CN045,268.6,0.1111111111111111,0.19245008972987526,3,0.11111111111111112
M1-CN045,268.8,0.0,0.0,3,0.0
M1-CN045,269.0,0.1111111111111111,0.19245008972987526,3,0.11111111111111112
M1-CN045,269.2,0.1111111111111111,0.19245008972987526,3,0.11111111111111112
M1-CN045,269.4,0.1111111111111111,0.19245008972987526,3,0.11111111111111112
M1-CN045,269.6,0.0,0.0,3,0.0
M1-CN045,269.8,0.1111111111111111,0.19245008972987526,3,0.11111111111111112
M1-CN045,270.0,0.1111111111111111,0.19245008972987526,3,0.11111111111111112
M1-CN045,270.2,0.2222222222222222,0.3849001794597505,3,0.22222222222222224
M1-CN045,270.4,0.2222222222222222,0.3849001794597505,3,0.22222222222222224
M1-CN045,270.6,0.2222222222222222,0.3849001794597505,3,0.22222222222222224
M1-CN045,270.8,0.2222222222222222,0.3849001794597505,3,0.22222222222222224
M1-CN045,271.0,0.2222222222222222,0.3849001794597505,3,0.22222222222222224
M1-CN045,271.2,0.2222222222222222,0.3849001794597505,3,0.22222222222222224
M1-CN045,271.4,0.2222222222222222,0.3849001794597505,3,0.22222222222222224
M1-CN045,271.6,0.2222222222222222,0.3849001794597505,3,0.22222222222222224
M1-CN045,271.8,0.3333333333333333,0.5773502691896258,3,0.33333333333333337
M1-CN045,272.0,0.3333333333333333,0.5773502691896258,3,0.33333333333333337
M1-CN045,272.2,0.3333333333333333,0.5773502691896258,3,0.33333333333333337
M1-CN045,272.4,0.3333333333333333,0.5773502691896258,3,0.33333333333333337
M1-CN045,272.6,0.2222222222222222,0.3849001794597505,3,0.22222222222222224
M1-CN045,272.8,0.1111111111111111,0.19245008972987526,3,0.11111111111111112
M1-CN045,273.0,0.1111111111111111,0.19245008972987526,3,0.11111111111111112
M1-CN045,273.2,0.2222222222222222,0.3849001794597505,3,0.22222222222222224
M1-CN045,273.4,0.3333333333333333,0.5773502691896258,3,0.33333333333333337
M1-CN045,273.6,0.2222222222222222,0.3849001794597505,3,0.22222222222222224
M1-CN045,273.8,0.2222222222222222,0.3849001794597505,3,0.22222222222222224
M1-CN045,274.0,0.2222222222222222,0.3849001794597505,3,0.22222222222222224
M1-CN045,274.2,0.3333333333333333,0.5773502691896258,3,0.33333333333333337
M1-CN045,274.4,0.3333333333333333,0.5773502691896258,3,0.33333333333333337
M1-CN045,274.6,0.3333333333333333,0.5773502691896258,3,0.33333333333333337
M1-CN045,274.8,0.3333333333333333,0.5773502691896258,3,0.33333333333333337
M1-CN045,275.0,0.3333333333333333,0.5773502691896258,3,0.33333333333333337
M1-CN045,275.2,0.3333333333333333,0.5773502691896258,3,0.33333333333333337
M1-CN045,275.4,0.3333333333333333,0.5773502691896258,3,0.33333333333333337
M1-CN045,275.6,0.3333333333333333,0.5773502691896258,3,0.33333333333333337
M1-CN045,275.8,0.3333333333333333,0.5773502691896258,3,0.33333333333333337
M1-CN045,276.0,0.3333333333333333,0.5773502691896258,3,0.33333333333333337
M1-CN045,276.2,0.3333333333333333,0.5773502691896258,3,0.33333333333333337
M1-CN045,276.4,0.3333333333333333,0.5773502691896258,3,0.33333333333333337
M1-CN045,276.6,0.2222222222222222,0.3849001794597505,3,0.22222222222222224
M1-CN045,276.8,0.1111111111111111,0.19245008972987526,3,0.11111111111111112
M1-CN045,277.0,0.0,0.0,3,0.0
M1-CN045,277.2,0.1111111111111111,0.19245008972987526,3,0.11111111111111112
M1-CN045,277.4,0.1111111111111111,0.19245008972987526,3,0.11111111111111112
M1-CN045,277.6,0.2222222222222222,0.3849001794597505,3,0.22222222222222224
M1-CN045,277.8,0.2222222222222222,0.3849001794597505,3,0.22222222222222224
M1-CN045,278.0,0.3333333333333333,0.5773502691896258,3,0.33333333333333337
M1-CN045,278.2,0.3333333333333333,0.5773502691896258,3,0.33333333333333337
M1-CN045,278.4,0.3333333333333333,0.5773502691896258,3,0.33333333333333337
M1-CN045,278.6,0.3333333333333333,0.5773502691896258,3,0.33333333333333337
M1-CN045,278.8,0.3333333333333333,0.5773502691896258,3,0.33333333333333337
M1-CN045,279.0,0.3333333333333333,0.5773502691896258,3,0.33333333333333337
M1-CN045,279.2,0.2222222222222222,0.3849001794597505,3,0.22222222222222224
M1-CN045,279.4,0.1111111111111111,0.19245008972987526,3,0.11111111111111112
M1-CN045,279.6,0.0,0.0,3,0.0
M1-CN045,279.8,0.1111111111111111,0.19245008972987526,3,0.11111111111111112
M1-CN045,280.0,0.1111111111111111,0.19245008972987526,3,0.11111111111111112
M1-CN045,280.2,0.2222222222222222,0.3849001794597505,3,0.22222222222222224
M1-CN045,280.4,0.2222222222222222,0.3849001794597505,3,0.22222222222222224
M1-CN045,280.6,0.2222222222222222,0.3849001794597505,3,0.22222222222222224
M1-CN045,280.8,0.2222222222222222,0.3849001794597505,3,0.22222222222222224
M1-CN045,281.0,0.2222222222222222,0.3849001794597505,3,0.22222222222222224
M1-CN045,281.2,0.2222222222222222,0.3849001794597505,3,0.22222222222222224
M1-CN045,281.4,0.2222222222222222,0.3849001794597505,3,0.22222222222222224
M1-CN045,281.6,0.2222222222222222,0.3849001794597505,3,0.22222222222222224
M1-CN045,281.8,0.3333333333333333,0.5773502691896258,3,0.33333333333333337
M1-CN045,282.0,0.3333333333333333,0.5773502691896258,3,0.33333333333333337
M1-CN045,282.2,0.2222222222222222,0.3849001794597505,3,0.22222222222222224
M1-CN045,282.4,0.2222222222222222,0.3849001794597505,3,0.22222222222222224
M1-CN045,282.6,0.1111111111111111,0.19245008972987526,3,0.11111111111111112
M1-CN045,282.8,0.2222222222222222,0.3849001794597505,3,0.22222222222222224
M1-CN045,283.0,0.2222222222222222,0.3849001794597505,3,0.22222222222222224
M1-CN045,283.2,0.2222222222222222,0.3849001794597505,3,0.22222222222222224
M1-CN045,283.4,0.2222222222222222,0.3849001794597505,3,0.22222222222222224
M1-CN045,283.6,0.1111111111111111,0.19245008972987526,3,0.11111111111111112
M1-CN045,283.8,0.2222222222222222,0.3849001794597505,3,0.22222222222222224
M1-CN045,284.0,0.1111111111111111,0.19245008972987526,3,0.11111111111111112
M1-CN045,284.2,0.2222222222222222,0.3849001794597505,3,0.22222222222222224
M1-CN045,284.4,0.2222222222222222,0.3849001794597505,3,0.22222222222222224
M1-CN045,284.6,0.3333333333333333,0.5773502691896258,3,0.33333333333333337
M1-CN045,284.8,0.3333333333333333,0.5773502691896258,3,0.33333333333333337
M1-CN045,285.0,0.3333333333333333,0.5773502691896258,3,0.33333333333333337
M1-CN045,285.2,0.3333333333333333,0.5773502691896258,3,0.33333333333333337
M1-CN045,285.4,0.2222222222222222,0.3849001794597505,3,0.22222222222222224
M1-CN045,285.6,0.1111111111111111,0.19245008972987526,3,0.11111111111111112
M1-CN045,285.8,0.1111111111111111,0.19245008972987526,3,0.11111111111111112
M1-CN045,286.0,0.1111111111111111,0.19245008972987526,3,0.11111111111111112
M1-CN045,286.2,0.1111111111111111,0.19245008972987526,3,0.11111111111111112
M1-CN045,286.4,0.1111111111111111,0.19245008972987526,3,0.11111111111111112
M1-CN045,286.6,0.2222222222222222,0.3849001794597505,3,0.22222222222222224
M1-CN045,286.8,0.3333333333333333,0.5773502691896258,3,0.33333333333333337
M1-CN045,287.0,0.3333333333333333,0.5773502691896258,3,0.33333333333333337
M1-CN045,287.2,0.2222222222222222,0.3849001794597505,3,0.22222222222222224
M1-CN045,287.4,0.2222222222222222,0.3849001794597505,3,0.22222222222222224
M1-CN045,287.6,0.2222222222222222,0.3849001794597505,3,0.22222222222222224
M1-CN045,287.8,0.3333333333333333,0.5773502691896258,3,0.33333333333333337
M1-CN045,288.0,0.3333333333333333,0.5773502691896258,3,0.33333333333333337
M1-CN045,288.2,0.3333333333333333,0.5773502691896258,3,0.33333333333333337
M1-CN045,288.4,0.3333333333333333,0.5773502691896258,3,0.33333333333333337
M1-CN045,288.6,0.3333333333333333,0.5773502691896258,3,0.33333333333333337
M1-CN045,288.8,0.3333333333333333,0.5773502691896258,3,0.33333333333333337
M1-CN045,289.0,0.3333333333333333,0.5773502691896258,3,0.33333333333333337
M1-CN045,289.2,0.3333333333333333,0.5773502691896258,3,0.33333333333333337
M1-CN045,289.4,0.3333333333333333,0.5773502691896258,3,0.33333333333333337
M1-CN045,289.6,0.3333333333333333,0.5773502691896258,3,0.33333333333333337
M1-CN045,289.8,0.3333333333333333,0.5773502691896258,3,0.33333333333333337
M1-CN045,290.0,0.3333333333333333,0.5773502691896258,3,0.33333333333333337
M1-CN045,290.2,0.3333333333333333,0.5773502691896258,3,0.33333333333333337
M1-CN045,290.4,0.3333333333333333,0.5773502691896258,3,0.33333333333333337
M1-CN045,290.6,0.3333333333333333,0.5773502691896258,3,0.33333333333333337
M1-CN045,290.8,0.3333333333333333,0.5773502691896258,3,0.33333333333333337
M1-CN045,291.0,0.3333333333333333,0.5773502691896258,3,0.33333333333333337
M1-CN045,291.2,0.3333333333333333,0.5773502691896258,3,0.33333333333333337
M1-CN045,291.4,0.3333333333333333,0.5773502691896258,3,0.33333333333333337
M1-CN045,291.6,0.3333333333333333,0.5773502691896258,3,0.33333333333333337
M1-CN045,291.8,0.3333333333333333,0.5773502691896258,3,0.33333333333333337
M1-CN045,292.0,0.3333333333333333,0.5773502691896258,3,0.33333333333333337
M1-CN045,292.2,0.3333333333333333,0.5773502691896258,3,0.33333333333333337
M1-CN045,292.4,0.3333333333333333,0.5773502691896258,3,0.33333333333333337
M1-CN045,292.6,0.3333333333333333,0.5773502691896258,3,0.33333333333333337
M1-CN045,292.8,0.3333333333333333,0.5773502691896258,3,0.33333333333333337
M1-CN045,293.0,0.3333333333333333,0.5773502691896258,3,0.33333333333333337
M1-CN045,293.2,0.2222222222222222,0.3849001794597505,3,0.22222222222222224
M1-CN045,293.4,0.2222222222222222,0.3849001794597505,3,0.22222222222222224
M1-CN045,293.6,0.2222222222222222,0.3849001794597505,3,0.22222222222222224
M1-CN045,293.8,0.3333333333333333,0.5773502691896258,3,0.33333333333333337
M1-CN045,294.0,0.3333333333333333,0.5773502691896258,3,0.33333333333333337
M1-CN045,294.2,0.2222222222222222,0.3849001794597505,3,0.22222222222222224
M1-CN045,294.4,0.2222222222222222,0.3849001794597505,3,0.22222222222222224
M1-CN045,294.6,0.2222222222222222,0.3849001794597505,3,0.22222222222222224
M1-CN045,294.8,0.3333333333333333,0.5773502691896258,3,0.33333333333333337
M1-CN045,295.0,0.3333333333333333,0.5773502691896258,3,0.33333333333333337
M1-CN045,295.2,0.3333333333333333,0.5773502691896258,3,0.33333333333333337
M1-CN045,295.4,0.3333333333333333,0.5773502691896258,3,0.33333333333333337
M1-CN045,295.6,0.3333333333333333,0.5773502691896258,3,0.33333333333333337
M1-CN045,295.8,0.3333333333333333,0.5773502691896258,3,0.33333333333333337
M1-CN045,296.0,0.3333333333333333,0.5773502691896258,3,0.33333333333333337
M1-CN045,296.2,0.3333333333333333,0.5773502691896258,3,0.33333333333333337
M1-CN045,296.4,0.3333333333333333,0.5773502691896258,3,0.33333333333333337
M1-CN045,296.6,0.3333333333333333,0.5773502691896258,3,0.33333333333333337
M1-CN045,296.8,0.3333333333333333,0.5773502691896258,3,0.33333333333333337
M1-CN045,297.0,0.3333333333333333,0.5773502691896258,3,0.33333333333333337
M1-CN045,297.2,0.3333333333333333,0.5773502691896258,3,0.33333333333333337
M1-CN045,297.4,0.3333333333333333,0.5773502691896258,3,0.33333333333333337
M1-CN045,297.6,0.3333333333333333,0.5773502691896258,3,0.33333333333333337
M1-CN045,297.8,0.2222222222222222,0.3849001794597505,3,0.22222222222222224
M1-CN045,298.0,0.2222222222222222,0.3849001794597505,3,0.22222222222222224
M1-CN045,298.2,0.2222222222222222,0.3849001794597505,3,0.22222222222222224
M1-CN045,298.4,0.2222222222222222,0.3849001794597505,3,0.22222222222222224
M1-CN045,298.6,0.2222222222222222,0.3849001794597505,3,0.22222222222222224
M1-CN045,298.8,0.2222222222222222,0.3849001794597505,3,0.22222222222222224
M1-CN045,299.0,0.3333333333333333,0.5773502691896258,3,0.33333333333333337
M1-CN045,299.2,0.3333333333333333,0.5773502691896258,3,0.33333333333333337
M1-CN045,299.4,0.3333333333333333,0.5773502691896258,3,0.33333333333333337
M1-CN045,299.6,0.3333333333333333,0.5773502691896258,3,0.33333333333333337
M1-CN045,299.8,0.3333333333333333,0.5773502691896258,3,0.33333333333333337
M1-CN045,300.0,0.3333333333333333,0.5773502691896258,3,0.33333333333333337
M1-CN045,300.2,0.3333333333333333,0.5773502691896258,3,0.33333333333333337
M1-CN045,300.4,0.3333333333333333,0.5773502691896258,3,0.33333333333333337
M1-CN045,300.6,0.3333333333333333,0.5773502691896258,3,0.33333333333333337
M1-CN045,300.8,0.2222222222222222,0.3849001794597505,3,0.22222222222222224
M1-CN045,301.0,0.2222222222222222,0.3849001794597505,3,0.22222222222222224
M1-CN045,301.2,0.2222222222222222,0.3849001794597505,3,0.22222222222222224
M1-CN045,301.4,0.3333333333333333,0.5773502691896258,3,0.33333333333333337
M1-CN045,301.6,0.2222222222222222,0.3849001794597505,3,0.22222222222222224
M1-CN045,301.8,0.1111111111111111,0.19245008972987526,3,0.11111111111111112
M1-CN045,302.0,0.1111111111111111,0.19245008972987526,3,0.11111111111111112
M1-CN045,302.2,0.2222222222222222,0.3849001794597505,3,0.22222222222222224
M1-CN045,302.4,0.3333333333333333,0.5773502691896258,3,0.33333333333333337
M1-CN045,302.6,0.3333333333333333,0.5773502691896258,3,0.33333333333333337
M1-CN045,302.8,0.3333333333333333,0.5773502691896258,3,0.33333333333333337
M1-CN045,303.0,0.3333333333333333,0.5773502691896258,3,0.33333333333333337
M1-CN045,303.2,0.2222222222222222,0.3849001794597505,3,0.22222222222222224
M1-CN045,303.4,0.2222222222222222,0.3849001794597505,3,0.22222222222222224
M1-CN045,303.6,0.2222222222222222,0.3849001794597505,3,0.22222222222222224
M1-CN045,303.8,0.3333333333333333,0.5773502691896258,3,0.33333333333333337
M1-CN045,304.0,0.3333333333333333,0.5773502691896258,3,0.33333333333333337
M1-CN045,304.2,0.3333333333333333,0.5773502691896258,3,0.33333333333333337
M1-CN045,304.4,0.3333333333333333,0.5773502691896258,3,0.33333333333333337
M1-CN045,304.6,0.2222222222222222,0.3849001794597505,3,0.22222222222222224
M1-CN045,304.8,0.2222222222222222,0.3849001794597505,3,0.22222222222222224
M1-CN045,305.0,0.2222222222222222,0.3849001794597505,3,0.22222222222222224
M1-CN045,305.2,0.3333333333333333,0.5773502691896258,3,0.33333333333333337
M1-CN045,305.4,0.3333333333333333,0.5773502691896258,3,0.33333333333333337
M1-CN045,305.6,0.3333333333333333,0.5773502691896258,3,0.33333333333333337
M1-CN045,305.8,0.3333333333333333,0.5773502691896258,3,0.33333333333333337
M1-CN045,306.0,0.3333333333333333,0.5773502691896258,3,0.33333333333333337
M1-CN045,306.2,0.3333333333333333,0.5773502691896258,3,0.33333333333333337
M1-CN045,306.4,0.3333333333333333,0.5773502691896258,3,0.33333333333333337
M1-CN045,306.6,0.3333333333333333,0.5773502691896258,3,0.33333333333333337
M1-CN045,306.8,0.3333333333333333,0.5773502691896258,3,0.33333333333333337
M1-CN045,307.0,0.3333333333333333,0.5773502691896258,3,0.33333333333333337
M1-CN045,307.2,0.3333333333333333,0.5773502691896258,3,0.33333333333333337
M1-CN045,307.4,0.3333333333333333,0.5773502691896258,3,0.33333333333333337
M1-CN045,307.6,0.3333333333333333,0.5773502691896258,3,0.33333333333333337
M1-CN045,307.8,0.3333333333333333,0.5773502691896258,3,0.33333333333333337
M1-CN045,308.0,0.3333333333333333,0.5773502691896258,3,0.33333333333333337
M1-CN045,308.2,0.3333333333333333,0.5773502691896258,3,0.33333333333333337
M1-CN045,308.4,0.2222222222222222,0.3849001794597505,3,0.22222222222222224
M1-CN045,308.6,0.2222222222222222,0.3849001794597505,3,0.22222222222222224
M1-CN045,308.8,0.2222222222222222,0.3849001794597505,3,0.22222222222222224
M1-CN045,309.0,0.3333333333333333,0.5773502691896258,3,0.33333333333333337
M1-CN045,309.2,0.2222222222222222,0.3849001794597505,3,0.22222222222222224
M1-CN045,309.4,0.1111111111111111,0.19245008972987526,3,0.11111111111111112
M1-CN045,309.6,0.1111111111111111,0.19245008972987526,3,0.11111111111111112
M1-CN045,309.8,0.2222222222222222,0.3849001794597505,3,0.22222222222222224
M1-CN045,310.0,0.3333333333333333,0.5773502691896258,3,0.33333333333333337
M1-CN045,310.2,0.2222222222222222,0.3849001794597505,3,0.22222222222222224
M1-CN045,310.4,0.1111111111111111,0.19245008972987526,3,0.11111111111111112
M1-CN045,310.6,0.0,0.0,3,0.0
M1-CN045,310.8,0.1111111111111111,0.19245008972987526,3,0.11111111111111112
M1-CN045,311.0,0.2222222222222222,0.3849001794597505,3,0.22222222222222224
M1-CN045,311.2,0.3333333333333333,0.5773502691896258,3,0.33333333333333337
M1-CN045,311.4,0.3333333333333333,0.5773502691896258,3,0.33333333333333337
M1-CN045,311.6,0.2222222222222222,0.3849001794597505,3,0.22222222222222224
M1-CN045,311.8,0.2222222222222222,0.3849001794597505,3,0.22222222222222224
M1-CN045,312.0,0.2222222222222222,0.3849001794597505,3,0.22222222222222224
M1-CN045,312.2,0.2222222222222222,0.3849001794597505,3,0.22222222222222224
M1-CN045,312.4,0.1111111111111111,0.19245008972987526,3,0.11111111111111112
M1-CN045,312.6,0.0,0.0,3,0.0
M1-CN045,312.8,0.1111111111111111,0.19245008972987526,3,0.11111111111111112
M1-CN045,313.0,0.2222222222222222,0.3849001794597505,3,0.22222222222222224
M1-CN045,313.2,0.2222222222222222,0.3849001794597505,3,0.22222222222222224
M1-CN045,313.4,0.2222222222222222,0.3849001794597505,3,0.22222222222222224
M1-CN045,313.6,0.2222222222222222,0.3849001794597505,3,0.22222222222222224
M1-CN045,313.8,0.3333333333333333,0.5773502691896258,3,0.33333333333333337
M1-CN045,314.0,0.3333333333333333,0.5773502691896258,3,0.33333333333333337
M1-CN045,314.2,0.3333333333333333,0.5773502691896258,3,0.33333333333333337
M1-CN045,314.4,0.2222222222222222,0.3849001794597505,3,0.22222222222222224
M1-CN045,314.6,0.2222222222222222,0.3849001794597505,3,0.22222222222222224
M1-CN045,314.8,0.2222222222222222,0.3849001794597505,3,0.22222222222222224
M1-CN045,315.0,0.3333333333333333,0.5773502691896258,3,0.33333333333333337
M1-CN045,315.2,0.3333333333333333,0.5773502691896258,3,0.33333333333333337
M1-CN045,315.4,0.3333333333333333,0.5773502691896258,3,0.33333333333333337
M1-CN045,315.6,0.3333333333333333,0.5773502691896258,3,0.33333333333333337
M1-CN045,315.8,0.3333333333333333,0.5773502691896258,3,0.33333333333333337
M1-CN045,316.0,0.3333333333333333,0.5773502691896258,3,0.33333333333333337
M1-CN045,316.2,0.2222222222222222,0.3849001794597505,3,0.22222222222222224
M1-CN045,316.4,0.1111111111111111,0.19245008972987526,3,0.11111111111111112
M1-CN045,316.6,0.1111111111111111,0.19245008972987526,3,0.11111111111111112
M1-CN045,316.8,0.1111111111111111,0.19245008972987526,3,0.11111111111111112
M1-CN045,317.0,0.2222222222222222,0.3849001794597505,3,0.22222222222222224
M1-CN045,317.2,0.2222222222222222,0.3849001794597505,3,0.22222222222222224
M1-CN045,317.4,0.3333333333333333,0.5773502691896258,3,0.33333333333333337
M1-CN045,317.6,0.2222222222222222,0.3849001794597505,3,0.22222222222222224
M1-CN045,317.8,0.2222222222222222,0.3849001794597505,3,0.22222222222222224
M1-CN045,318.0,0.1111111111111111,0.19245008972987526,3,0.11111111111111112
M1-CN045,318.2,0.2222222222222222,0.3849001794597505,3,0.22222222222222224
M1-CN045,318.4,0.2222222222222222,0.3849001794597505,3,0.22222222222222224
M1-CN045,318.6,0.2222222222222222,0.3849001794597505,3,0.22222222222222224
M1-CN045,318.8,0.1111111111111111,0.19245008972987526,3,0.11111111111111112
M1-CN045,319.0,0.0,0.0,3,0.0
M1-CN045,319.2,0.0,0.0,3,0.0
M1-CN045,319.4,0.1111111111111111,0.19245008972987526,3,0.11111111111111112
M1-CN045,319.6,0.2222222222222222,0.3849001794597505,3,0.22222222222222224
M1-CN045,319.8,0.2222222222222222,0.3849001794597505,3,0.22222222222222224
M1-CN045,320.0,0.2222222222222222,0.3849001794597505,3,0.22222222222222224
M1-CN045,320.2,0.2222222222222222,0.3849001794597505,3,0.22222222222222224
M1-CN045,320.4,0.3333333333333333,0.5773502691896258,3,0.33333333333333337
M1-CN045,320.6,0.3333333333333333,0.5773502691896258,3,0.33333333333333337
M1-CN045,320.8,0.3333333333333333,0.5773502691896258,3,0.33333333333333337
M1-CN045,321.0,0.2222222222222222,0.3849001794597505,3,0.22222222222222224
M1-CN045,321.2,0.2222222222222222,0.3849001794597505,3,0.22222222222222224
M1-CN045,321.4,0.2222222222222222,0.3849001794597505,3,0.22222222222222224
M1-CN045,321.6,0.3333333333333333,0.5773502691896258,3,0.33333333333333337
M1-CN045,321.8,0.2222222222222222,0.3849001794597505,3,0.22222222222222224
M1-CN045,322.0,0.2222222222222222,0.3849001794597505,3,0.22222222222222224
M1-CN045,322.2,0.1111111111111111,0.19245008972987526,3,0.11111111111111112
M1-CN045,322.4,0.1111111111111111,0.19245008972987526,3,0.11111111111111112
M1-CN045,322.6,0.1111111111111111,0.19245008972987526,3,0.11111111111111112
M1-CN045,322.8,0.2222222222222222,0.3849001794597505,3,0.22222222222222224
M1-CN045,323.0,0.2222222222222222,0.3849001794597505,3,0.22222222222222224
M1-CN045,323.2,0.1111111111111111,0.19245008972987526,3,0.11111111111111112
M1-CN045,323.4,0.1111111111111111,0.19245008972987526,3,0.11111111111111112
M1-CN045,323.6,0.2222222222222222,0.3849001794597505,3,0.22222222222222224
M1-CN045,323.8,0.3333333333333333,0.5773502691896258,3,0.33333333333333337
M1-CN045,324.0,0.3333333333333333,0.5773502691896258,3,0.33333333333333337
M1-CN045,324.2,0.3333333333333333,0.5773502691896258,3,0.33333333333333337
M1-CN045,324.4,0.2222222222222222,0.3849001794597505,3,0.22222222222222224
M1-CN045,324.6,0.1111111111111111,0.19245008972987526,3,0.11111111111111112
M1-CN045,324.8,0.1111111111111111,0.19245008972987526,3,0.11111111111111112
M1-CN045,325.0,0.2222222222222222,0.3849001794597505,3,0.22222222222222224
M1-CN045,325.2,0.2222222222222222,0.3849001794597505,3,0.22222222222222224
M1-CN045,325.4,0.1111111111111111,0.19245008972987526,3,0.11111111111111112
M1-CN045,325.6,0.0,0.0,3,0.0
M1-CN045,325.8,0.0,0.0,3,0.0
M1-CN045,326.0,0.0,0.0,3,0.0
M1-CN045,326.2,0.0,0.0,3,0.0
M1-CN045,326.4,0.1111111111111111,0.19245008972987526,3,0.11111111111111112
M1-CN045,326.6,0.2222222222222222,0.3849001794597505,3,0.22222222222222224
M1-CN045,326.8,0.2222222222222222,0.3849001794597505,3,0.22222222222222224
M1-CN045,327.0,0.2222222222222222,0.3849001794597505,3,0.22222222222222224
M1-CN045,327.2,0.2222222222222222,0.3849001794597505,3,0.22222222222222224
M1-CN045,327.4,0.3333333333333333,0.5773502691896258,3,0.33333333333333337
M1-CN045,327.6,0.2222222222222222,0.3849001794597505,3,0.22222222222222224
M1-CN045,327.8,0.2222222222222222,0.3849001794597505,3,0.22222222222222224
M1-CN045,328.0,0.2222222222222222,0.3849001794597505,3,0.22222222222222224
M1-CN045,328.2,0.3333333333333333,0.5773502691896258,3,0.33333333333333337
M1-CN045,328.4,0.3333333333333333,0.5773502691896258,3,0.33333333333333337
M1-CN045,328.6,0.3333333333333333,0.5773502691896258,3,0.33333333333333337
M1-CN045,328.8,0.3333333333333333,0.5773502691896258,3,0.33333333333333337
M1-CN045,329.0,0.3333333333333333,0.5773502691896258,3,0.33333333333333337
M1-CN045,329.2,0.3333333333333333,0.5773502691896258,3,0.33333333333333337
M1-CN045,329.4,0.3333333333333333,0.5773502691896258,3,0.33333333333333337
M1-CN045,329.6,0.3333333333333333,0.5773502691896258,3,0.33333333333333337
M1-CN045,329.8,0.3333333333333333,0.5773502691896258,3,0.33333333333333337
M1-CN045,330.0,0.3333333333333333,0.5773502691896258,3,0.33333333333333337
M1-CN045,330.2,0.3333333333333333,0.5773502691896258,3,0.33333333333333337
M1-CN045,330.4,0.3333333333333333,0.5773502691896258,3,0.33333333333333337
M1-CN045,330.6,0.3333333333333333,0.5773502691896258,3,0.33333333333333337
M1-CN045,330.8,0.3333333333333333,0.5773502691896258,3,0.33333333333333337
M1-CN045,331.0,0.3333333333333333,0.5773502691896258,3,0.33333333333333337
M1-CN045,331.2,0.2222222222222222,0.3849001794597505,3,0.22222222222222224
M1-CN045,331.4,0.2222222222222222,0.3849001794597505,3,0.22222222222222224
M1-CN045,331.6,0.2222222222222222,0.3849001794597505,3,0.22222222222222224
M1-CN045,331.8,0.3333333333333333,0.5773502691896258,3,0.33333333333333337
M1-CN045,332.0,0.2222222222222222,0.3849001794597505,3,0.22222222222222224
M1-CN045,332.2,0.2222222222222222,0.3849001794597505,3,0.22222222222222224
M1-CN045,332.4,0.1111111111111111,0.19245008972987526,3,0.11111111111111112
M1-CN045,332.6,0.2222222222222222,0.3849001794597505,3,0.22222222222222224
M1-CN045,332.8,0.2222222222222222,0.3849001794597505,3,0.22222222222222224
M1-CN045,333.0,0.3333333333333333,0.5773502691896258,3,0.33333333333333337
M1-CN045,333.2,0.3333333333333333,0.5773502691896258,3,0.33333333333333337
M1-CN045,333.4,0.2222222222222222,0.3849001794597505,3,0.22222222222222224
M1-CN045,333.6,0.2222222222222222,0.3849001794597505,3,0.22222222222222224
M1-CN045,333.8,0.2222222222222222,0.3849001794597505,3,0.22222222222222224
M1-CN045,334.0,0.3333333333333333,0.5773502691896258,3,0.33333333333333337
M1-CN045,334.2,0.3333333333333333,0.5773502691896258,3,0.33333333333333337
M1-CN045,334.4,0.3333333333333333,0.5773502691896258,3,0.33333333333333337
M1-CN045,334.6,0.3333333333333333,0.5773502691896258,3,0.33333333333333337
M1-CN045,334.8,0.3333333333333333,0.5773502691896258,3,0.33333333333333337
M1-CN045,335.0,0.3333333333333333,0.5773502691896258,3,0.33333333333333337
M1-CN045,335.2,0.3333333333333333,0.5773502691896258,3,0.33333333333333337
M1-CN045,335.4,0.3333333333333333,0.5773502691896258,3,0.33333333333333337
M1-CN045,335.6,0.3333333333333333,0.5773502691896258,3,0.33333333333333337
M1-CN045,335.8,0.3333333333333333,0.5773502691896258,3,0.33333333333333337
M1-CN045,336.0,0.3333333333333333,0.5773502691896258,3,0.33333333333333337
M1-CN045,336.2,0.3333333333333333,0.5773502691896258,3,0.33333333333333337
M1-CN045,336.4,0.3333333333333333,0.5773502691896258,3,0.33333333333333337
M1-CN045,336.6,0.3333333333333333,0.5773502691896258,3,0.33333333333333337
M1-CN045,336.8,0.3333333333333333,0.5773502691896258,3,0.33333333333333337
M1-CN045,337.0,0.3333333333333333,0.5773502691896258,3,0.33333333333333337
M1-CN045,337.2,0.3333333333333333,0.5773502691896258,3,0.33333333333333337
M1-CN045,337.4,0.3333333333333333,0.5773502691896258,3,0.33333333333333337
M1-CN045,337.6,0.2222222222222222,0.3849001794597505,3,0.22222222222222224
M1-CN045,337.8,0.2222222222222222,0.3849001794597505,3,0.22222222222222224
M1-CN045,338.0,0.2222222222222222,0.3849001794597505,3,0.22222222222222224
M1-CN045,338.2,0.3333333333333333,0.5773502691896258,3,0.33333333333333337
M1-CN045,338.4,0.3333333333333333,0.5773502691896258,3,0.33333333333333337
M1-CN045,338.6,0.3333333333333333,0.5773502691896258,3,0.33333333333333337
M1-CN045,338.8,0.3333333333333333,0.5773502691896258,3,0.33333333333333337
M1-CN045,339.0,0.3333333333333333,0.5773502691896258,3,0.33333333333333337
M1-CN045,339.2,0.3333333333333333,0.5773502691896258,3,0.33333333333333337
M1-CN045,339.4,0.3333333333333333,0.5773502691896258,3,0.33333333333333337
M1-CN045,339.6,0.3333333333333333,0.5773502691896258,3,0.33333333333333337
M1-CN045,339.8,0.3333333333333333,0.5773502691896258,3,0.33333333333333337
M1-CN045,340.0,0.3333333333333333,0.5773502691896258,3,0.33333333333333337
M1-CN045,340.2,0.2222222222222222,0.3849001794597505,3,0.22222222222222224
M1-CN045,340.4,0.2222222222222222,0.3849001794597505,3,0.22222222222222224
M1-CN045,340.6,0.2222222222222222,0.3849001794597505,3,0.22222222222222224
M1-CN045,340.8,0.2222222222222222,0.3849001794597505,3,0.22222222222222224
M1-CN045,341.0,0.2222222222222222,0.3849001794597505,3,0.22222222222222224
M1-CN045,341.2,0.2222222222222222,0.3849001794597505,3,0.22222222222222224
M1-CN045,341.4,0.3333333333333333,0.5773502691896258,3,0.33333333333333337
M1-CN045,341.6,0.3333333333333333,0.5773502691896258,3,0.33333333333333337
M1-CN045,341.8,0.3333333333333333,0.5773502691896258,3,0.33333333333333337
M1-CN045,342.0,0.3333333333333333,0.5773502691896258,3,0.33333333333333337
M1-CN045,342.2,0.3333333333333333,0.5773502691896258,3,0.33333333333333337
M1-CN045,342.4,0.2222222222222222,0.3849001794597505,3,0.22222222222222224
M1-CN045,342.6,0.1111111111111111,0.19245008972987526,3,0.11111111111111112
M1-CN045,342.8,0.1111111111111111,0.19245008972987526,3,0.11111111111111112
M1-CN045,343.0,0.2222222222222222,0.3849001794597505,3,0.22222222222222224
M1-CN045,343.2,0.3333333333333333,0.5773502691896258,3,0.33333333333333337
M1-CN045,343.4,0.3333333333333333,0.5773502691896258,3,0.33333333333333337
M1-CN045,343.6,0.3333333333333333,0.5773502691896258,3,0.33333333333333337
M1-CN045,343.8,0.3333333333333333,0.5773502691896258,3,0.33333333333333337
M1-CN045,344.0,0.3333333333333333,0.5773502691896258,3,0.33333333333333337
M1-CN045,344.2,0.3333333333333333,0.5773502691896258,3,0.33333333333333337
M1-CN045,344.4,0.3333333333333333,0.5773502691896258,3,0.33333333333333337
M1-CN045,344.6,0.3333333333333333,0.5773502691896258,3,0.33333333333333337
M1-CN045,344.8,0.3333333333333333,0.5773502691896258,3,0.33333333333333337
M1-CN045,345.0,0.3333333333333333,0.5773502691896258,3,0.33333333333333337
M1-CN045,345.2,0.3333333333333333,0.5773502691896258,3,0.33333333333333337
M1-CN045,345.4,0.3333333333333333,0.5773502691896258,3,0.33333333333333337
M1-CN045,345.6,0.3333333333333333,0.5773502691896258,3,0.33333333333333337
M1-CN045,345.8,0.3333333333333333,0.5773502691896258,3,0.33333333333333337
M1-CN045,346.0,0.3333333333333333,0.5773502691896258,3,0.33333333333333337
M1-CN045,346.2,0.3333333333333333,0.5773502691896258,3,0.33333333333333337
M1-CN045,346.4,0.3333333333333333,0.5773502691896258,3,0.33333333333333337
M1-CN045,346.6,0.3333333333333333,0.5773502691896258,3,0.33333333333333337
M1-CN045,346.8,0.3333333333333333,0.5773502691896258,3,0.33333333333333337
M1-CN045,347.0,0.3333333333333333,0.5773502691896258,3,0.33333333333333337
M1-CN045,347.2,0.2222222222222222,0.3849001794597505,3,0.22222222222222224
M1-CN045,347.4,0.2222222222222222,0.3849001794597505,3,0.22222222222222224
M1-CN045,347.6,0.2222222222222222,0.3849001794597505,3,0.22222222222222224
M1-CN045,347.8,0.3333333333333333,0.5773502691896258,3,0.33333333333333337
M1-CN045,348.0,0.3333333333333333,0.5773502691896258,3,0.33333333333333337
M1-CN045,348.2,0.3333333333333333,0.5773502691896258,3,0.33333333333333337
M1-CN045,348.4,0.3333333333333333,0.5773502691896258,3,0.33333333333333337
M1-CN045,348.6,0.3333333333333333,0.5773502691896258,3,0.33333333333333337
M1-CN045,348.8,0.3333333333333333,0.5773502691896258,3,0.33333333333333337
M1-CN045,349.0,0.3333333333333333,0.5773502691896258,3,0.33333333333333337
M1-CN045,349.2,0.3333333333333333,0.5773502691896258,3,0.33333333333333337
M1-CN045,349.4,0.3333333333333333,0.5773502691896258,3,0.33333333333333337
M1-CN045,349.6,0.3333333333333333,0.5773502691896258,3,0.33333333333333337
M1-CN045,349.8,0.3333333333333333,0.5773502691896258,3,0.33333333333333337
M1-CN045,350.0,0.3333333333333333,0.5773502691896258,3,0.33333333333333337
M1-CN045,350.2,0.3333333333333333,0.5773502691896258,3,0.33333333333333337
M1-CN045,350.4,0.3333333333333333,0.5773502691896258,3,0.33333333333333337
M1-CN045,350.6,0.2222222222222222,0.3849001794597505,3,0.22222222222222224
M1-CN045,350.8,0.2222222222222222,0.3849001794597505,3,0.22222222222222224
M1-CN045,351.0,0.2222222222222222,0.3849001794597505,3,0.22222222222222224
M1-CN045,351.2,0.3333333333333333,0.5773502691896258,3,0.33333333333333337
M1-CN045,351.4,0.3333333333333333,0.5773502691896258,3,0.33333333333333337
M1-CN045,351.6,0.3333333333333333,0.5773502691896258,3,0.33333333333333337
M1-CN045,351.8,0.3333333333333333,0.5773502691896258,3,0.33333333333333337
M1-CN045,352.0,0.3333333333333333,0.5773502691896258,3,0.33333333333333337
M1-CN045,352.2,0.3333333333333333,0.5773502691896258,3,0.33333333333333337
M1-CN045,352.4,0.3333333333333333,0.5773502691896258,3,0.33333333333333337
M1-CN045,352.6,0.3333333333333333,0.5773502691896258,3,0.33333333333333337
M1-CN045,352.8,0.3333333333333333,0.5773502691896258,3,0.33333333333333337
M1-CN045,353.0,0.3333333333333333,0.5773502691896258,3,0.33333333333333337
M1-CN045,353.2,0.3333333333333333,0.5773502691896258,3,0.33333333333333337
M1-CN045,353.4,0.3333333333333333,0.5773502691896258,3,0.33333333333333337
M1-CN045,353.6,0.3333333333333333,0.5773502691896258,3,0.33333333333333337
M1-CN045,353.8,0.3333333333333333,0.5773502691896258,3,0.33333333333333337
M1-CN045,354.0,0.3333333333333333,0.5773502691896258,3,0.33333333333333337
M1-CN045,354.2,0.3333333333333333,0.5773502691896258,3,0.33333333333333337
M1-CN045,354.4,0.3333333333333333,0.5773502691896258,3,0.33333333333333337
M1-CN045,354.6,0.3333333333333333,0.5773502691896258,3,0.33333333333333337
M1-CN045,354.8,0.3333333333333333,0.5773502691896258,3,0.33333333333333337
M1-CN045,355.0,0.3333333333333333,0.5773502691896258,3,0.33333333333333337
M1-CN045,355.2,0.3333333333333333,0.5773502691896258,3,0.33333333333333337
M1-CN045,355.4,0.3333333333333333,0.5773502691896258,3,0.33333333333333337
M1-CN045,355.6,0.3333333333333333,0.5773502691896258,3,0.33333333333333337
M1-CN045,355.8,0.3333333333333333,0.5773502691896258,3,0.33333333333333337
M1-CN045,356.0,0.3333333333333333,0.5773502691896258,3,0.33333333333333337
M1-CN045,356.2,0.3333333333333333,0.5773502691896258,3,0.33333333333333337
M1-CN045,356.4,0.3333333333333333,0.5773502691896258,3,0.33333333333333337
M1-CN045,356.6,0.3333333333333333,0.5773502691896258,3,0.33333333333333337
M1-CN045,356.8,0.3333333333333333,0.5773502691896258,3,0.33333333333333337
M1-CN045,357.0,0.3333333333333333,0.5773502691896258,3,0.33333333333333337
M1-CN045,357.2,0.3333333333333333,0.5773502691896258,3,0.33333333333333337
M1-CN045,357.4,0.3333333333333333,0.5773502691896258,3,0.33333333333333337
M1-CN045,357.6,0.3333333333333333,0.5773502691896258,3,0.33333333333333337
M1-CN045,357.8,0.3333333333333333,0.5773502691896258,3,0.33333333333333337
M1-CN045,358.0,0.3333333333333333,0.5773502691896258,3,0.33333333333333337
M1-CN045,358.2,0.3333333333333333,0.5773502691896258,3,0.33333333333333337
M1-CN045,358.4,0.3333333333333333,0.5773502691896258,3,0.33333333333333337
M1-CN045,358.6,0.3333333333333333,0.5773502691896258,3,0.33333333333333337
M1-CN045,358.8,0.3333333333333333,0.5773502691896258,3,0.33333333333333337
M1-CN045,359.0,0.3333333333333333,0.5773502691896258,3,0.33333333333333337
M1-CN045,359.2,0.3333333333333333,0.5773502691896258,3,0.33333333333333337
M1-CN045,359.4,0.3333333333333333,0.5773502691896258,3,0.33333333333333337
M1-CN045,359.6,0.3333333333333333,0.5773502691896258,3,0.33333333333333337
M1-CN045,359.8,0.3333333333333333,0.5773502691896258,3,0.33333333333333337
M1-CN045,360.0,0.3333333333333333,0.5773502691896258,3,0.33333333333333337
M1-CN045,360.2,0.2222222222222222,0.3849001794597505,3,0.22222222222222224
M1-CN045,360.4,0.2222222222222222,0.3849001794597505,3,0.22222222222222224
M1-CN045,360.6,0.2222222222222222,0.3849001794597505,3,0.22222222222222224
M1-CN045,360.8,0.3333333333333333,0.5773502691896258,3,0.33333333333333337
M1-CN045,361.0,0.3333333333333333,0.5773502691896258,3,0.33333333333333337
M1-CN045,361.2,0.3333333333333333,0.5773502691896258,3,0.33333333333333337
M1-CN045,361.4,0.3333333333333333,0.5773502691896258,3,0.33333333333333337
M1-CN045,361.6,0.3333333333333333,0.5773502691896258,3,0.33333333333333337
M1-CN045,361.8,0.3333333333333333,0.5773502691896258,3,0.33333333333333337
M1-CN045,362.0,0.3333333333333333,0.5773502691896258,3,0.33333333333333337
M1-CN045,362.2,0.3333333333333333,0.5773502691896258,3,0.33333333333333337
M1-CN045,362.4,0.3333333333333333,0.5773502691896258,3,0.33333333333333337
M1-CN045,362.6,0.3333333333333333,0.5773502691896258,3,0.33333333333333337
M1-CN045,362.8,0.3333333333333333,0.5773502691896258,3,0.33333333333333337
M1-CN045,363.0,0.3333333333333333,0.5773502691896258,3,0.33333333333333337
M1-CN045,363.2,0.3333333333333333,0.5773502691896258,3,0.33333333333333337
M1-CN045,363.4,0.3333333333333333,0.5773502691896258,3,0.33333333333333337
M1-CN045,363.6,0.3333333333333333,0.5773502691896258,3,0.33333333333333337
M1-CN045,363.8,0.3333333333333333,0.5773502691896258,3,0.33333333333333337
M1-CN045,364.0,0.3333333333333333,0.5773502691896258,3,0.33333333333333337
M1-CN045,364.2,0.3333333333333333,0.5773502691896258,3,0.33333333333333337
M1-CN045,364.4,0.3333333333333333,0.5773502691896258,3,0.33333333333333337
M1-CN045,364.6,0.3333333333333333,0.5773502691896258,3,0.33333333333333337
M1-CN045,364.8,0.3333333333333333,0.5773502691896258,3,0.33333333333333337
M1-CN045,365.0,0.3333333333333333,0.5773502691896258,3,0.33333333333333337
M1-CN045,365.2,0.3333333333333333,0.5773502691896258,3,0.33333333333333337
M1-CN045,365.4,0.3333333333333333,0.5773502691896258,3,0.33333333333333337
M1-CN045,365.6,0.3333333333333333,0.5773502691896258,3,0.33333333333333337
M1-CN045,365.8,0.3333333333333333,0.5773502691896258,3,0.33333333333333337
M1-CN045,366.0,0.3333333333333333,0.5773502691896258,3,0.33333333333333337
M1-CN045,366.2,0.3333333333333333,0.5773502691896258,3,0.33333333333333337
M1-CN045,366.4,0.3333333333333333,0.5773502691896258,3,0.33333333333333337
M1-CN045,366.6,0.3333333333333333,0.5773502691896258,3,0.33333333333333337
M1-CN045,366.8,0.3333333333333333,0.5773502691896258,3,0.33333333333333337
M1-CN045,367.0,0.2222222222222222,0.3849001794597505,3,0.22222222222222224
M1-CN045,367.2,0.2222222222222222,0.3849001794597505,3,0.22222222222222224
M1-CN045,367.4,0.2222222222222222,0.3849001794597505,3,0.22222222222222224
M1-CN045,367.6,0.3333333333333333,0.5773502691896258,3,0.33333333333333337
M1-CN045,367.8,0.3333333333333333,0.5773502691896258,3,0.33333333333333337
M1-CN045,368.0,0.3333333333333333,0.5773502691896258,3,0.33333333333333337
M1-CN045,368.2,0.3333333333333333,0.5773502691896258,3,0.33333333333333337
M1-CN045,368.4,0.3333333333333333,0.5773502691896258,3,0.33333333333333337
M1-CN045,368.6,0.3333333333333333,0.5773502691896258,3,0.33333333333333337
M1-CN045,368.8,0.3333333333333333,0.5773502691896258,3,0.33333333333333337
M1-CN045,369.0,0.3333333333333333,0.5773502691896258,3,0.33333333333333337
M1-CN045,369.2,0.2222222222222222,0.3849001794597505,3,0.22222222222222224
M1-CN045,369.4,0.2222222222222222,0.3849001794597505,3,0.22222222222222224
M1-CN045,369.6,0.2222222222222222,0.3849001794597505,3,0.22222222222222224
M1-CN045,369.8,0.2222222222222222,0.3849001794597505,3,0.22222222222222224
M1-CN045,370.0,0.2222222222222222,0.3849001794597505,3,0.22222222222222224
M1-CN045,370.2,0.2222222222222222,0.3849001794597505,3,0.22222222222222224
M1-CN045,370.4,0.3333333333333333,0.5773502691896258,3,0.33333333333333337
M1-CN045,370.6,0.3333333333333333,0.5773502691896258,3,0.33333333333333337
M1-CN045,370.8,0.3333333333333333,0.5773502691896258,3,0.33333333333333337
M1-CN045,371.0,0.3333333333333333,0.5773502691896258,3,0.33333333333333337
M1-CN045,371.2,0.3333333333333333,0.5773502691896258,3,0.33333333333333337
M1-CN045,371.4,0.3333333333333333,0.5773502691896258,3,0.33333333333333337
M1-CN045,371.6,0.3333333333333333,0.5773502691896258,3,0.33333333333333337
M1-CN045,371.8,0.3333333333333333,0.5773502691896258,3,0.33333333333333337
M1-CN045,372.0,0.3333333333333333,0.5773502691896258,3,0.33333333333333337
M1-CN045,372.2,0.3333333333333333,0.5773502691896258,3,0.33333333333333337
M1-CN045,372.4,0.3333333333333333,0.5773502691896258,3,0.33333333333333337
M1-CN045,372.6,0.3333333333333333,0.5773502691896258,3,0.33333333333333337
M1-CN045,372.8,0.3333333333333333,0.5773502691896258,3,0.33333333333333337
M1-CN045,373.0,0.3333333333333333,0.5773502691896258,3,0.33333333333333337
M1-CN045,373.2,0.3333333333333333,0.5773502691896258,3,0.33333333333333337
M1-CN045,373.4,0.3333333333333333,0.5773502691896258,3,0.33333333333333337
M1-CN045,373.6,0.3333333333333333,0.5773502691896258,3,0.33333333333333337
M1-CN045,373.8,0.3333333333333333,0.5773502691896258,3,0.33333333333333337
M1-CN045,374.0,0.3333333333333333,0.5773502691896258,3,0.33333333333333337
M1-CN045,374.2,0.3333333333333333,0.5773502691896258,3,0.33333333333333337
M1-CN045,374.4,0.3333333333333333,0.5773502691896258,3,0.33333333333333337
M1-CN045,374.6,0.3333333333333333,0.5773502691896258,3,0.33333333333333337
M1-CN045,374.8,0.3333333333333333,0.5773502691896258,3,0.33333333333333337
M1-CN045,375.0,0.3333333333333333,0.5773502691896258,3,0.33333333333333337
M1-CN045,375.2,0.3333333333333333,0.5773502691896258,3,0.33333333333333337
M1-CN045,375.4,0.3333333333333333,0.5773502691896258,3,0.33333333333333337
M1-CN045,375.6,0.3333333333333333,0.5773502691896258,3,0.33333333333333337
M1-CN045,375.8,0.3333333333333333,0.5773502691896258,3,0.33333333333333337
M1-CN045,376.0,0.3333333333333333,0.5773502691896258,3,0.33333333333333337
M1-CN045,376.2,0.3333333333333333,0.5773502691896258,3,0.33333333333333337
M1-CN045,376.4,0.3333333333333333,0.5773502691896258,3,0.33333333333333337
M1-CN045,376.6,0.3333333333333333,0.5773502691896258,3,0.33333333333333337
M1-CN045,376.8,0.3333333333333333,0.5773502691896258,3,0.33333333333333337
M1-CN045,377.0,0.3333333333333333,0.5773502691896258,3,0.33333333333333337
M1-CN045,377.2,0.3333333333333333,0.5773502691896258,3,0.33333333333333337
M1-CN045,377.4,0.3333333333333333,0.5773502691896258,3,0.33333333333333337
M1-CN045,377.6,0.3333333333333333,0.5773502691896258,3,0.33333333333333337
M1-CN045,377.8,0.3333333333333333,0.5773502691896258,3,0.33333333333333337
M1-CN045,378.0,0.3333333333333333,0.5773502691896258,3,0.33333333333333337
M1-CN045,378.2,0.3333333333333333,0.5773502691896258,3,0.33333333333333337
M1-CN045,378.4,0.3333333333333333,0.5773502691896258,3,0.33333333333333337
M1-CN045,378.6,0.3333333333333333,0.5773502691896258,3,0.33333333333333337
M1-CN045,378.8,0.3333333333333333,0.5773502691896258,3,0.33333333333333337
M1-CN045,379.0,0.3333333333333333,0.5773502691896258,3,0.33333333333333337
M1-CN045,379.2,0.3333333333333333,0.5773502691896258,3,0.33333333333333337
M1-CN045,379.4,0.3333333333333333,0.5773502691896258,3,0.33333333333333337
M1-CN045,379.6,0.3333333333333333,0.5773502691896258,3,0.33333333333333337
M1-CN045,379.8,0.3333333333333333,0.5773502691896258,3,0.33333333333333337
M1-CN045,380.0,0.3333333333333333,0.5773502691896258,3,0.33333333333333337
M1-CN045,380.2,0.3333333333333333,0.5773502691896258,3,0.33333333333333337
M1-CN045,380.4,0.3333333333333333,0.5773502691896258,3,0.33333333333333337
M1-CN045,380.6,0.3333333333333333,0.5773502691896258,3,0.33333333333333337
M1-CN045,380.8,0.3333333333333333,0.5773502691896258,3,0.33333333333333337
M1-CN045,381.0,0.3333333333333333,0.5773502691896258,3,0.33333333333333337
M1-CN045,381.2,0.3333333333333333,0.5773502691896258,3,0.33333333333333337
M1-CN045,381.4,0.3333333333333333,0.5773502691896258,3,0.33333333333333337
M1-CN045,381.6,0.3333333333333333,0.5773502691896258,3,0.33333333333333337
M1-CN045,381.8,0.3333333333333333,0.5773502691896258,3,0.33333333333333337
M1-CN045,382.0,0.3333333333333333,0.5773502691896258,3,0.33333333333333337
M1-CN045,382.2,0.3333333333333333,0.5773502691896258,3,0.33333333333333337
M1-CN045,382.4,0.3333333333333333,0.5773502691896258,3,0.33333333333333337
M1-CN045,382.6,0.3333333333333333,0.5773502691896258,3,0.33333333333333337
M1-CN045,382.8,0.3333333333333333,0.5773502691896258,3,0.33333333333333337
M1-CN045,383.0,0.3333333333333333,0.5773502691896258,3,0.33333333333333337
M1-CN045,383.2,0.3333333333333333,0.5773502691896258,3,0.33333333333333337
M1-CN045,383.4,0.3333333333333333,0.5773502691896258,3,0.33333333333333337
M1-CN045,383.6,0.3333333333333333,0.5773502691896258,3,0.33333333333333337
M1-CN045,383.8,0.3333333333333333,0.5773502691896258,3,0.33333333333333337
M1-CN045,384.0,0.3333333333333333,0.5773502691896258,3,0.33333333333333337
M1-CN045,384.2,0.3333333333333333,0.5773502691896258,3,0.33333333333333337
M1-CN045,384.4,0.3333333333333333,0.5773502691896258,3,0.33333333333333337
M1-CN045,384.6,0.3333333333333333,0.5773502691896258,3,0.33333333333333337
M1-CN045,384.8,0.3333333333333333,0.5773502691896258,3,0.33333333333333337
M1-CN045,385.0,0.3333333333333333,0.5773502691896258,3,0.33333333333333337
M1-CN045,385.2,0.3333333333333333,0.5773502691896258,3,0.33333333333333337
M1-CN045,385.4,0.3333333333333333,0.5773502691896258,3,0.33333333333333337
M1-CN045,385.6,0.3333333333333333,0.5773502691896258,3,0.33333333333333337
M1-CN045,385.8,0.3333333333333333,0.5773502691896258,3,0.33333333333333337
M1-CN045,386.0,0.3333333333333333,0.5773502691896258,3,0.33333333333333337
M1-CN045,386.2,0.3333333333333333,0.5773502691896258,3,0.33333333333333337
M1-CN045,386.4,0.3333333333333333,0.5773502691896258,3,0.33333333333333337
M1-CN045,386.6,0.3333333333333333,0.5773502691896258,3,0.33333333333333337
M1-CN045,386.8,0.3333333333333333,0.5773502691896258,3,0.33333333333333337
M1-CN045,387.0,0.3333333333333333,0.5773502691896258,3,0.33333333333333337
M1-CN045,387.2,0.3333333333333333,0.5773502691896258,3,0.33333333333333337
M1-CN045,387.4,0.3333333333333333,0.5773502691896258,3,0.33333333333333337
M1-CN045,387.6,0.3333333333333333,0.5773502691896258,3,0.33333333333333337
M1-CN045,387.8,0.3333333333333333,0.5773502691896258,3,0.33333333333333337
M1-CN045,388.0,0.3333333333333333,0.5773502691896258,3,0.33333333333333337
M1-CN045,388.2,0.3333333333333333,0.5773502691896258,3,0.33333333333333337
M1-CN045,388.4,0.3333333333333333,0.5773502691896258,3,0.33333333333333337
M1-CN045,388.6,0.3333333333333333,0.5773502691896258,3,0.33333333333333337
M1-CN045,388.8,0.2222222222222222,0.3849001794597505,3,0.22222222222222224
M1-CN045,389.0,0.2222222222222222,0.3849001794597505,3,0.22222222222222224
M1-CN045,389.2,0.2222222222222222,0.3849001794597505,3,0.22222222222222224
M1-CN045,389.4,0.3333333333333333,0.5773502691896258,3,0.33333333333333337
M1-CN045,389.6,0.3333333333333333,0.5773502691896258,3,0.33333333333333337
M1-CN045,389.8,0.3333333333333333,0.5773502691896258,3,0.33333333333333337
M1-CN045,390.0,0.3333333333333333,0.5773502691896258,3,0.33333333333333337
M1-CN045,390.2,0.3333333333333333,0.5773502691896258,3,0.33333333333333337
M1-CN045,390.4,0.3333333333333333,0.5773502691896258,3,0.33333333333333337
M1-CN045,390.6,0.3333333333333333,0.5773502691896258,3,0.33333333333333337
M1-CN045,390.8,0.2222222222222222,0.3849001794597505,3,0.22222222222222224
M1-CN045,391.0,0.2222222222222222,0.3849001794597505,3,0.22222222222222224
M1-CN045,391.2,0.2222222222222222,0.3849001794597505,3,0.22222222222222224
M1-CN045,391.4,0.3333333333333333,0.5773502691896258,3,0.33333333333333337
M1-CN045,391.6,0.3333333333333333,0.5773502691896258,3,0.33333333333333337
M1-CN045,391.8,0.3333333333333333,0.5773502691896258,3,0.33333333333333337
M1-CN045,392.0,0.3333333333333333,0.5773502691896258,3,0.33333333333333337
M1-CN045,392.2,0.3333333333333333,0.5773502691896258,3,0.33333333333333337
M1-CN045,392.4,0.3333333333333333,0.5773502691896258,3,0.33333333333333337
M1-CN045,392.6,0.3333333333333333,0.5773502691896258,3,0.33333333333333337
M1-CN045,392.8,0.3333333333333333,0.5773502691896258,3,0.33333333333333337
M1-CN045,393.0,0.3333333333333333,0.5773502691896258,3,0.33333333333333337
M1-CN045,393.2,0.3333333333333333,0.5773502691896258,3,0.33333333333333337
M1-CN045,393.4,0.3333333333333333,0.5773502691896258,3,0.33333333333333337
M1-CN045,393.6,0.3333333333333333,0.5773502691896258,3,0.33333333333333337
M1-CN045,393.8,0.2222222222222222,0.3849001794597505,3,0.22222222222222224
M1-CN045,394.0,0.2222222222222222,0.3849001794597505,3,0.22222222222222224
M1-CN045,394.2,0.2222222222222222,0.3849001794597505,3,0.22222222222222224
M1-CN045,394.4,0.3333333333333333,0.5773502691896258,3,0.33333333333333337
M1-CN045,394.6,0.3333333333333333,0.5773502691896258,3,0.33333333333333337
M1-CN045,394.8,0.3333333333333333,0.5773502691896258,3,0.33333333333333337
M1-CN045,395.0,0.3333333333333333,0.5773502691896258,3,0.33333333333333337
M1-CN045,395.2,0.3333333333333333,0.5773502691896258,3,0.33333333333333337
M1-CN045,395.4,0.3333333333333333,0.5773502691896258,3,0.33333333333333337
M1-CN045,395.6,0.3333333333333333,0.5773502691896258,3,0.33333333333333337
M1-CN045,395.8,0.3333333333333333,0.5773502691896258,3,0.33333333333333337
M1-CN045,396.0,0.3333333333333333,0.5773502691896258,3,0.33333333333333337
M1-CN045,396.2,0.3333333333333333,0.5773502691896258,3,0.33333333333333337
M1-CN045,396.4,0.3333333333333333,0.5773502691896258,3,0.33333333333333337
M1-CN045,396.6,0.3333333333333333,0.5773502691896258,3,0.33333333333333337
M1-CN045,396.8,0.3333333333333333,0.5773502691896258,3,0.33333333333333337
M1-CN045,397.0,0.3333333333333333,0.5773502691896258,3,0.33333333333333337
M1-CN045,397.2,0.3333333333333333,0.5773502691896258,3,0.33333333333333337
M1-CN045,397.4,0.3333333333333333,0.5773502691896258,3,0.33333333333333337
M1-CN045,397.6,0.3333333333333333,0.5773502691896258,3,0.33333333333333337
M1-CN045,397.8,0.3333333333333333,0.5773502691896258,3,0.33333333333333337
M1-CN045,398.0,0.3333333333333333,0.5773502691896258,3,0.33333333333333337
M1-CN045,398.2,0.3333333333333333,0.5773502691896258,3,0.33333333333333337
M1-CN045,398.4,0.3333333333333333,0.5773502691896258,3,0.33333333333333337
M1-CN045,398.6,0.3333333333333333,0.5773502691896258,3,0.33333333333333337
M1-CN045,398.8,0.3333333333333333,0.5773502691896258,3,0.33333333333333337
M1-CN045,399.0,0.3333333333333333,0.5773502691896258,3,0.33333333333333337
M1-CN045,399.2,0.3333333333333333,0.5773502691896258,3,0.33333333333333337
M1-CN045,399.4,0.3333333333333333,0.5773502691896258,3,0.33333333333333337
M1-CN045,399.6,0.3333333333333333,0.5773502691896258,3,0.33333333333333337
M1-CN045,399.8,0.3333333333333333,0.5773502691896258,3,0.33333333333333337
M1-CN045,400.0,0.3333333333333333,0.5773502691896258,3,0.33333333333333337
M1-CN045,400.2,0.3333333333333333,0.5773502691896258,3,0.33333333333333337
M1-CN045,400.4,0.3333333333333333,0.5773502691896258,3,0.33333333333333337
M1-CN045,400.6,0.3333333333333333,0.5773502691896258,3,0.33333333333333337
M1-CN045,400.8,0.3333333333333333,0.5773502691896258,3,0.33333333333333337
M1-CN045,401.0,0.3333333333333333,0.5773502691896258,3,0.33333333333333337
M1-CN045,401.2,0.3333333333333333,0.5773502691896258,3,0.33333333333333337
M1-CN045,401.4,0.3333333333333333,0.5773502691896258,3,0.33333333333333337
M1-CN045,401.6,0.3333333333333333,0.5773502691896258,3,0.33333333333333337
M1-CN045,401.8,0.3333333333333333,0.5773502691896258,3,0.33333333333333337
M1-CN045,402.0,0.3333333333333333,0.5773502691896258,3,0.33333333333333337
M1-CN045,402.2,0.3333333333333333,0.5773502691896258,3,0.33333333333333337
M1-CN045,402.4,0.3333333333333333,0.5773502691896258,3,0.33333333333333337
M1-CN045,402.6,0.3333333333333333,0.5773502691896258,3,0.33333333333333337
M1-CN045,402.8,0.3333333333333333,0.5773502691896258,3,0.33333333333333337
M1-CN045,403.0,0.3333333333333333,0.5773502691896258,3,0.33333333333333337
M1-CN045,403.2,0.3333333333333333,0.5773502691896258,3,0.33333333333333337
M1-CN045,403.4,0.3333333333333333,0.5773502691896258,3,0.33333333333333337
M1-CN045,403.6,0.3333333333333333,0.5773502691896258,3,0.33333333333333337
M1-CN045,403.8,0.3333333333333333,0.5773502691896258,3,0.33333333333333337
M1-CN045,404.0,0.3333333333333333,0.5773502691896258,3,0.33333333333333337
M1-CN045,404.2,0.3333333333333333,0.5773502691896258,3,0.33333333333333337
M1-CN045,404.4,0.3333333333333333,0.5773502691896258,3,0.33333333333333337
M1-CN045,404.6,0.3333333333333333,0.5773502691896258,3,0.33333333333333337
M1-CN045,404.8,0.3333333333333333,0.5773502691896258,3,0.33333333333333337
M1-CN045,405.0,0.3333333333333333,0.5773502691896258,3,0.33333333333333337
M1-CN045,405.2,0.3333333333333333,0.5773502691896258,3,0.33333333333333337
M1-CN045,405.4,0.3333333333333333,0.5773502691896258,3,0.33333333333333337
M1-CN045,405.6,0.3333333333333333,0.5773502691896258,3,0.33333333333333337
M1-CN045,405.8,0.3333333333333333,0.5773502691896258,3,0.33333333333333337
M1-CN045,406.0,0.3333333333333333,0.5773502691896258,3,0.33333333333333337
M1-CN045,406.2,0.3333333333333333,0.5773502691896258,3,0.33333333333333337
M1-CN045,406.4,0.3333333333333333,0.5773502691896258,3,0.33333333333333337
M1-CN045,406.6,0.3333333333333333,0.5773502691896258,3,0.33333333333333337
M1-CN045,406.8,0.3333333333333333,0.5773502691896258,3,0.33333333333333337
M1-CN045,407.0,0.3333333333333333,0.5773502691896258,3,0.33333333333333337
M1-CN045,407.2,0.3333333333333333,0.5773502691896258,3,0.33333333333333337
M1-CN045,407.4,0.3333333333333333,0.5773502691896258,3,0.33333333333333337
M1-CN045,407.6,0.3333333333333333,0.5773502691896258,3,0.33333333333333337
M1-CN045,407.8,0.3333333333333333,0.5773502691896258,3,0.33333333333333337
M1-CN045,408.0,0.2222222222222222,0.3849001794597505,3,0.22222222222222224
M1-CN045,408.2,0.2222222222222222,0.3849001794597505,3,0.22222222222222224
M1-CN045,408.4,0.1111111111111111,0.19245008972987526,3,0.11111111111111112
M1-CN045,408.6,0.2222222222222222,0.3849001794597505,3,0.22222222222222224
M1-CN045,408.8,0.2222222222222222,0.3849001794597505,3,0.22222222222222224
M1-CN045,409.0,0.3333333333333333,0.5773502691896258,3,0.33333333333333337
M1-CN045,409.2,0.3333333333333333,0.5773502691896258,3,0.33333333333333337
M1-CN045,409.4,0.3333333333333333,0.5773502691896258,3,0.33333333333333337
M1-CN045,409.6,0.3333333333333333,0.5773502691896258,3,0.33333333333333337
M1-CN045,409.8,0.3333333333333333,0.5773502691896258,3,0.33333333333333337
M1-CN045,410.0,0.3333333333333333,0.5773502691896258,3,0.33333333333333337
M1-CN045,410.2,0.3333333333333333,0.5773502691896258,3,0.33333333333333337
M1-CN045,410.4,0.3333333333333333,0.5773502691896258,3,0.33333333333333337
M1-CN045,410.6,0.3333333333333333,0.5773502691896258,3,0.33333333333333337
M1-CN045,410.8,0.3333333333333333,0.5773502691896258,3,0.33333333333333337
M1-CN045,411.0,0.3333333333333333,0.5773502691896258,3,0.33333333333333337
M1-CN045,411.2,0.3333333333333333,0.5773502691896258,3,0.33333333333333337
M1-CN045,411.4,0.3333333333333333,0.5773502691896258,3,0.33333333333333337
M1-CN045,411.6,0.3333333333333333,0.5773502691896258,3,0.33333333333333337
M1-CN045,411.8,0.3333333333333333,0.5773502691896258,3,0.33333333333333337
M1-CN045,412.0,0.3333333333333333,0.5773502691896258,3,0.33333333333333337
M1-CN045,412.2,0.3333333333333333,0.5773502691896258,3,0.33333333333333337
M1-CN045,412.4,0.3333333333333333,0.5773502691896258,3,0.33333333333333337
M1-CN045,412.6,0.3333333333333333,0.5773502691896258,3,0.33333333333333337
M1-CN045,412.8,0.3333333333333333,0.5773502691896258,3,0.33333333333333337
M1-CN045,413.0,0.3333333333333333,0.5773502691896258,3,0.33333333333333337
M1-CN045,413.2,0.3333333333333333,0.5773502691896258,3,0.33333333333333337
M1-CN045,413.4,0.3333333333333333,0.5773502691896258,3,0.33333333333333337
M1-CN045,413.6,0.3333333333333333,0.5773502691896258,3,0.33333333333333337
M1-CN045,413.8,0.3333333333333333,0.5773502691896258,3,0.33333333333333337
M1-CN045,414.0,0.3333333333333333,0.5773502691896258,3,0.33333333333333337
M1-CN045,414.2,0.3333333333333333,0.5773502691896258,3,0.33333333333333337
M1-CN045,414.4,0.3333333333333333,0.5773502691896258,3,0.33333333333333337
M1-CN045,414.6,0.3333333333333333,0.5773502691896258,3,0.33333333333333337
M1-CN045,414.8,0.3333333333333333,0.5773502691896258,3,0.33333333333333337
M1-CN045,415.0,0.3333333333333333,0.5773502691896258,3,0.33333333333333337
M1-CN045,415.2,0.3333333333333333,0.5773502691896258,3,0.33333333333333337
M1-CN045,415.4,0.3333333333333333,0.5773502691896258,3,0.33333333333333337
M1-CN045,415.6,0.3333333333333333,0.5773502691896258,3,0.33333333333333337
M1-CN045,415.8,0.3333333333333333,0.5773502691896258,3,0.33333333333333337
M1-CN045,416.0,0.3333333333333333,0.5773502691896258,3,0.33333333333333337
M1-CN045,416.2,0.3333333333333333,0.5773502691896258,3,0.33333333333333337
M1-CN045,416.4,0.3333333333333333,0.5773502691896258,3,0.33333333333333337
M1-CN045,416.6,0.3333333333333333,0.5773502691896258,3,0.33333333333333337
M1-CN045,416.8,0.3333333333333333,0.5773502691896258,3,0.33333333333333337
M1-CN045,417.0,0.3333333333333333,0.5773502691896258,3,0.33333333333333337
M1-CN045,417.2,0.3333333333333333,0.5773502691896258,3,0.33333333333333337
M1-CN045,417.4,0.3333333333333333,0.5773502691896258,3,0.33333333333333337
M1-CN045,417.6,0.3333333333333333,0.5773502691896258,3,0.33333333333333337
M1-CN045,417.8,0.3333333333333333,0.5773502691896258,3,0.33333333333333337
M1-CN045,418.0,0.3333333333333333,0.5773502691896258,3,0.33333333333333337
M1-CN045,418.2,0.3333333333333333,0.5773502691896258,3,0.33333333333333337
M1-CN045,418.4,0.3333333333333333,0.5773502691896258,3,0.33333333333333337
M1-CN045,418.6,0.3333333333333333,0.5773502691896258,3,0.33333333333333337
M1-CN045,418.8,0.3333333333333333,0.5773502691896258,3,0.33333333333333337
M1-CN045,419.0,0.3333333333333333,0.5773502691896258,3,0.33333333333333337
M1-CN045,419.2,0.3333333333333333,0.5773502691896258,3,0.33333333333333337
M1-CN045,419.4,0.3333333333333333,0.5773502691896258,3,0.33333333333333337
M1-CN045,419.6,0.3333333333333333,0.5773502691896258,3,0.33333333333333337
M1-CN045,419.8,0.3333333333333333,0.5773502691896258,3,0.33333333333333337
M1-CN045,420.0,0.3333333333333333,0.5773502691896258,3,0.33333333333333337
M1-CN045,420.2,0.3333333333333333,0.5773502691896258,3,0.33333333333333337
M1-CN045,420.4,0.3333333333333333,0.5773502691896258,3,0.33333333333333337
M1-CN045,420.6,0.3333333333333333,0.5773502691896258,3,0.33333333333333337
M1-CN045,420.8,0.3333333333333333,0.5773502691896258,3,0.33333333333333337
M1-CN045,421.0,0.3333333333333333,0.5773502691896258,3,0.33333333333333337
M1-CN045,421.2,0.3333333333333333,0.5773502691896258,3,0.33333333333333337
M1-CN045,421.4,0.3333333333333333,0.5773502691896258,3,0.33333333333333337
M1-CN045,421.6,0.3333333333333333,0.5773502691896258,3,0.33333333333333337
M1-CN045,421.8,0.3333333333333333,0.5773502691896258,3,0.33333333333333337
M1-CN045,422.0,0.3333333333333333,0.5773502691896258,3,0.33333333333333337
M1-CN045,422.2,0.3333333333333333,0.5773502691896258,3,0.33333333333333337
M1-CN045,422.4,0.3333333333333333,0.5773502691896258,3,0.33333333333333337
M1-CN045,422.6,0.3333333333333333,0.5773502691896258,3,0.33333333333333337
M1-CN045,422.8,0.3333333333333333,0.5773502691896258,3,0.33333333333333337
M1-CN045,423.0,0.3333333333333333,0.5773502691896258,3,0.33333333333333337
M1-CN045,423.2,0.3333333333333333,0.5773502691896258,3,0.33333333333333337
M1-CN045,423.4,0.3333333333333333,0.5773502691896258,3,0.33333333333333337
M1-CN045,423.6,0.3333333333333333,0.5773502691896258,3,0.33333333333333337
M1-CN045,423.8,0.3333333333333333,0.5773502691896258,3,0.33333333333333337
M1-CN045,424.0,0.3333333333333333,0.5773502691896258,3,0.33333333333333337
M1-CN045,424.2,0.3333333333333333,0.5773502691896258,3,0.33333333333333337
M1-CN045,424.4,0.3333333333333333,0.5773502691896258,3,0.33333333333333337
M1-CN045,424.6,0.3333333333333333,0.5773502691896258,3,0.33333333333333337
M1-CN045,424.8,0.3333333333333333,0.5773502691896258,3,0.33333333333333337
M1-CN045,425.0,0.3333333333333333,0.5773502691896258,3,0.33333333333333337
M1-CN045,425.2,0.3333333333333333,0.5773502691896258,3,0.33333333333333337
M1-CN045,425.4,0.3333333333333333,0.5773502691896258,3,0.33333333333333337
M1-CN045,425.6,0.3333333333333333,0.5773502691896258,3,0.33333333333333337
M1-CN045,425.8,0.3333333333333333,0.5773502691896258,3,0.33333333333333337
M1-CN045,426.0,0.3333333333333333,0.5773502691896258,3,0.33333333333333337
M1-CN045,426.2,0.3333333333333333,0.5773502691896258,3,0.33333333333333337
M1-CN045,426.4,0.3333333333333333,0.5773502691896258,3,0.33333333333333337
M1-CN045,426.6,0.3333333333333333,0.5773502691896258,3,0.33333333333333337
M1-CN045,426.8,0.3333333333333333,0.5773502691896258,3,0.33333333333333337
M1-CN045,427.0,0.3333333333333333,0.5773502691896258,3,0.33333333333333337
M1-CN045,427.2,0.3333333333333333,0.5773502691896258,3,0.33333333333333337
M1-CN045,427.4,0.3333333333333333,0.5773502691896258,3,0.33333333333333337
M1-CN045,427.6,0.3333333333333333,0.5773502691896258,3,0.33333333333333337
M1-CN045,427.8,0.3333333333333333,0.5773502691896258,3,0.33333333333333337
M1-CN045,428.0,0.3333333333333333,0.5773502691896258,3,0.33333333333333337
M1-CN045,428.2,0.3333333333333333,0.5773502691896258,3,0.33333333333333337
M1-CN045,428.4,0.3333333333333333,0.5773502691896258,3,0.33333333333333337
M1-CN045,428.6,0.3333333333333333,0.5773502691896258,3,0.33333333333333337
M1-CN045,428.8,0.3333333333333333,0.5773502691896258,3,0.33333333333333337
M1-CN045,429.0,0.3333333333333333,0.5773502691896258,3,0.33333333333333337
M1-CN045,429.2,0.3333333333333333,0.5773502691896258,3,0.33333333333333337
M1-CN045,429.4,0.3333333333333333,0.5773502691896258,3,0.33333333333333337
M1-CN045,429.6,0.3333333333333333,0.5773502691896258,3,0.33333333333333337
M1-CN045,429.8,0.3333333333333333,0.5773502691896258,3,0.33333333333333337
M1-CN045,430.0,0.3333333333333333,0.5773502691896258,3,0.33333333333333337
M1-CN045,430.2,0.3333333333333333,0.5773502691896258,3,0.33333333333333337
M1-CN045,430.4,0.3333333333333333,0.5773502691896258,3,0.33333333333333337
M1-CN045,430.6,0.3333333333333333,0.5773502691896258,3,0.33333333333333337
M1-CN045,430.8,0.3333333333333333,0.5773502691896258,3,0.33333333333333337
M1-CN045,431.0,0.3333333333333333,0.5773502691896258,3,0.33333333333333337
M1-CN045,431.2,0.3333333333333333,0.5773502691896258,3,0.33333333333333337
M1-CN045,431.4,0.3333333333333333,0.5773502691896258,3,0.33333333333333337
M1-CN045,431.6,0.3333333333333333,0.5773502691896258,3,0.33333333333333337
M1-CN045,431.8,0.3333333333333333,0.5773502691896258,3,0.33333333333333337
M1-CN045,432.0,0.3333333333333333,0.5773502691896258,3,0.33333333333333337
M1-CN045,432.2,0.3333333333333333,0.5773502691896258,3,0.33333333333333337
M1-CN045,432.4,0.3333333333333333,0.5773502691896258,3,0.33333333333333337
M1-CN045,432.6,0.3333333333333333,0.5773502691896258,3,0.33333333333333337
M1-CN045,432.8,0.3333333333333333,0.5773502691896258,3,0.33333333333333337
M1-CN045,433.0,0.3333333333333333,0.5773502691896258,3,0.33333333333333337
M1-CN045,433.2,0.3333333333333333,0.5773502691896258,3,0.33333333333333337
M1-CN045,433.4,0.3333333333333333,0.5773502691896258,3,0.33333333333333337
M1-CN045,433.6,0.3333333333333333,0.5773502691896258,3,0.33333333333333337
M1-CN045,433.8,0.3333333333333333,0.5773502691896258,3,0.33333333333333337
M1-CN045,434.0,0.3333333333333333,0.5773502691896258,3,0.33333333333333337
M1-CN045,434.2,0.3333333333333333,0.5773502691896258,3,0.33333333333333337
M1-CN045,434.4,0.3333333333333333,0.5773502691896258,3,0.33333333333333337
M1-CN045,434.6,0.3333333333333333,0.5773502691896258,3,0.33333333333333337
M1-CN045,434.8,0.3333333333333333,0.5773502691896258,3,0.33333333333333337
M1-CN045,435.0,0.3333333333333333,0.5773502691896258,3,0.33333333333333337
M1-CN045,435.2,0.3333333333333333,0.5773502691896258,3,0.33333333333333337
M1-CN045,435.4,0.3333333333333333,0.5773502691896258,3,0.33333333333333337
M1-CN045,435.6,0.3333333333333333,0.5773502691896258,3,0.33333333333333337
M1-CN045,435.8,0.3333333333333333,0.5773502691896258,3,0.33333333333333337
M1-CN045,436.0,0.3333333333333333,0.5773502691896258,3,0.33333333333333337
M1-CN045,436.2,0.3333333333333333,0.5773502691896258,3,0.33333333333333337
M1-CN045,436.4,0.3333333333333333,0.5773502691896258,3,0.33333333333333337
M1-CN045,436.6,0.3333333333333333,0.5773502691896258,3,0.33333333333333337
M1-CN045,436.8,0.3333333333333333,0.5773502691896258,3,0.33333333333333337
M1-CN045,437.0,0.3333333333333333,0.5773502691896258,3,0.33333333333333337
M1-CN045,437.2,0.3333333333333333,0.5773502691896258,3,0.33333333333333337
M1-CN045,437.4,0.3333333333333333,0.5773502691896258,3,0.33333333333333337
M1-CN045,437.6,0.3333333333333333,0.5773502691896258,3,0.33333333333333337
M1-CN045,437.8,0.3333333333333333,0.5773502691896258,3,0.33333333333333337
M1-CN045,438.0,0.3333333333333333,0.5773502691896258,3,0.33333333333333337
M1-CN045,438.2,0.3333333333333333,0.5773502691896258,3,0.33333333333333337
M1-CN045,438.4,0.3333333333333333,0.5773502691896258,3,0.33333333333333337
M1-CN045,438.6,0.3333333333333333,0.5773502691896258,3,0.33333333333333337
M1-CN045,438.8,0.3333333333333333,0.5773502691896258,3,0.33333333333333337
M1-CN045,439.0,0.3333333333333333,0.5773502691896258,3,0.33333333333333337
M1-CN045,439.2,0.3333333333333333,0.5773502691896258,3,0.33333333333333337
M1-CN045,439.4,0.3333333333333333,0.5773502691896258,3,0.33333333333333337
M1-CN045,439.6,0.3333333333333333,0.5773502691896258,3,0.33333333333333337
M1-CN045,439.8,0.3333333333333333,0.5773502691896258,3,0.33333333333333337
M1-CN045,440.0,0.3333333333333333,0.5773502691896258,3,0.33333333333333337
M1-CN045,440.2,0.3333333333333333,0.5773502691896258,3,0.33333333333333337
M1-CN045,440.4,0.3333333333333333,0.5773502691896258,3,0.33333333333333337
M1-CN045,440.6,0.3333333333333333,0.5773502691896258,3,0.33333333333333337
M1-CN045,440.8,0.3333333333333333,0.5773502691896258,3,0.33333333333333337
M1-CN045,441.0,0.3333333333333333,0.5773502691896258,3,0.33333333333333337
M1-CN045,441.2,0.3333333333333333,0.5773502691896258,3,0.33333333333333337
M1-CN045,441.4,0.3333333333333333,0.5773502691896258,3,0.33333333333333337
M1-CN045,441.6,0.3333333333333333,0.5773502691896258,3,0.33333333333333337
M1-CN045,441.8,0.3333333333333333,0.5773502691896258,3,0.33333333333333337
M1-CN045,442.0,0.3333333333333333,0.5773502691896258,3,0.33333333333333337
M1-CN045,442.2,0.3333333333333333,0.5773502691896258,3,0.33333333333333337
M1-CN045,442.4,0.3333333333333333,0.5773502691896258,3,0.33333333333333337
M1-CN045,442.6,0.3333333333333333,0.5773502691896258,3,0.33333333333333337
M1-CN045,442.8,0.3333333333333333,0.5773502691896258,3,0.33333333333333337
M1-CN045,443.0,0.3333333333333333,0.5773502691896258,3,0.33333333333333337
M1-CN045,443.2,0.3333333333333333,0.5773502691896258,3,0.33333333333333337
M1-CN045,443.4,0.3333333333333333,0.5773502691896258,3,0.33333333333333337
M1-CN045,443.6,0.3333333333333333,0.5773502691896258,3,0.33333333333333337
M1-CN045,443.8,0.3333333333333333,0.5773502691896258,3,0.33333333333333337
M1-CN045,444.0,0.3333333333333333,0.5773502691896258,3,0.33333333333333337
M1-CN045,444.2,0.3333333333333333,0.5773502691896258,3,0.33333333333333337
M1-CN045,444.4,0.3333333333333333,0.5773502691896258,3,0.33333333333333337
M1-CN045,444.6,0.3333333333333333,0.5773502691896258,3,0.33333333333333337
M1-CN045,444.8,0.3333333333333333,0.5773502691896258,3,0.33333333333333337
M1-CN045,445.0,0.3333333333333333,0.5773502691896258,3,0.33333333333333337
M1-CN045,445.2,0.3333333333333333,0.5773502691896258,3,0.33333333333333337
M1-CN045,445.4,0.3333333333333333,0.5773502691896258,3,0.33333333333333337
M1-CN045,445.6,0.3333333333333333,0.5773502691896258,3,0.33333333333333337
M1-CN045,445.8,0.3333333333333333,0.5773502691896258,3,0.33333333333333337
M1-CN045,446.0,0.3333333333333333,0.5773502691896258,3,0.33333333333333337
M1-CN045,446.2,0.3333333333333333,0.5773502691896258,3,0.33333333333333337
M1-CN045,446.4,0.3333333333333333,0.5773502691896258,3,0.33333333333333337
M1-CN045,446.6,0.3333333333333333,0.5773502691896258,3,0.33333333333333337
M1-CN045,446.8,0.3333333333333333,0.5773502691896258,3,0.33333333333333337
M1-CN045,447.0,0.3333333333333333,0.5773502691896258,3,0.33333333333333337
M1-CN045,447.2,0.3333333333333333,0.5773502691896258,3,0.33333333333333337
M1-CN045,447.4,0.3333333333333333,0.5773502691896258,3,0.33333333333333337
M1-CN045,447.6,0.3333333333333333,0.5773502691896258,3,0.33333333333333337
M1-CN045,447.8,0.3333333333333333,0.5773502691896258,3,0.33333333333333337
M1-CN045,448.0,0.3333333333333333,0.5773502691896258,3,0.33333333333333337
M1-CN045,448.2,0.3333333333333333,0.5773502691896258,3,0.33333333333333337
M1-CN045,448.4,0.3333333333333333,0.5773502691896258,3,0.33333333333333337
M1-CN045,448.6,0.3333333333333333,0.5773502691896258,3,0.33333333333333337
M1-CN045,448.8,0.3333333333333333,0.5773502691896258,3,0.33333333333333337
M1-CN045,449.0,0.3333333333333333,0.5773502691896258,3,0.33333333333333337
M1-CN045,449.2,0.3333333333333333,0.5773502691896258,3,0.33333333333333337
M1-CN045,449.4,0.3333333333333333,0.5773502691896258,3,0.33333333333333337
M1-CN045,449.6,0.3333333333333333,0.5773502691896258,3,0.33333333333333337
M1-CN045,449.8,0.3333333333333333,0.5773502691896258,3,0.33333333333333337
M1-CN045,450.0,0.3333333333333333,0.5773502691896258,3,0.33333333333333337
M1-CN045,450.2,0.3333333333333333,0.5773502691896258,3,0.33333333333333337
M1-CN045,450.4,0.3333333333333333,0.5773502691896258,3,0.33333333333333337
M1-CN045,450.6,0.3333333333333333,0.5773502691896258,3,0.33333333333333337
M1-CN045,450.8,0.3333333333333333,0.5773502691896258,3,0.33333333333333337
M1-CN045,451.0,0.3333333333333333,0.5773502691896258,3,0.33333333333333337
M1-CN045,451.2,0.3333333333333333,0.5773502691896258,3,0.33333333333333337
M1-CN045,451.4,0.3333333333333333,0.5773502691896258,3,0.33333333333333337
M1-CN045,451.6,0.3333333333333333,0.5773502691896258,3,0.33333333333333337
M1-CN045,451.8,0.3333333333333333,0.5773502691896258,3,0.33333333333333337
M1-CN045,452.0,0.3333333333333333,0.5773502691896258,3,0.33333333333333337
M1-CN045,452.2,0.3333333333333333,0.5773502691896258,3,0.33333333333333337
M1-CN045,452.4,0.3333333333333333,0.5773502691896258,3,0.33333333333333337
M1-CN045,452.6,0.3333333333333333,0.5773502691896258,3,0.33333333333333337
M1-CN045,452.8,0.3333333333333333,0.5773502691896258,3,0.33333333333333337
M1-CN045,453.0,0.3333333333333333,0.5773502691896258,3,0.33333333333333337
M1-CN045,453.2,0.3333333333333333,0.5773502691896258,3,0.33333333333333337
M1-CN045,453.4,0.2222222222222222,0.3849001794597505,3,0.22222222222222224
M1-CN045,453.6,0.2222222222222222,0.3849001794597505,3,0.22222222222222224
M1-CN045,453.8,0.2222222222222222,0.3849001794597505,3,0.22222222222222224
M1-CN045,454.0,0.3333333333333333,0.5773502691896258,3,0.33333333333333337
M1-CN045,454.2,0.3333333333333333,0.5773502691896258,3,0.33333333333333337
M1-CN045,454.4,0.3333333333333333,0.5773502691896258,3,0.33333333333333337
M1-CN045,454.6,0.3333333333333333,0.5773502691896258,3,0.33333333333333337
M1-CN045,454.8,0.3333333333333333,0.5773502691896258,3,0.33333333333333337
M1-CN045,455.0,0.3333333333333333,0.5773502691896258,3,0.33333333333333337
M1-CN045,455.2,0.3333333333333333,0.5773502691896258,3,0.33333333333333337
M1-CN045,455.4,0.3333333333333333,0.5773502691896258,3,0.33333333333333337
M1-CN045,455.6,0.3333333333333333,0.5773502691896258,3,0.33333333333333337
M1-CN045,455.8,0.3333333333333333,0.5773502691896258,3,0.33333333333333337
M1-CN045,456.0,0.3333333333333333,0.5773502691896258,3,0.33333333333333337
M1-CN045,456.2,0.3333333333333333,0.5773502691896258,3,0.33333333333333337
M1-CN045,456.4,0.3333333333333333,0.5773502691896258,3,0.33333333333333337
M1-CN045,456.6,0.3333333333333333,0.5773502691896258,3,0.33333333333333337
M1-CN045,456.8,0.3333333333333333,0.5773502691896258,3,0.33333333333333337
M1-CN045,457.0,0.3333333333333333,0.5773502691896258,3,0.33333333333333337
M1-CN045,457.2,0.3333333333333333,0.5773502691896258,3,0.33333333333333337
M1-CN045,457.4,0.3333333333333333,0.5773502691896258,3,0.33333333333333337
M1-CN045,457.6,0.3333333333333333,0.5773502691896258,3,0.33333333333333337
M1-CN045,457.8,0.3333333333333333,0.5773502691896258,3,0.33333333333333337
M1-CN045,458.0,0.3333333333333333,0.5773502691896258,3,0.33333333333333337
M1-CN045,458.2,0.3333333333333333,0.5773502691896258,3,0.33333333333333337
M1-CN045,458.4,0.3333333333333333,0.5773502691896258,3,0.33333333333333337
M1-CN045,458.6,0.2222222222222222,0.3849001794597505,3,0.22222222222222224
M1-CN045,458.8,0.2222222222222222,0.3849001794597505,3,0.22222222222222224
M1-CN045,459.0,0.2222222222222222,0.3849001794597505,3,0.22222222222222224
M1-CN045,459.2,0.3333333333333333,0.5773502691896258,3,0.33333333333333337
M1-CN045,459.4,0.3333333333333333,0.5773502691896258,3,0.33333333333333337
M1-CN045,459.6,0.2222222222222222,0.3849001794597505,3,0.22222222222222224
M1-CN045,459.8,0.2222222222222222,0.3849001794597505,3,0.22222222222222224
M1-CN045,460.0,0.2222222222222222,0.3849001794597505,3,0.22222222222222224
M1-CN045,460.2,0.3333333333333333,0.5773502691896258,3,0.33333333333333337
M1-CN045,460.4,0.3333333333333333,0.5773502691896258,3,0.33333333333333337
M1-CN045,460.6,0.3333333333333333,0.5773502691896258,3,0.33333333333333337
M1-CN045,460.8,0.3333333333333333,0.5773502691896258,3,0.33333333333333337
M1-CN045,461.0,0.3333333333333333,0.5773502691896258,3,0.33333333333333337
M1-CN045,461.2,0.3333333333333333,0.5773502691896258,3,0.33333333333333337
M1-CN045,461.4,0.3333333333333333,0.5773502691896258,3,0.33333333333333337
M1-CN045,461.6,0.3333333333333333,0.5773502691896258,3,0.33333333333333337
M1-CN045,461.8,0.3333333333333333,0.5773502691896258,3,0.33333333333333337
M1-CN045,462.0,0.2222222222222222,0.3849001794597505,3,0.22222222222222224
M1-CN045,462.2,0.2222222222222222,0.3849001794597505,3,0.22222222222222224
M1-CN045,462.4,0.2222222222222222,0.3849001794597505,3,0.22222222222222224
M1-CN045,462.6,0.2222222222222222,0.3849001794597505,3,0.22222222222222224
M1-CN045,462.8,0.2222222222222222,0.3849001794597505,3,0.22222222222222224
M1-CN045,463.0,0.2222222222222222,0.3849001794597505,3,0.22222222222222224
M1-CN045,463.2,0.3333333333333333,0.5773502691896258,3,0.33333333333333337
M1-CN045,463.4,0.3333333333333333,0.5773502691896258,3,0.33333333333333337
M1-CN045,463.6,0.3333333333333333,0.5773502691896258,3,0.33333333333333337
M1-CN045,463.8,0.3333333333333333,0.5773502691896258,3,0.33333333333333337
M1-CN045,464.0,0.3333333333333333,0.5773502691896258,3,0.33333333333333337
M1-CN045,464.2,0.2222222222222222,0.3849001794597505,3,0.22222222222222224
M1-CN045,464.4,0.2222222222222222,0.3849001794597505,3,0.22222222222222224
M1-CN045,464.6,0.2222222222222222,0.3849001794597505,3,0.22222222222222224
M1-CN045,464.8,0.2222222222222222,0.3849001794597505,3,0.22222222222222224
M1-CN045,465.0,0.2222222222222222,0.3849001794597505,3,0.22222222222222224
M1-CN045,465.2,0.2222222222222222,0.3849001794597505,3,0.22222222222222224
M1-CN045,465.4,0.3333333333333333,0.5773502691896258,3,0.33333333333333337
M1-CN045,465.6,0.3333333333333333,0.5773502691896258,3,0.33333333333333337
M1-CN045,465.8,0.3333333333333333,0.5773502691896258,3,0.33333333333333337
M1-CN045,466.0,0.3333333333333333,0.5773502691896258,3,0.33333333333333337
M1-CN045,466.2,0.3333333333333333,0.5773502691896258,3,0.33333333333333337
M1-CN045,466.4,0.2222222222222222,0.3849001794597505,3,0.22222222222222224
M1-CN045,466.6,0.2222222222222222,0.3849001794597505,3,0.22222222222222224
M1-CN045,466.8,0.2222222222222222,0.3849001794597505,3,0.22222222222222224
M1-CN045,467.0,0.3333333333333333,0.5773502691896258,3,0.33333333333333337
M1-CN045,467.2,0.3333333333333333,0.5773502691896258,3,0.33333333333333337
M1-CN045,467.4,0.2222222222222222,0.3849001794597505,3,0.22222222222222224
M1-CN045,467.6,0.2222222222222222,0.3849001794597505,3,0.22222222222222224
M1-CN045,467.8,0.2222222222222222,0.3849001794597505,3,0.22222222222222224
M1-CN045,468.0,0.3333333333333333,0.5773502691896258,3,0.33333333333333337
M1-CN045,468.2,0.3333333333333333,0.5773502691896258,3,0.33333333333333337
M1-CN045,468.4,0.3333333333333333,0.5773502691896258,3,0.33333333333333337
M1-CN045,468.6,0.3333333333333333,0.5773502691896258,3,0.33333333333333337
M1-CN045,468.8,0.3333333333333333,0.5773502691896258,3,0.33333333333333337
M1-CN045,469.0,0.3333333333333333,0.5773502691896258,3,0.33333333333333337
M1-CN045,469.2,0.3333333333333333,0.5773502691896258,3,0.33333333333333337
M1-CN045,469.4,0.2222222222222222,0.3849001794597505,3,0.22222222222222224
M1-CN045,469.6,0.2222222222222222,0.3849001794597505,3,0.22222222222222224
M1-CN045,469.8,0.2222222222222222,0.3849001794597505,3,0.22222222222222224
M1-CN045,470.0,0.3333333333333333,0.5773502691896258,3,0.33333333333333337
M1-CN045,470.2,0.3333333333333333,0.5773502691896258,3,0.33333333333333337
M1-CN045,470.4,0.2222222222222222,0.3849001794597505,3,0.22222222222222224
M1-CN045,470.6,0.2222222222222222,0.3849001794597505,3,0.22222222222222224
M1-CN045,470.8,0.2222222222222222,0.3849001794597505,3,0.22222222222222224
M1-CN045,471.0,0.3333333333333333,0.5773502691896258,3,0.33333333333333337
M1-CN045,471.2,0.3333333333333333,0.5773502691896258,3,0.33333333333333337
M1-CN045,471.4,0.3333333333333333,0.5773502691896258,3,0.33333333333333337
M1-CN045,471.6,0.3333333333333333,0.5773502691896258,3,0.33333333333333337
M1-CN045,471.8,0.3333333333333333,0.5773502691896258,3,0.33333333333333337
M1-CN045,472.0,0.3333333333333333,0.5773502691896258,3,0.33333333333333337
M1-CN045,472.2,0.3333333333333333,0.5773502691896258,3,0.33333333333333337
M1-CN045,472.4,0.3333333333333333,0.5773502691896258,3,0.33333333333333337
M1-CN045,472.6,0.3333333333333333,0.5773502691896258,3,0.33333333333333337
M1-CN045,472.8,0.3333333333333333,0.5773502691896258,3,0.33333333333333337
M1-CN045,473.0,0.3333333333333333,0.5773502691896258,3,0.33333333333333337
M1-CN045,473.2,0.3333333333333333,0.5773502691896258,3,0.33333333333333337
M1-CN045,473.4,0.3333333333333333,0.5773502691896258,3,0.33333333333333337
M1-CN045,473.6,0.3333333333333333,0.5773502691896258,3,0.33333333333333337
M1-CN045,473.8,0.3333333333333333,0.5773502691896258,3,0.33333333333333337
M1-CN045,474.0,0.3333333333333333,0.5773502691896258,3,0.33333333333333337
M1-CN045,474.2,0.3333333333333333,0.5773502691896258,3,0.33333333333333337
M1-CN045,474.4,0.3333333333333333,0.5773502691896258,3,0.33333333333333337
M1-CN045,474.6,0.3333333333333333,0.5773502691896258,3,0.33333333333333337
M1-CN045,474.8,0.2222222222222222,0.3849001794597505,3,0.22222222222222224
M1-CN045,475.0,0.2222222222222222,0.3849001794597505,3,0.22222222222222224
M1-CN045,475.2,0.2222222222222222,0.3849001794597505,3,0.22222222222222224
M1-CN045,475.4,0.3333333333333333,0.5773502691896258,3,0.33333333333333337
M1-CN045,475.6,0.3333333333333333,0.5773502691896258,3,0.33333333333333337
M1-CN045,475.8,0.3333333333333333,0.5773502691896258,3,0.33333333333333337
M1-CN045,476.0,0.3333333333333333,0.5773502691896258,3,0.33333333333333337
M1-CN045,476.2,0.3333333333333333,0.5773502691896258,3,0.33333333333333337
M1-CN045,476.4,0.3333333333333333,0.5773502691896258,3,0.33333333333333337
M1-CN045,476.6,0.3333333333333333,0.5773502691896258,3,0.33333333333333337
M1-CN045,476.8,0.2222222222222222,0.3849001794597505,3,0.22222222222222224
M1-CN045,477.0,0.2222222222222222,0.3849001794597505,3,0.22222222222222224
M1-CN045,477.2,0.2222222222222222,0.3849001794597505,3,0.22222222222222224
M1-CN045,477.4,0.3333333333333333,0.5773502691896258,3,0.33333333333333337
M1-CN045,477.6,0.3333333333333333,0.5773502691896258,3,0.33333333333333337
M1-CN045,477.8,0.3333333333333333,0.5773502691896258,3,0.33333333333333337
M1-CN045,478.0,0.3333333333333333,0.5773502691896258,3,0.33333333333333337
M1-CN045,478.2,0.3333333333333333,0.5773502691896258,3,0.33333333333333337
M1-CN045,478.4,0.3333333333333333,0.5773502691896258,3,0.33333333333333337
M1-CN045,478.6,0.3333333333333333,0.5773502691896258,3,0.33333333333333337
M1-CN045,478.8,0.3333333333333333,0.5773502691896258,3,0.33333333333333337
M1-CN045,479.0,0.3333333333333333,0.5773502691896258,3,0.33333333333333337
M1-CN045,479.2,0.3333333333333333,0.5773502691896258,3,0.33333333333333337
M1-CN045,479.4,0.3333333333333333,0.5773502691896258,3,0.33333333333333337
M1-CN045,479.6,0.3333333333333333,0.5773502691896258,3,0.33333333333333337
M1-CN045,479.8,0.3333333333333333,0.5773502691896258,3,0.33333333333333337
M1-CN045,480.0,0.3333333333333333,0.5773502691896258,3,0.33333333333333337
M1-CN045,480.2,0.3333333333333333,0.5773502691896258,3,0.33333333333333337
M1-CN045,480.4,0.3333333333333333,0.5773502691896258,3,0.33333333333333337
M1-CN045,480.6,0.3333333333333333,0.5773502691896258,3,0.33333333333333337
M1-CN045,480.8,0.3333333333333333,0.5773502691896258,3,0.33333333333333337
M1-CN045,481.0,0.3333333333333333,0.5773502691896258,3,0.33333333333333337
M1-CN045,481.2,0.3333333333333333,0.5773502691896258,3,0.33333333333333337
M1-CN045,481.4,0.3333333333333333,0.5773502691896258,3,0.33333333333333337
M1-CN045,481.6,0.3333333333333333,0.5773502691896258,3,0.33333333333333337
M1-CN045,481.8,0.2222222222222222,0.3849001794597505,3,0.22222222222222224
M1-CN045,482.0,0.2222222222222222,0.3849001794597505,3,0.22222222222222224
M1-CN045,482.2,0.2222222222222222,0.3849001794597505,3,0.22222222222222224
M1-CN045,482.4,0.2222222222222222,0.3849001794597505,3,0.22222222222222224
M1-CN045,482.6,0.2222222222222222,0.3849001794597505,3,0.22222222222222224
M1-CN045,482.8,0.2222222222222222,0.3849001794597505,3,0.22222222222222224
M1-CN045,483.0,0.3333333333333333,0.5773502691896258,3,0.33333333333333337
M1-CN045,483.2,0.3333333333333333,0.5773502691896258,3,0.33333333333333337
M1-CN045,483.4,0.3333333333333333,0.5773502691896258,3,0.33333333333333337
M1-CN045,483.6,0.3333333333333333,0.5773502691896258,3,0.33333333333333337
M1-CN045,483.8,0.2222222222222222,0.3849001794597505,3,0.22222222222222224
M1-CN045,484.0,0.1111111111111111,0.19245008972987526,3,0.11111111111111112
M1-CN045,484.2,0.1111111111111111,0.19245008972987526,3,0.11111111111111112
M1-CN045,484.4,0.1111111111111111,0.19245008972987526,3,0.11111111111111112
M1-CN045,484.6,0.1111111111111111,0.19245008972987526,3,0.11111111111111112
M1-CN045,484.8,0.1111111111111111,0.19245008972987526,3,0.11111111111111112
M1-CN045,485.0,0.2222222222222222,0.3849001794597505,3,0.22222222222222224
M1-CN045,485.2,0.3333333333333333,0.5773502691896258,3,0.33333333333333337
M1-CN045,485.4,0.3333333333333333,0.5773502691896258,3,0.33333333333333337
M1-CN045,485.6,0.2222222222222222,0.3849001794597505,3,0.22222222222222224
M1-CN045,485.8,0.2222222222222222,0.3849001794597505,3,0.22222222222222224
M1-CN045,486.0,0.1111111111111111,0.19245008972987526,3,0.11111111111111112
M1-CN045,486.2,0.2222222222222222,0.3849001794597505,3,0.22222222222222224
M1-CN045,486.4,0.2222222222222222,0.3849001794597505,3,0.22222222222222224
M1-CN045,486.6,0.3333333333333333,0.5773502691896258,3,0.33333333333333337
M1-CN045,486.8,0.2222222222222222,0.3849001794597505,3,0.22222222222222224
M1-CN045,487.0,0.1111111111111111,0.19245008972987526,3,0.11111111111111112
M1-CN045,487.2,0.1111111111111111,0.19245008972987526,3,0.11111111111111112
M1-CN045,487.4,0.1111111111111111,0.19245008972987526,3,0.11111111111111112
M1-CN045,487.6,0.2222222222222222,0.3849001794597505,3,0.22222222222222224
M1-CN045,487.8,0.2222222222222222,0.3849001794597505,3,0.22222222222222224
M1-CN045,488.0,0.3333333333333333,0.5773502691896258,3,0.33333333333333337
M1-CN045,488.2,0.3333333333333333,0.5773502691896258,3,0.33333333333333337
M1-CN045,488.4,0.3333333333333333,0.5773502691896258,3,0.33333333333333337
M1-CN045,488.6,0.3333333333333333,0.5773502691896258,3,0.33333333333333337
M1-CN045,488.8,0.3333333333333333,0.5773502691896258,3,0.33333333333333337
M1-CN045,489.0,0.3333333333333333,0.5773502691896258,3,0.33333333333333337
M1-CN045,489.2,0.3333333333333333,0.5773502691896258,3,0.33333333333333337
M1-CN045,489.4,0.3333333333333333,0.5773502691896258,3,0.33333333333333337
M1-CN045,489.6,0.3333333333333333,0.5773502691896258,3,0.33333333333333337
M1-CN045,489.8,0.3333333333333333,0.5773502691896258,3,0.33333333333333337
M1-CN045,490.0,0.3333333333333333,0.5773502691896258,3,0.33333333333333337
M1-CN045,490.2,0.2222222222222222,0.3849001794597505,3,0.22222222222222224
M1-CN045,490.4,0.2222222222222222,0.3849001794597505,3,0.22222222222222224
M1-CN045,490.6,0.2222222222222222,0.3849001794597505,3,0.22222222222222224
M1-CN045,490.8,0.3333333333333333,0.5773502691896258,3,0.33333333333333337
M1-CN045,491.0,0.3333333333333333,0.5773502691896258,3,0.33333333333333337
M1-CN045,491.2,0.3333333333333333,0.5773502691896258,3,0.33333333333333337
M1-CN045,491.4,0.3333333333333333,0.5773502691896258,3,0.33333333333333337
M1-CN045,491.6,0.3333333333333333,0.5773502691896258,3,0.33333333333333337
M1-CN045,491.8,0.3333333333333333,0.5773502691896258,3,0.33333333333333337
M1-CN045,492.0,0.3333333333333333,0.5773502691896258,3,0.33333333333333337
M1-CN045,492.2,0.3333333333333333,0.5773502691896258,3,0.33333333333333337
M1-CN045,492.4,0.3333333333333333,0.5773502691896258,3,0.33333333333333337
M1-CN045,492.6,0.3333333333333333,0.5773502691896258,3,0.33333333333333337
M1-CN045,492.8,0.3333333333333333,0.5773502691896258,3,0.33333333333333337
M1-CN045,493.0,0.3333333333333333,0.5773502691896258,3,0.33333333333333337
M1-CN045,493.2,0.3333333333333333,0.5773502691896258,3,0.33333333333333337
M1-CN045,493.4,0.3333333333333333,0.5773502691896258,3,0.33333333333333337
M1-CN045,493.6,0.3333333333333333,0.5773502691896258,3,0.33333333333333337
M1-CN045,493.8,0.3333333333333333,0.5773502691896258,3,0.33333333333333337
M1-CN045,494.0,0.3333333333333333,0.5773502691896258,3,0.33333333333333337
M1-CN045,494.2,0.3333333333333333,0.5773502691896258,3,0.33333333333333337
M1-CN045,494.4,0.3333333333333333,0.5773502691896258,3,0.33333333333333337
M1-CN045,494.6,0.3333333333333333,0.5773502691896258,3,0.33333333333333337
M1-CN045,494.8,0.3333333333333333,0.5773502691896258,3,0.33333333333333337
M1-CN045,495.0,0.3333333333333333,0.5773502691896258,3,0.33333333333333337
M1-CN045,495.2,0.3333333333333333,0.5773502691896258,3,0.33333333333333337
M1-CN045,495.4,0.3333333333333333,0.5773502691896258,3,0.33333333333333337
M1-CN045,495.6,0.3333333333333333,0.5773502691896258,3,0.33333333333333337
M1-CN045,495.8,0.3333333333333333,0.5773502691896258,3,0.33333333333333337
M1-CN045,496.0,0.3333333333333333,0.5773502691896258,3,0.33333333333333337
M1-CN045,496.2,0.3333333333333333,0.5773502691896258,3,0.33333333333333337
M1-CN045,496.4,0.3333333333333333,0.5773502691896258,3,0.33333333333333337
M1-CN045,496.6,0.3333333333333333,0.5773502691896258,3,0.33333333333333337
M1-CN045,496.8,0.3333333333333333,0.5773502691896258,3,0.33333333333333337
M1-CN045,497.0,0.2222222222222222,0.3849001794597505,3,0.22222222222222224
M1-CN045,497.2,0.2222222222222222,0.3849001794597505,3,0.22222222222222224
M1-CN045,497.4,0.2222222222222222,0.3849001794597505,3,0.22222222222222224
M1-CN045,497.6,0.3333333333333333,0.5773502691896258,3,0.33333333333333337
M1-CN045,497.8,0.3333333333333333,0.5773502691896258,3,0.33333333333333337
M1-CN045,498.0,0.3333333333333333,0.5773502691896258,3,0.33333333333333337
M1-CN045,498.2,0.3333333333333333,0.5773502691896258,3,0.33333333333333337
M1-CN045,498.4,0.3333333333333333,0.5773502691896258,3,0.33333333333333337
M1-CN045,498.6,0.3333333333333333,0.5773502691896258,3,0.33333333333333337
M1-CN045,498.8,0.3333333333333333,0.5773502691896258,3,0.33333333333333337
M1-CN045,499.0,0.3333333333333333,0.5773502691896258,3,0.33333333333333337
M1-CN045,499.2,0.2222222222222222,0.3849001794597505,3,0.22222222222222224
M1-CN045,499.4,0.2222222222222222,0.3849001794597505,3,0.22222222222222224
M1-CN045,499.6,0.2222222222222222,0.3849001794597505,3,0.22222222222222224
M1-CN045,499.8,0.3333333333333333,0.5773502691896258,3,0.33333333333333337
M1-CN045,500.0,0.3333333333333333,0.5773502691896258,3,0.33333333333333337
M1-CN045,500.2,0.3333333333333333,0.5773502691896258,3,0.33333333333333337
M1-CN045,500.4,0.3333333333333333,0.5773502691896258,3,0.33333333333333337
M1-CN045,500.6,0.3333333333333333,0.5773502691896258,3,0.33333333333333337
M1-CN045,500.8,0.3333333333333333,0.5773502691896258,3,0.33333333333333337
M1-CN045,501.0,0.3333333333333333,0.5773502691896258,3,0.33333333333333337
M1-CN045,501.2,0.3333333333333333,0.5773502691896258,3,0.33333333333333337
M1-CN045,501.4,0.3333333333333333,0.5773502691896258,3,0.33333333333333337
M1-CN045,501.6,0.3333333333333333,0.5773502691896258,3,0.33333333333333337
M1-CN045,501.8,0.3333333333333333,0.5773502691896258,3,0.33333333333333337
M1-CN045,502.0,0.3333333333333333,0.5773502691896258,3,0.33333333333333337
M1-CN045,502.2,0.3333333333333333,0.5773502691896258,3,0.33333333333333337
M1-CN045,502.4,0.3333333333333333,0.5773502691896258,3,0.33333333333333337
M1-CN045,502.6,0.3333333333333333,0.5773502691896258,3,0.33333333333333337
M1-CN045,502.8,0.3333333333333333,0.5773502691896258,3,0.33333333333333337
M1-CN045,503.0,0.3333333333333333,0.5773502691896258,3,0.33333333333333337
M1-CN045,503.2,0.3333333333333333,0.5773502691896258,3,0.33333333333333337
M1-CN045,503.4,0.3333333333333333,0.5773502691896258,3,0.33333333333333337
M1-CN045,503.6,0.3333333333333333,0.5773502691896258,3,0.33333333333333337
M1-CN045,503.8,0.3333333333333333,0.5773502691896258,3,0.33333333333333337
M1-CN045,504.0,0.3333333333333333,0.5773502691896258,3,0.33333333333333337
M1-CN045,504.2,0.3333333333333333,0.5773502691896258,3,0.33333333333333337
M1-CN045,504.4,0.3333333333333333,0.5773502691896258,3,0.33333333333333337
M1-CN045,504.6,0.3333333333333333,0.5773502691896258,3,0.33333333333333337
M1-CN045,504.8,0.3333333333333333,0.5773502691896258,3,0.33333333333333337
M1-CN045,505.0,0.3333333333333333,0.5773502691896258,3,0.33333333333333337
M1-CN045,505.2,0.3333333333333333,0.5773502691896258,3,0.33333333333333337
M1-CN045,505.4,0.3333333333333333,0.5773502691896258,3,0.33333333333333337
M1-CN045,505.6,0.2222222222222222,0.3849001794597505,3,0.22222222222222224
M1-CN045,505.8,0.2222222222222222,0.3849001794597505,3,0.22222222222222224
M1-CN045,506.0,0.2222222222222222,0.3849001794597505,3,0.22222222222222224
M1-CN045,506.2,0.3333333333333333,0.5773502691896258,3,0.33333333333333337
M1-CN045,506.4,0.3333333333333333,0.5773502691896258,3,0.33333333333333337
M1-CN045,506.6,0.3333333333333333,0.5773502691896258,3,0.33333333333333337
M1-CN045,506.8,0.3333333333333333,0.5773502691896258,3,0.33333333333333337
M1-CN045,507.0,0.3333333333333333,0.5773502691896258,3,0.33333333333333337
M1-CN045,507.2,0.3333333333333333,0.5773502691896258,3,0.33333333333333337
M1-CN045,507.4,0.3333333333333333,0.5773502691896258,3,0.33333333333333337
M1-CN045,507.6,0.3333333333333333,0.5773502691896258,3,0.33333333333333337
M1-CN045,507.8,0.3333333333333333,0.5773502691896258,3,0.33333333333333337
M1-CN045,508.0,0.2222222222222222,0.3849001794597505,3,0.22222222222222224
M1-CN045,508.2,0.2222222222222222,0.3849001794597505,3,0.22222222222222224
M1-CN045,508.4,0.2222222222222222,0.3849001794597505,3,0.22222222222222224
M1-CN045,508.6,0.2222222222222222,0.3849001794597505,3,0.22222222222222224
M1-CN045,508.8,0.2222222222222222,0.3849001794597505,3,0.22222222222222224
M1-CN045,509.0,0.2222222222222222,0.3849001794597505,3,0.22222222222222224
M1-CN045,509.2,0.3333333333333333,0.5773502691896258,3,0.33333333333333337
M1-CN045,509.4,0.3333333333333333,0.5773502691896258,3,0.33333333333333337
M1-CN045,509.6,0.3333333333333333,0.5773502691896258,3,0.33333333333333337
M1-CN045,509.8,0.3333333333333333,0.5773502691896258,3,0.33333333333333337
M1-CN045,510.0,0.3333333333333333,0.5773502691896258,3,0.33333333333333337
M1-CN045,510.2,0.3333333333333333,0.5773502691896258,3,0.33333333333333337
M1-CN045,510.4,0.3333333333333333,0.5773502691896258,3,0.33333333333333337
M1-CN045,510.6,0.3333333333333333,0.5773502691896258,3,0.33333333333333337
M1-CN045,510.8,0.3333333333333333,0.5773502691896258,3,0.33333333333333337
M1-CN045,511.0,0.3333333333333333,0.5773502691896258,3,0.33333333333333337
M1-CN045,511.2,0.2222222222222222,0.3849001794597505,3,0.22222222222222224
M1-CN045,511.4,0.2222222222222222,0.3849001794597505,3,0.22222222222222224
M1-CN045,511.6,0.1111111111111111,0.19245008972987526,3,0.11111111111111112
M1-CN045,511.8,0.2222222222222222,0.3849001794597505,3,0.22222222222222224
M1-CN045,512.0,0.2222222222222222,0.3849001794597505,3,0.22222222222222224
M1-CN045,512.2,0.3333333333333333,0.5773502691896258,3,0.33333333333333337
M1-CN045,512.4,0.3333333333333333,0.5773502691896258,3,0.33333333333333337
M1-CN045,512.6,0.3333333333333333,0.5773502691896258,3,0.33333333333333337
M1-CN045,512.8,0.3333333333333333,0.5773502691896258,3,0.33333333333333337
M1-CN045,513.0,0.3333333333333333,0.5773502691896258,3,0.33333333333333337
M1-CN045,513.2,0.3333333333333333,0.5773502691896258,3,0.33333333333333337
M1-CN045,513.4,0.3333333333333333,0.5773502691896258,3,0.33333333333333337
M1-CN045,513.6,0.3333333333333333,0.5773502691896258,3,0.33333333333333337
M1-CN045,513.8,0.3333333333333333,0.5773502691896258,3,0.33333333333333337
M1-CN045,514.0,0.3333333333333333,0.5773502691896258,3,0.33333333333333337
M1-CN045,514.2,0.2222222222222222,0.3849001794597505,3,0.22222222222222224
M1-CN045,514.4,0.2222222222222222,0.3849001794597505,3,0.22222222222222224
M1-CN045,514.6,0.2222222222222222,0.3849001794597505,3,0.22222222222222224
M1-CN045,514.8,0.2222222222222222,0.3849001794597505,3,0.22222222222222224
M1-CN045,515.0,0.2222222222222222,0.3849001794597505,3,0.22222222222222224
M1-CN045,515.2,0.2222222222222222,0.3849001794597505,3,0.22222222222222224
M1-CN045,515.4,0.2222222222222222,0.3849001794597505,3,0.22222222222222224
M1-CN045,515.6,0.1111111111111111,0.19245008972987526,3,0.11111111111111112
M1-CN045,515.8,0.1111111111111111,0.19245008972987526,3,0.11111111111111112
M1-CN045,516.0,0.2222222222222222,0.3849001794597505,3,0.22222222222222224
M1-CN045,516.2,0.3333333333333333,0.5773502691896258,3,0.33333333333333337
M1-CN045,516.4,0.3333333333333333,0.5773502691896258,3,0.33333333333333337
M1-CN045,516.6,0.2222222222222222,0.3849001794597505,3,0.22222222222222224
M1-CN045,516.8,0.2222222222222222,0.3849001794597505,3,0.22222222222222224
M1-CN045,517.0,0.1111111111111111,0.19245008972987526,3,0.11111111111111112
M1-CN045,517.2,0.2222222222222222,0.3849001794597505,3,0.22222222222222224
M1-CN045,517.4,0.2222222222222222,0.3849001794597505,3,0.22222222222222224
M1-CN045,517.6,0.2222222222222222,0.3849001794597505,3,0.22222222222222224
M1-CN045,517.8,0.2222222222222222,0.3849001794597505,3,0.22222222222222224
M1-CN045,518.0,0.2222222222222222,0.3849001794597505,3,0.22222222222222224
M1-CN045,518.2,0.3333333333333333,0.5773502691896258,3,0.33333333333333337
M1-CN045,518.4,0.3333333333333333,0.5773502691896258,3,0.33333333333333337
M1-CN045,518.6,0.3333333333333333,0.5773502691896258,3,0.33333333333333337
M1-CN045,518.8,0.3333333333333333,0.5773502691896258,3,0.33333333333333337
M1-CN045,519.0,0.2222222222222222,0.3849001794597505,3,0.22222222222222224
M1-CN045,519.2,0.2222222222222222,0.3849001794597505,3,0.22222222222222224
M1-CN045,519.4,0.2222222222222222,0.3849001794597505,3,0.22222222222222224
M1-CN045,519.6,0.3333333333333333,0.5773502691896258,3,0.33333333333333337
M1-CN045,519.8,0.2222222222222222,0.3849001794597505,3,0.22222222222222224
M1-CN045,520.0,0.2222222222222222,0.3849001794597505,3,0.22222222222222224
M1-CN045,520.2,0.2222222222222222,0.3849001794597505,3,0.22222222222222224
M1-CN045,520.4,0.3333333333333333,0.5773502691896258,3,0.33333333333333337
M1-CN045,520.6,0.3333333333333333,0.5773502691896258,3,0.33333333333333337
M1-CN045,520.8,0.3333333333333333,0.5773502691896258,3,0.33333333333333337
M1-CN045,521.0,0.3333333333333333,0.5773502691896258,3,0.33333333333333337
M1-CN045,521.2,0.3333333333333333,0.5773502691896258,3,0.33333333333333337
M1-CN045,521.4,0.2222222222222222,0.3849001794597505,3,0.22222222222222224
M1-CN045,521.6,0.2222222222222222,0.3849001794597505,3,0.22222222222222224
M1-CN045,521.8,0.2222222222222222,0.3849001794597505,3,0.22222222222222224
M1-CN045,522.0,0.3333333333333333,0.5773502691896258,3,0.33333333333333337
M1-CN045,522.2,0.2222222222222222,0.3849001794597505,3,0.22222222222222224
M1-CN045,522.4,0.2222222222222222,0.3849001794597505,3,0.22222222222222224
M1-CN045,522.6,0.2222222222222222,0.3849001794597505,3,0.22222222222222224
M1-CN045,522.8,0.3333333333333333,0.5773502691896258,3,0.33333333333333337
M1-CN045,523.0,0.3333333333333333,0.5773502691896258,3,0.33333333333333337
M1-CN045,523.2,0.3333333333333333,0.5773502691896258,3,0.33333333333333337
M1-CN045,523.4,0.3333333333333333,0.5773502691896258,3,0.33333333333333337
M1-CN045,523.6,0.2222222222222222,0.3849001794597505,3,0.22222222222222224
M1-CN045,523.8,0.1111111111111111,0.19245008972987526,3,0.11111111111111112
M1-CN045,524.0,0.1111111111111111,0.19245008972987526,3,0.11111111111111112
M1-CN045,524.2,0.2222222222222222,0.3849001794597505,3,0.22222222222222224
M1-CN045,524.4,0.3333333333333333,0.5773502691896258,3,0.33333333333333337
M1-CN045,524.6,0.3333333333333333,0.5773502691896258,3,0.33333333333333337
M1-CN045,524.8,0.3333333333333333,0.5773502691896258,3,0.33333333333333337
M1-CN045,525.0,0.3333333333333333,0.5773502691896258,3,0.33333333333333337
M1-CN045,525.2,0.2222222222222222,0.3849001794597505,3,0.22222222222222224
M1-CN045,525.4,0.1111111111111111,0.19245008972987526,3,0.11111111111111112
M1-CN045,525.6,0.1111111111111111,0.19245008972987526,3,0.11111111111111112
M1-CN045,525.8,0.2222222222222222,0.3849001794597505,3,0.22222222222222224
M1-CN045,526.0,0.3333333333333333,0.5773502691896258,3,0.33333333333333337
M1-CN045,526.2,0.3333333333333333,0.5773502691896258,3,0.33333333333333337
M1-CN045,526.4,0.3333333333333333,0.5773502691896258,3,0.33333333333333337
M1-CN045,526.6,0.3333333333333333,0.5773502691896258,3,0.33333333333333337
M1-CN045,526.8,0.3333333333333333,0.5773502691896258,3,0.33333333333333337
M1-CN045,527.0,0.3333333333333333,0.5773502691896258,3,0.33333333333333337
M1-CN045,527.2,0.3333333333333333,0.5773502691896258,3,0.33333333333333337
M1-CN045,527.4,0.2222222222222222,0.3849001794597505,3,0.22222222222222224
M1-CN045,527.6,0.2222222222222222,0.3849001794597505,3,0.22222222222222224
M1-CN045,527.8,0.2222222222222222,0.3849001794597505,3,0.22222222222222224
M1-CN045,528.0,0.3333333333333333,0.5773502691896258,3,0.33333333333333337
M1-CN045,528.2,0.3333333333333333,0.5773502691896258,3,0.33333333333333337
M1-CN045,528.4,0.3333333333333333,0.5773502691896258,3,0.33333333333333337
M1-CN045,528.6,0.3333333333333333,0.5773502691896258,3,0.33333333333333337
M1-CN045,528.8,0.3333333333333333,0.5773502691896258,3,0.33333333333333337
M1-CN045,529.0,0.3333333333333333,0.5773502691896258,3,0.33333333333333337
M1-CN045,529.2,0.3333333333333333,0.5773502691896258,3,0.33333333333333337
M1-CN045,529.4,0.3333333333333333,0.5773502691896258,3,0.33333333333333337
M1-CN045,529.6,0.3333333333333333,0.5773502691896258,3,0.33333333333333337
M1-CN045,529.8,0.3333333333333333,0.5773502691896258,3,0.33333333333333337
M1-CN045,530.0,0.3333333333333333,0.5773502691896258,3,0.33333333333333337
M1-CN045,530.2,0.3333333333333333,0.5773502691896258,3,0.33333333333333337
M1-CN045,530.4,0.3333333333333333,0.5773502691896258,3,0.33333333333333337
M1-CN045,530.6,0.3333333333333333,0.5773502691896258,3,0.33333333333333337
M1-CN045,530.8,0.3333333333333333,0.5773502691896258,3,0.33333333333333337
M1-CN045,531.0,0.3333333333333333,0.5773502691896258,3,0.33333333333333337
M1-CN045,531.2,0.3333333333333333,0.5773502691896258,3,0.33333333333333337
M1-CN045,531.4,0.3333333333333333,0.5773502691896258,3,0.33333333333333337
M1-CN045,531.6,0.3333333333333333,0.5773502691896258,3,0.33333333333333337
M1-CN045,531.8,0.3333333333333333,0.5773502691896258,3,0.33333333333333337
M1-CN045,532.0,0.3333333333333333,0.5773502691896258,3,0.33333333333333337
M1-CN045,532.2,0.3333333333333333,0.5773502691896258,3,0.33333333333333337
M1-CN045,532.4,0.3333333333333333,0.5773502691896258,3,0.33333333333333337
M1-CN045,532.6,0.3333333333333333,0.5773502691896258,3,0.33333333333333337
M1-CN045,532.8,0.3333333333333333,0.5773502691896258,3,0.33333333333333337
M1-CN045,533.0,0.3333333333333333,0.5773502691896258,3,0.33333333333333337
M1-CN045,533.2,0.3333333333333333,0.5773502691896258,3,0.33333333333333337
M1-CN045,533.4,0.3333333333333333,0.5773502691896258,3,0.33333333333333337
M1-CN045,533.6,0.3333333333333333,0.5773502691896258,3,0.33333333333333337
M1-CN045,533.8,0.3333333333333333,0.5773502691896258,3,0.33333333333333337
M1-CN045,534.0,0.2222222222222222,0.3849001794597505,3,0.22222222222222224
M1-CN045,534.2,0.2222222222222222,0.3849001794597505,3,0.22222222222222224
M1-CN045,534.4,0.1111111111111111,0.19245008972987526,3,0.11111111111111112
M1-CN045,534.6,0.1111111111111111,0.19245008972987526,3,0.11111111111111112
M1-CN045,534.8,0.1111111111111111,0.19245008972987526,3,0.11111111111111112
M1-CN045,535.0,0.2222222222222222,0.3849001794597505,3,0.22222222222222224
M1-CN045,535.2,0.3333333333333333,0.5773502691896258,3,0.33333333333333337
M1-CN045,535.4,0.3333333333333333,0.5773502691896258,3,0.33333333333333337
M1-CN045,535.6,0.3333333333333333,0.5773502691896258,3,0.33333333333333337
M1-CN045,535.8,0.3333333333333333,0.5773502691896258,3,0.33333333333333337
M1-CN045,536.0,0.3333333333333333,0.5773502691896258,3,0.33333333333333337
M1-CN045,536.2,0.3333333333333333,0.5773502691896258,3,0.33333333333333337
M1-CN045,536.4,0.3333333333333333,0.5773502691896258,3,0.33333333333333337
M1-CN045,536.6,0.3333333333333333,0.5773502691896258,3,0.33333333333333337
M1-CN045,536.8,0.3333333333333333,0.5773502691896258,3,0.33333333333333337
M1-CN045,537.0,0.3333333333333333,0.5773502691896258,3,0.33333333333333337
M1-CN045,537.2,0.3333333333333333,0.5773502691896258,3,0.33333333333333337
M1-CN045,537.4,0.3333333333333333,0.5773502691896258,3,0.33333333333333337
M1-CN045,537.6,0.3333333333333333,0.5773502691896258,3,0.33333333333333337
M1-CN045,537.8,0.3333333333333333,0.5773502691896258,3,0.33333333333333337
M1-CN045,538.0,0.2222222222222222,0.3849001794597505,3,0.22222222222222224
M1-CN045,538.2,0.2222222222222222,0.3849001794597505,3,0.22222222222222224
M1-CN045,538.4,0.2222222222222222,0.3849001794597505,3,0.22222222222222224
M1-CN045,538.6,0.3333333333333333,0.5773502691896258,3,0.33333333333333337
M1-CN045,538.8,0.3333333333333333,0.5773502691896258,3,0.33333333333333337
M1-CN045,539.0,0.3333333333333333,0.5773502691896258,3,0.33333333333333337
M1-CN045,539.2,0.3333333333333333,0.5773502691896258,3,0.33333333333333337
M1-CN045,539.4,0.3333333333333333,0.5773502691896258,3,0.33333333333333337
M1-CN045,539.6,0.3333333333333333,0.5773502691896258,3,0.33333333333333337
M1-CN045,539.8,0.3333333333333333,0.5773502691896258,3,0.33333333333333337
M1-CN045,540.0,0.3333333333333333,0.5773502691896258,3,0.33333333333333337
M1-CN045,540.2,0.3333333333333333,0.5773502691896258,3,0.33333333333333337
M1-CN045,540.4,0.3333333333333333,0.5773502691896258,3,0.33333333333333337
M1-CN045,540.6,0.3333333333333333,0.5773502691896258,3,0.33333333333333337
M1-CN045,540.8,0.3333333333333333,0.5773502691896258,3,0.33333333333333337
M1-CN045,541.0,0.3333333333333333,0.5773502691896258,3,0.33333333333333337
M1-CN045,541.2,0.3333333333333333,0.5773502691896258,3,0.33333333333333337
M1-CN045,541.4,0.3333333333333333,0.5773502691896258,3,0.33333333333333337
M1-CN045,541.6,0.3333333333333333,0.5773502691896258,3,0.33333333333333337
M1-CN045,541.8,0.3333333333333333,0.5773502691896258,3,0.33333333333333337
M1-CN045,542.0,0.3333333333333333,0.5773502691896258,3,0.33333333333333337
M1-CN045,542.2,0.3333333333333333,0.5773502691896258,3,0.33333333333333337
M1-CN045,542.4,0.3333333333333333,0.5773502691896258,3,0.33333333333333337
M1-CN045,542.6,0.3333333333333333,0.5773502691896258,3,0.33333333333333337
M1-CN045,542.8,0.3333333333333333,0.5773502691896258,3,0.33333333333333337
M1-CN045,543.0,0.3333333333333333,0.5773502691896258,3,0.33333333333333337
M1-CN045,543.2,0.3333333333333333,0.5773502691896258,3,0.33333333333333337
M1-CN045,543.4,0.2222222222222222,0.3849001794597505,3,0.22222222222222224
M1-CN045,543.6,0.2222222222222222,0.3849001794597505,3,0.22222222222222224
M1-CN045,543.8,0.2222222222222222,0.3849001794597505,3,0.22222222222222224
M1-CN045,544.0,0.3333333333333333,0.5773502691896258,3,0.33333333333333337
M1-CN045,544.2,0.3333333333333333,0.5773502691896258,3,0.33333333333333337
M1-CN045,544.4,0.3333333333333333,0.5773502691896258,3,0.33333333333333337
M1-CN045,544.6,0.3333333333333333,0.5773502691896258,3,0.33333333333333337
M1-CN045,544.8,0.3333333333333333,0.5773502691896258,3,0.33333333333333337
M1-CN045,545.0,0.3333333333333333,0.5773502691896258,3,0.33333333333333337
M1-CN045,545.2,0.3333333333333333,0.5773502691896258,3,0.33333333333333337
M1-CN045,545.4,0.3333333333333333,0.5773502691896258,3,0.33333333333333337
M1-CN045,545.6,0.3333333333333333,0.5773502691896258,3,0.33333333333333337
M1-CN045,545.8,0.3333333333333333,0.5773502691896258,3,0.33333333333333337
M1-CN045,546.0,0.3333333333333333,0.5773502691896258,3,0.33333333333333337
M1-CN045,546.2,0.3333333333333333,0.5773502691896258,3,0.33333333333333337
M1-CN045,546.4,0.3333333333333333,0.5773502691896258,3,0.33333333333333337
M1-CN045,546.6,0.3333333333333333,0.5773502691896258,3,0.33333333333333337
M1-CN045,546.8,0.3333333333333333,0.5773502691896258,3,0.33333333333333337
M1-CN045,547.0,0.3333333333333333,0.5773502691896258,3,0.33333333333333337
M1-CN045,547.2,0.3333333333333333,0.5773502691896258,3,0.33333333333333337
M1-CN045,547.4,0.3333333333333333,0.5773502691896258,3,0.33333333333333337
M1-CN045,547.6,0.3333333333333333,0.5773502691896258,3,0.33333333333333337
M1-CN045,547.8,0.3333333333333333,0.5773502691896258,3,0.33333333333333337
M1-CN045,548.0,0.3333333333333333,0.5773502691896258,3,0.33333333333333337
M1-CN045,548.2,0.3333333333333333,0.5773502691896258,3,0.33333333333333337
M1-CN045,548.4,0.3333333333333333,0.5773502691896258,3,0.33333333333333337
M1-CN045,548.6,0.3333333333333333,0.5773502691896258,3,0.33333333333333337
M1-CN045,548.8,0.3333333333333333,0.5773502691896258,3,0.33333333333333337
M1-CN045,549.0,0.3333333333333333,0.5773502691896258,3,0.33333333333333337
M1-CN045,549.2,0.2222222222222222,0.3849001794597505,3,0.22222222222222224
M1-CN045,549.4,0.2222222222222222,0.3849001794597505,3,0.22222222222222224
M1-CN045,549.6,0.2222222222222222,0.3849001794597505,3,0.22222222222222224
M1-CN045,549.8,0.3333333333333333,0.5773502691896258,3,0.33333333333333337
M1-CN045,550.0,0.3333333333333333,0.5773502691896258,3,0.33333333333333337
M1-CN045,550.2,0.3333333333333333,0.5773502691896258,3,0.33333333333333337
M1-CN045,550.4,0.3333333333333333,0.5773502691896258,3,0.33333333333333337
M1-CN045,550.6,0.3333333333333333,0.5773502691896258,3,0.33333333333333337
M1-CN045,550.8,0.3333333333333333,0.5773502691896258,3,0.33333333333333337
M1-CN045,551.0,0.3333333333333333,0.5773502691896258,3,0.33333333333333337
M1-CN045,551.2,0.3333333333333333,0.5773502691896258,3,0.33333333333333337
M1-CN045,551.4,0.3333333333333333,0.5773502691896258,3,0.33333333333333337
M1-CN045,551.6,0.3333333333333333,0.5773502691896258,3,0.33333333333333337
M1-CN045,551.8,0.3333333333333333,0.5773502691896258,3,0.33333333333333337
M1-CN045,552.0,0.3333333333333333,0.5773502691896258,3,0.33333333333333337
M1-CN045,552.2,0.3333333333333333,0.5773502691896258,3,0.33333333333333337
M1-CN045,552.4,0.3333333333333333,0.5773502691896258,3,0.33333333333333337
M1-CN045,552.6,0.3333333333333333,0.5773502691896258,3,0.33333333333333337
M1-CN045,552.8,0.3333333333333333,0.5773502691896258,3,0.33333333333333337
M1-CN045,553.0,0.3333333333333333,0.5773502691896258,3,0.33333333333333337
M1-CN045,553.2,0.3333333333333333,0.5773502691896258,3,0.33333333333333337
M1-CN045,553.4,0.3333333333333333,0.5773502691896258,3,0.33333333333333337
M1-CN045,553.6,0.3333333333333333,0.5773502691896258,3,0.33333333333333337
M1-CN045,553.8,0.3333333333333333,0.5773502691896258,3,0.33333333333333337
M1-CN045,554.0,0.3333333333333333,0.5773502691896258,3,0.33333333333333337
M1-CN045,554.2,0.3333333333333333,0.5773502691896258,3,0.33333333333333337
M1-CN045,554.4,0.3333333333333333,0.5773502691896258,3,0.33333333333333337
M1-CN045,554.6,0.3333333333333333,0.5773502691896258,3,0.33333333333333337
M1-CN045,554.8,0.3333333333333333,0.5773502691896258,3,0.33333333333333337
M1-CN045,555.0,0.3333333333333333,0.5773502691896258,3,0.33333333333333337
M1-CN045,555.2,0.3333333333333333,0.5773502691896258,3,0.33333333333333337
M1-CN045,555.4,0.3333333333333333,0.5773502691896258,3,0.33333333333333337
M1-CN045,555.6,0.3333333333333333,0.5773502691896258,3,0.33333333333333337
M1-CN045,555.8,0.3333333333333333,0.5773502691896258,3,0.33333333333333337
M1-CN045,556.0,0.3333333333333333,0.5773502691896258,3,0.33333333333333337
M1-CN045,556.2,0.3333333333333333,0.5773502691896258,3,0.33333333333333337
M1-CN045,556.4,0.3333333333333333,0.5773502691896258,3,0.33333333333333337
M1-CN045,556.6,0.3333333333333333,0.5773502691896258,3,0.33333333333333337
M1-CN045,556.8,0.3333333333333333,0.5773502691896258,3,0.33333333333333337
M1-CN045,557.0,0.3333333333333333,0.5773502691896258,3,0.33333333333333337
M1-CN045,557.2,0.3333333333333333,0.5773502691896258,3,0.33333333333333337
M1-CN045,557.4,0.3333333333333333,0.5773502691896258,3,0.33333333333333337
M1-CN045,557.6,0.3333333333333333,0.5773502691896258,3,0.33333333333333337
M1-CN045,557.8,0.3333333333333333,0.5773502691896258,3,0.33333333333333337
M1-CN045,558.0,0.3333333333333333,0.5773502691896258,3,0.33333333333333337
M1-CN045,558.2,0.3333333333333333,0.5773502691896258,3,0.33333333333333337
M1-CN045,558.4,0.3333333333333333,0.5773502691896258,3,0.33333333333333337
M1-CN045,558.6,0.3333333333333333,0.5773502691896258,3,0.33333333333333337
M1-CN045,558.8,0.3333333333333333,0.5773502691896258,3,0.33333333333333337
M1-CN045,559.0,0.3333333333333333,0.5773502691896258,3,0.33333333333333337
M1-CN045,559.2,0.3333333333333333,0.5773502691896258,3,0.33333333333333337
M1-CN045,559.4,0.3333333333333333,0.5773502691896258,3,0.33333333333333337
M1-CN045,559.6,0.2222222222222222,0.3849001794597505,3,0.22222222222222224
M1-CN045,559.8,0.2222222222222222,0.3849001794597505,3,0.22222222222222224
M1-CN045,560.0,0.2222222222222222,0.3849001794597505,3,0.22222222222222224
M1-CN045,560.2,0.3333333333333333,0.5773502691896258,3,0.33333333333333337
M1-CN045,560.4,0.3333333333333333,0.5773502691896258,3,0.33333333333333337
M1-CN045,560.6,0.3333333333333333,0.5773502691896258,3,0.33333333333333337
M1-CN045,560.8,0.3333333333333333,0.5773502691896258,3,0.33333333333333337
M1-CN045,561.0,0.3333333333333333,0.5773502691896258,3,0.33333333333333337
M1-CN045,561.2,0.3333333333333333,0.5773502691896258,3,0.33333333333333337
M1-CN045,561.4,0.3333333333333333,0.5773502691896258,3,0.33333333333333337
M1-CN045,561.6,0.3333333333333333,0.5773502691896258,3,0.33333333333333337
M1-CN045,561.8,0.3333333333333333,0.5773502691896258,3,0.33333333333333337
M1-CN045,562.0,0.3333333333333333,0.5773502691896258,3,0.33333333333333337
M1-CN045,562.2,0.3333333333333333,0.5773502691896258,3,0.33333333333333337
M1-CN045,562.4,0.3333333333333333,0.5773502691896258,3,0.33333333333333337
M1-CN045,562.6,0.3333333333333333,0.5773502691896258,3,0.33333333333333337
M1-CN045,562.8,0.3333333333333333,0.5773502691896258,3,0.33333333333333337
M1-CN045,563.0,0.3333333333333333,0.5773502691896258,3,0.33333333333333337
M1-CN045,563.2,0.3333333333333333,0.5773502691896258,3,0.33333333333333337
M1-CN045,563.4,0.3333333333333333,0.5773502691896258,3,0.33333333333333337
M1-CN045,563.6,0.3333333333333333,0.5773502691896258,3,0.33333333333333337
M1-CN045,563.8,0.3333333333333333,0.5773502691896258,3,0.33333333333333337
M1-CN045,564.0,0.2222222222222222,0.3849001794597505,3,0.22222222222222224
M1-CN045,564.2,0.2222222222222222,0.3849001794597505,3,0.22222222222222224
M1-CN045,564.4,0.2222222222222222,0.3849001794597505,3,0.22222222222222224
M1-CN045,564.6,0.3333333333333333,0.5773502691896258,3,0.33333333333333337
M1-CN045,564.8,0.3333333333333333,0.5773502691896258,3,0.33333333333333337
M1-CN045,565.0,0.3333333333333333,0.5773502691896258,3,0.33333333333333337
M1-CN045,565.2,0.3333333333333333,0.5773502691896258,3,0.33333333333333337
M1-CN045,565.4,0.3333333333333333,0.5773502691896258,3,0.33333333333333337
M1-CN045,565.6,0.3333333333333333,0.5773502691896258,3,0.33333333333333337
M1-CN045,565.8,0.3333333333333333,0.5773502691896258,3,0.33333333333333337
M1-CN045,566.0,0.3333333333333333,0.5773502691896258,3,0.33333333333333337
M1-CN045,566.2,0.3333333333333333,0.5773502691896258,3,0.33333333333333337
M1-CN045,566.4,0.3333333333333333,0.5773502691896258,3,0.33333333333333337
M1-CN045,566.6,0.3333333333333333,0.5773502691896258,3,0.33333333333333337
M1-CN045,566.8,0.3333333333333333,0.5773502691896258,3,0.33333333333333337
M1-CN045,567.0,0.3333333333333333,0.5773502691896258,3,0.33333333333333337
M1-CN045,567.2,0.3333333333333333,0.5773502691896258,3,0.33333333333333337
M1-CN045,567.4,0.3333333333333333,0.5773502691896258,3,0.33333333333333337
M1-CN045,567.6,0.3333333333333333,0.5773502691896258,3,0.33333333333333337
M1-CN045,567.8,0.3333333333333333,0.5773502691896258,3,0.33333333333333337
M1-CN045,568.0,0.3333333333333333,0.5773502691896258,3,0.33333333333333337
M1-CN045,568.2,0.3333333333333333,0.5773502691896258,3,0.33333333333333337
M1-CN045,568.4,0.3333333333333333,0.5773502691896258,3,0.33333333333333337
M1-CN045,568.6,0.3333333333333333,0.5773502691896258,3,0.33333333333333337
M1-CN045,568.8,0.3333333333333333,0.5773502691896258,3,0.33333333333333337
M1-CN045,569.0,0.3333333333333333,0.5773502691896258,3,0.33333333333333337
M1-CN045,569.2,0.3333333333333333,0.5773502691896258,3,0.33333333333333337
M1-CN045,569.4,0.3333333333333333,0.5773502691896258,3,0.33333333333333337
M1-CN045,569.6,0.3333333333333333,0.5773502691896258,3,0.33333333333333337
M1-CN045,569.8,0.3333333333333333,0.5773502691896258,3,0.33333333333333337
M1-CN045,570.0,0.3333333333333333,0.5773502691896258,3,0.33333333333333337
M1-CN045,570.2,0.3333333333333333,0.5773502691896258,3,0.33333333333333337
M1-CN045,570.4,0.3333333333333333,0.5773502691896258,3,0.33333333333333337
M1-CN045,570.6,0.3333333333333333,0.5773502691896258,3,0.33333333333333337
M1-CN045,570.8,0.3333333333333333,0.5773502691896258,3,0.33333333333333337
M1-CN045,571.0,0.3333333333333333,0.5773502691896258,3,0.33333333333333337
M1-CN045,571.2,0.3333333333333333,0.5773502691896258,3,0.33333333333333337
M1-CN045,571.4,0.3333333333333333,0.5773502691896258,3,0.33333333333333337
M1-CN045,571.6,0.3333333333333333,0.5773502691896258,3,0.33333333333333337
M1-CN045,571.8,0.3333333333333333,0.5773502691896258,3,0.33333333333333337
M1-CN045,572.0,0.3333333333333333,0.5773502691896258,3,0.33333333333333337
M1-CN045,572.2,0.3333333333333333,0.5773502691896258,3,0.33333333333333337
M1-CN045,572.4,0.3333333333333333,0.5773502691896258,3,0.33333333333333337
M1-CN045,572.6,0.3333333333333333,0.5773502691896258,3,0.33333333333333337
M1-CN045,572.8,0.3333333333333333,0.5773502691896258,3,0.33333333333333337
M1-CN045,573.0,0.3333333333333333,0.5773502691896258,3,0.33333333333333337
M1-CN045,573.2,0.3333333333333333,0.5773502691896258,3,0.33333333333333337
M1-CN045,573.4,0.3333333333333333,0.5773502691896258,3,0.33333333333333337
M1-CN045,573.6,0.3333333333333333,0.5773502691896258,3,0.33333333333333337
M1-CN045,573.8,0.3333333333333333,0.5773502691896258,3,0.33333333333333337
M1-CN045,574.0,0.3333333333333333,0.5773502691896258,3,0.33333333333333337
M1-CN045,574.2,0.3333333333333333,0.5773502691896258,3,0.33333333333333337
M1-CN045,574.4,0.3333333333333333,0.5773502691896258,3,0.33333333333333337
M1-CN045,574.6,0.3333333333333333,0.5773502691896258,3,0.33333333333333337
M1-CN045,574.8,0.3333333333333333,0.5773502691896258,3,0.33333333333333337
M1-CN045,575.0,0.3333333333333333,0.5773502691896258,3,0.33333333333333337
M1-CN045,575.2,0.3333333333333333,0.5773502691896258,3,0.33333333333333337
M1-CN045,575.4,0.3333333333333333,0.5773502691896258,3,0.33333333333333337
M1-CN045,575.6,0.3333333333333333,0.5773502691896258,3,0.33333333333333337
M1-CN045,575.8,0.3333333333333333,0.5773502691896258,3,0.33333333333333337
M1-CN045,576.0,0.3333333333333333,0.5773502691896258,3,0.33333333333333337
M1-CN045,576.2,0.3333333333333333,0.5773502691896258,3,0.33333333333333337
M1-CN045,576.4,0.3333333333333333,0.5773502691896258,3,0.33333333333333337
M1-CN045,576.6,0.3333333333333333,0.5773502691896258,3,0.33333333333333337
M1-CN045,576.8,0.3333333333333333,0.5773502691896258,3,0.33333333333333337
M1-CN045,577.0,0.3333333333333333,0.5773502691896258,3,0.33333333333333337
M1-CN045,577.2,0.3333333333333333,0.5773502691896258,3,0.33333333333333337
M1-CN045,577.4,0.3333333333333333,0.5773502691896258,3,0.33333333333333337
M1-CN045,577.6,0.3333333333333333,0.5773502691896258,3,0.33333333333333337
M1-CN045,577.8,0.3333333333333333,0.5773502691896258,3,0.33333333333333337
M1-CN045,578.0,0.3333333333333333,0.5773502691896258,3,0.33333333333333337
M1-CN045,578.2,0.3333333333333333,0.5773502691896258,3,0.33333333333333337
M1-CN045,578.4,0.3333333333333333,0.5773502691896258,3,0.33333333333333337
M1-CN045,578.6,0.3333333333333333,0.5773502691896258,3,0.33333333333333337
M1-CN045,578.8,0.3333333333333333,0.5773502691896258,3,0.33333333333333337
M1-CN045,579.0,0.3333333333333333,0.5773502691896258,3,0.33333333333333337
M1-CN045,579.2,0.3333333333333333,0.5773502691896258,3,0.33333333333333337
M1-CN045,579.4,0.3333333333333333,0.5773502691896258,3,0.33333333333333337
M1-CN045,579.6,0.3333333333333333,0.5773502691896258,3,0.33333333333333337
M1-CN045,579.8,0.3333333333333333,0.5773502691896258,3,0.33333333333333337
M1-CN045,580.0,0.3333333333333333,0.5773502691896258,3,0.33333333333333337
M1-CN045,580.2,0.3333333333333333,0.5773502691896258,3,0.33333333333333337
M1-CN045,580.4,0.3333333333333333,0.5773502691896258,3,0.33333333333333337
M1-CN045,580.6,0.3333333333333333,0.5773502691896258,3,0.33333333333333337
M1-CN045,580.8,0.3333333333333333,0.5773502691896258,3,0.33333333333333337
M1-CN045,581.0,0.3333333333333333,0.5773502691896258,3,0.33333333333333337
M1-CN045,581.2,0.3333333333333333,0.5773502691896258,3,0.33333333333333337
M1-CN045,581.4,0.3333333333333333,0.5773502691896258,3,0.33333333333333337
M1-CN045,581.6,0.3333333333333333,0.5773502691896258,3,0.33333333333333337
M1-CN045,581.8,0.3333333333333333,0.5773502691896258,3,0.33333333333333337
M1-CN045,582.0,0.3333333333333333,0.5773502691896258,3,0.33333333333333337
M1-CN045,582.2,0.3333333333333333,0.5773502691896258,3,0.33333333333333337
M1-CN045,582.4,0.3333333333333333,0.5773502691896258,3,0.33333333333333337
M1-CN045,582.6,0.3333333333333333,0.5773502691896258,3,0.33333333333333337
M1-CN045,582.8,0.3333333333333333,0.5773502691896258,3,0.33333333333333337
M1-CN045,583.0,0.3333333333333333,0.5773502691896258,3,0.33333333333333337
M1-CN045,583.2,0.3333333333333333,0.5773502691896258,3,0.33333333333333337
M1-CN045,583.4,0.3333333333333333,0.5773502691896258,3,0.33333333333333337
M1-CN045,583.6,0.3333333333333333,0.5773502691896258,3,0.33333333333333337
M1-CN045,583.8,0.3333333333333333,0.5773502691896258,3,0.33333333333333337
M1-CN045,584.0,0.3333333333333333,0.5773502691896258,3,0.33333333333333337
M1-CN045,584.2,0.3333333333333333,0.5773502691896258,3,0.33333333333333337
M1-CN045,584.4,0.3333333333333333,0.5773502691896258,3,0.33333333333333337
M1-CN045,584.6,0.3333333333333333,0.5773502691896258,3,0.33333333333333337
M1-CN045,584.8,0.3333333333333333,0.5773502691896258,3,0.33333333333333337
M1-CN045,585.0,0.3333333333333333,0.5773502691896258,3,0.33333333333333337
M1-CN045,585.2,0.3333333333333333,0.5773502691896258,3,0.33333333333333337
M1-CN045,585.4,0.3333333333333333,0.5773502691896258,3,0.33333333333333337
M1-CN045,585.6,0.3333333333333333,0.5773502691896258,3,0.33333333333333337
M1-CN045,585.8,0.3333333333333333,0.5773502691896258,3,0.33333333333333337
M1-CN045,586.0,0.3333333333333333,0.5773502691896258,3,0.33333333333333337
M1-CN045,586.2,0.2222222222222222,0.3849001794597505,3,0.22222222222222224
M1-CN045,586.4,0.2222222222222222,0.3849001794597505,3,0.22222222222222224
M1-CN045,586.6,0.2222222222222222,0.3849001794597505,3,0.22222222222222224
M1-CN045,586.8,0.3333333333333333,0.5773502691896258,3,0.33333333333333337
M1-CN045,587.0,0.3333333333333333,0.5773502691896258,3,0.33333333333333337
M1-CN045,587.2,0.3333333333333333,0.5773502691896258,3,0.33333333333333337
M1-CN045,587.4,0.3333333333333333,0.5773502691896258,3,0.33333333333333337
M1-CN045,587.6,0.3333333333333333,0.5773502691896258,3,0.33333333333333337
M1-CN045,587.8,0.3333333333333333,0.5773502691896258,3,0.33333333333333337
M1-CN045,588.0,0.3333333333333333,0.5773502691896258,3,0.33333333333333337
M1-CN045,588.2,0.3333333333333333,0.5773502691896258,3,0.33333333333333337
M1-CN045,588.4,0.3333333333333333,0.5773502691896258,3,0.33333333333333337
M1-CN045,588.6,0.3333333333333333,0.5773502691896258,3,0.33333333333333337
M1-CN045,588.8,0.3333333333333333,0.5773502691896258,3,0.33333333333333337
M1-CN045,589.0,0.3333333333333333,0.5773502691896258,3,0.33333333333333337
M1-CN045,589.2,0.3333333333333333,0.5773502691896258,3,0.33333333333333337
M1-CN045,589.4,0.3333333333333333,0.5773502691896258,3,0.33333333333333337
M1-CN045,589.6,0.3333333333333333,0.5773502691896258,3,0.33333333333333337
M1-CN045,589.8,0.3333333333333333,0.5773502691896258,3,0.33333333333333337
M1-CN045,590.0,0.3333333333333333,0.5773502691896258,3,0.33333333333333337
M1-CN045,590.2,0.3333333333333333,0.5773502691896258,3,0.33333333333333337
M1-CN045,590.4,0.3333333333333333,0.5773502691896258,3,0.33333333333333337
M1-CN045,590.6,0.2222222222222222,0.3849001794597505,3,0.22222222222222224
M1-CN045,590.8,0.1111111111111111,0.19245008972987526,3,0.11111111111111112
M1-CN045,591.0,0.1111111111111111,0.19245008972987526,3,0.11111111111111112
M1-CN045,591.2,0.2222222222222222,0.3849001794597505,3,0.22222222222222224
M1-CN045,591.4,0.3333333333333333,0.5773502691896258,3,0.33333333333333337
M1-CN045,591.6,0.3333333333333333,0.5773502691896258,3,0.33333333333333337
M1-CN045,591.8,0.3333333333333333,0.5773502691896258,3,0.33333333333333337
M1-CN045,592.0,0.3333333333333333,0.5773502691896258,3,0.33333333333333337
M1-CN045,592.2,0.3333333333333333,0.5773502691896258,3,0.33333333333333337
M1-CN045,592.4,0.3333333333333333,0.5773502691896258,3,0.33333333333333337
M1-CN045,592.6,0.3333333333333333,0.5773502691896258,3,0.33333333333333337
M1-CN045,592.8,0.3333333333333333,0.5773502691896258,3,0.33333333333333337
M1-CN045,593.0,0.3333333333333333,0.5773502691896258,3,0.33333333333333337
M1-CN045,593.2,0.3333333333333333,0.5773502691896258,3,0.33333333333333337
M1-CN045,593.4,0.3333333333333333,0.5773502691896258,3,0.33333333333333337
M1-CN045,593.6,0.3333333333333333,0.5773502691896258,3,0.33333333333333337
M1-CN045,593.8,0.3333333333333333,0.5773502691896258,3,0.33333333333333337
M1-CN045,594.0,0.3333333333333333,0.5773502691896258,3,0.33333333333333337
M1-CN045,594.2,0.2222222222222222,0.3849001794597505,3,0.22222222222222224
M1-CN045,594.4,0.2222222222222222,0.3849001794597505,3,0.22222222222222224
M1-CN045,594.6,0.2222222222222222,0.3849001794597505,3,0.22222222222222224
M1-CN045,594.8,0.3333333333333333,0.5773502691896258,3,0.33333333333333337
M1-CN045,595.0,0.3333333333333333,0.5773502691896258,3,0.33333333333333337
M1-CN045,595.2,0.3333333333333333,0.5773502691896258,3,0.33333333333333337
M1-CN045,595.4,0.3333333333333333,0.5773502691896258,3,0.33333333333333337
M1-CN045,595.6,0.3333333333333333,0.5773502691896258,3,0.33333333333333337
M1-CN045,595.8,0.3333333333333333,0.5773502691896258,3,0.33333333333333337
M1-CN045,596.0,0.3333333333333333,0.5773502691896258,3,0.33333333333333337
M1-CN045,596.2,0.3333333333333333,0.5773502691896258,3,0.33333333333333337
M1-CN045,596.4,0.3333333333333333,0.5773502691896258,3,0.33333333333333337
M1-CN045,596.6,0.3333333333333333,0.5773502691896258,3,0.33333333333333337
M1-CN045,596.8,0.3333333333333333,0.5773502691896258,3,0.33333333333333337
M1-CN045,597.0,0.3333333333333333,0.5773502691896258,3,0.33333333333333337
M1-CN045,597.2,0.3333333333333333,0.5773502691896258,3,0.33333333333333337
M1-CN045,597.4,0.3333333333333333,0.5773502691896258,3,0.33333333333333337
M1-CN045,597.6,0.3333333333333333,0.5773502691896258,3,0.33333333333333337
M1-CN045,597.8,0.3333333333333333,0.5773502691896258,3,0.33333333333333337
M1-CN045,598.0,0.3333333333333333,0.5773502691896258,3,0.33333333333333337
M1-CN045,598.2,0.3333333333333333,0.5773502691896258,3,0.33333333333333337
M1-CN045,598.4,0.3333333333333333,0.5773502691896258,3,0.33333333333333337
M1-CN045,598.6,0.3333333333333333,0.5773502691896258,3,0.33333333333333337
M1-CN045,598.8,0.3333333333333333,0.5773502691896258,3,0.33333333333333337
M1-CN045,599.0,0.3333333333333333,0.5773502691896258,3,0.33333333333333337
M1-CN045,599.2,0.3333333333333333,0.5773502691896258,3,0.33333333333333337
M1-CN045,599.4,0.3333333333333333,0.5773502691896258,3,0.33333333333333337
M1-CN045,599.6,0.3333333333333333,0.5773502691896258,3,0.33333333333333337
M1-CN045,599.8,0.3333333333333333,0.5773502691896258,3,0.33333333333333337
M1-CN045,600.0,0.3333333333333333,0.5773502691896258,3,0.33333333333333337
M1-CN045,600.2,0.3333333333333333,0.5773502691896258,3,0.33333333333333337
M1-CN045,600.4,0.3333333333333333,0.5773502691896258,3,0.33333333333333337
M1-CN045,600.6,0.3333333333333333,0.5773502691896258,3,0.33333333333333337
M1-CN045,600.8,0.3333333333333333,0.5773502691896258,3,0.33333333333333337
M1-CN045,601.0,0.3333333333333333,0.5773502691896258,3,0.33333333333333337
M1-CN045,601.2,0.3333333333333333,0.5773502691896258,3,0.33333333333333337
M1-CN045,601.4,0.3333333333333333,0.5773502691896258,3,0.33333333333333337
M1-CN045,601.6,0.3333333333333333,0.5773502691896258,3,0.33333333333333337
M1-CN045,601.8,0.3333333333333333,0.5773502691896258,3,0.33333333333333337
M1-CN045,602.0,0.3333333333333333,0.5773502691896258,3,0.33333333333333337
M1-CN045,602.2,0.3333333333333333,0.5773502691896258,3,0.33333333333333337
M1-CN045,602.4,0.3333333333333333,0.5773502691896258,3,0.33333333333333337
M1-CN045,602.6,0.3333333333333333,0.5773502691896258,3,0.33333333333333337
M1-CN045,602.8,0.3333333333333333,0.5773502691896258,3,0.33333333333333337
M1-CN045,603.0,0.3333333333333333,0.5773502691896258,3,0.33333333333333337
M1-CN045,603.2,0.3333333333333333,0.5773502691896258,3,0.33333333333333337
M1-CN045,603.4,0.3333333333333333,0.5773502691896258,3,0.33333333333333337
M1-CN045,603.6,0.3333333333333333,0.5773502691896258,3,0.33333333333333337
M1-CN045,603.8,0.3333333333333333,0.5773502691896258,3,0.33333333333333337
M1-CN045,604.0,0.3333333333333333,0.5773502691896258,3,0.33333333333333337
M1-CN045,604.2,0.3333333333333333,0.5773502691896258,3,0.33333333333333337
M1-CN045,604.4,0.3333333333333333,0.5773502691896258,3,0.33333333333333337
M1-CN045,604.6,0.3333333333333333,0.5773502691896258,3,0.33333333333333337
M1-CN045,604.8,0.3333333333333333,0.5773502691896258,3,0.33333333333333337
M1-CN045,605.0,0.3333333333333333,0.5773502691896258,3,0.33333333333333337
M1-CN045,605.2,0.3333333333333333,0.5773502691896258,3,0.33333333333333337
M1-CN045,605.4,0.3333333333333333,0.5773502691896258,3,0.33333333333333337
M1-CN045,605.6,0.3333333333333333,0.5773502691896258,3,0.33333333333333337
M1-CN045,605.8,0.3333333333333333,0.5773502691896258,3,0.33333333333333337
M1-CN045,606.0,0.3333333333333333,0.5773502691896258,3,0.33333333333333337
M1-CN045,606.2,0.3333333333333333,0.5773502691896258,3,0.33333333333333337
M1-CN045,606.4,0.3333333333333333,0.5773502691896258,3,0.33333333333333337
M1-CN045,606.6,0.3333333333333333,0.5773502691896258,3,0.33333333333333337
M1-CN045,606.8,0.3333333333333333,0.5773502691896258,3,0.33333333333333337
M1-CN045,607.0,0.3333333333333333,0.5773502691896258,3,0.33333333333333337
M1-CN045,607.2,0.3333333333333333,0.5773502691896258,3,0.33333333333333337
M1-CN045,607.4,0.3333333333333333,0.5773502691896258,3,0.33333333333333337
M1-CN045,607.6,0.3333333333333333,0.5773502691896258,3,0.33333333333333337
M1-CN045,607.8,0.3333333333333333,0.5773502691896258,3,0.33333333333333337
M1-CN045,608.0,0.3333333333333333,0.5773502691896258,3,0.33333333333333337
M1-CN045,608.2,0.3333333333333333,0.5773502691896258,3,0.33333333333333337
M1-CN045,608.4,0.3333333333333333,0.5773502691896258,3,0.33333333333333337
M1-CN045,608.6,0.3333333333333333,0.5773502691896258,3,0.33333333333333337
M1-CN045,608.8,0.3333333333333333,0.5773502691896258,3,0.33333333333333337
M1-CN045,609.0,0.3333333333333333,0.5773502691896258,3,0.33333333333333337
M1-CN045,609.2,0.3333333333333333,0.5773502691896258,3,0.33333333333333337
M1-CN045,609.4,0.3333333333333333,0.5773502691896258,3,0.33333333333333337
M1-CN045,609.6,0.3333333333333333,0.5773502691896258,3,0.33333333333333337
M1-CN045,609.8,0.3333333333333333,0.5773502691896258,3,0.33333333333333337
M1-CN045,610.0,0.3333333333333333,0.5773502691896258,3,0.33333333333333337
M1-CN045,610.2,0.3333333333333333,0.5773502691896258,3,0.33333333333333337
M1-CN045,610.4,0.3333333333333333,0.5773502691896258,3,0.33333333333333337
M1-CN045,610.6,0.3333333333333333,0.5773502691896258,3,0.33333333333333337
M1-CN045,610.8,0.3333333333333333,0.5773502691896258,3,0.33333333333333337
M1-CN045,611.0,0.3333333333333333,0.5773502691896258,3,0.33333333333333337
M1-CN045,611.2,0.3333333333333333,0.5773502691896258,3,0.33333333333333337
M1-CN045,611.4,0.3333333333333333,0.5773502691896258,3,0.33333333333333337
M1-CN045,611.6,0.3333333333333333,0.5773502691896258,3,0.33333333333333337
M1-CN045,611.8,0.3333333333333333,0.5773502691896258,3,0.33333333333333337
M1-CN045,612.0,0.3333333333333333,0.5773502691896258,3,0.33333333333333337
M1-CN045,612.2,0.3333333333333333,0.5773502691896258,3,0.33333333333333337
M1-CN045,612.4,0.3333333333333333,0.5773502691896258,3,0.33333333333333337
M1-CN045,612.6,0.3333333333333333,0.5773502691896258,3,0.33333333333333337
M1-CN045,612.8,0.3333333333333333,0.5773502691896258,3,0.33333333333333337
M1-CN045,613.0,0.3333333333333333,0.5773502691896258,3,0.33333333333333337
M1-CN045,613.2,0.3333333333333333,0.5773502691896258,3,0.33333333333333337
M1-CN045,613.4,0.3333333333333333,0.5773502691896258,3,0.33333333333333337
M1-CN045,613.6,0.3333333333333333,0.5773502691896258,3,0.33333333333333337
M1-CN045,613.8,0.3333333333333333,0.5773502691896258,3,0.33333333333333337
M1-CN045,614.0,0.3333333333333333,0.5773502691896258,3,0.33333333333333337
M1-CN045,614.2,0.3333333333333333,0.5773502691896258,3,0.33333333333333337
M1-CN045,614.4,0.3333333333333333,0.5773502691896258,3,0.33333333333333337
M1-CN045,614.6,0.3333333333333333,0.5773502691896258,3,0.33333333333333337
M1-CN045,614.8,0.3333333333333333,0.5773502691896258,3,0.33333333333333337
M1-CN045,615.0,0.3333333333333333,0.5773502691896258,3,0.33333333333333337
M1-CN045,615.2,0.3333333333333333,0.5773502691896258,3,0.33333333333333337
M1-CN045,615.4,0.3333333333333333,0.5773502691896258,3,0.33333333333333337
M1-CN045,615.6,0.3333333333333333,0.5773502691896258,3,0.33333333333333337
M1-CN045,615.8,0.3333333333333333,0.5773502691896258,3,0.33333333333333337
M1-CN045,616.0,0.3333333333333333,0.5773502691896258,3,0.33333333333333337
M1-CN045,616.2,0.3333333333333333,0.5773502691896258,3,0.33333333333333337
M1-CN045,616.4,0.3333333333333333,0.5773502691896258,3,0.33333333333333337
M1-CN045,616.6,0.3333333333333333,0.5773502691896258,3,0.33333333333333337
M1-CN045,616.8,0.3333333333333333,0.5773502691896258,3,0.33333333333333337
M1-CN045,617.0,0.3333333333333333,0.5773502691896258,3,0.33333333333333337
M1-CN045,617.2,0.3333333333333333,0.5773502691896258,3,0.33333333333333337
M1-CN045,617.4,0.3333333333333333,0.5773502691896258,3,0.33333333333333337
M1-CN045,617.6,0.3333333333333333,0.5773502691896258,3,0.33333333333333337
M1-CN045,617.8,0.3333333333333333,0.5773502691896258,3,0.33333333333333337
M1-CN045,618.0,0.3333333333333333,0.5773502691896258,3,0.33333333333333337
M1-CN045,618.2,0.3333333333333333,0.5773502691896258,3,0.33333333333333337
M1-CN045,618.4,0.3333333333333333,0.5773502691896258,3,0.33333333333333337
M1-CN045,618.6,0.3333333333333333,0.5773502691896258,3,0.33333333333333337
M1-CN045,618.8,0.3333333333333333,0.5773502691896258,3,0.33333333333333337
M1-CN045,619.0,0.3333333333333333,0.5773502691896258,3,0.33333333333333337
M1-CN045,619.2,0.3333333333333333,0.5773502691896258,3,0.33333333333333337
M1-CN045,619.4,0.3333333333333333,0.5773502691896258,3,0.33333333333333337
M1-CN045,619.6,0.3333333333333333,0.5773502691896258,3,0.33333333333333337
M1-CN045,619.8,0.3333333333333333,0.5773502691896258,3,0.33333333333333337
M1-CN045,620.0,0.3333333333333333,0.5773502691896258,3,0.33333333333333337
M1-CN045,620.2,0.3333333333333333,0.5773502691896258,3,0.33333333333333337
M1-CN045,620.4,0.3333333333333333,0.5773502691896258,3,0.33333333333333337
M1-CN045,620.6,0.3333333333333333,0.5773502691896258,3,0.33333333333333337
M1-CN045,620.8,0.3333333333333333,0.5773502691896258,3,0.33333333333333337
M1-CN045,621.0,0.3333333333333333,0.5773502691896258,3,0.33333333333333337
M1-CN045,621.2,0.3333333333333333,0.5773502691896258,3,0.33333333333333337
M1-CN045,621.4,0.3333333333333333,0.5773502691896258,3,0.33333333333333337
M1-CN045,621.6,0.3333333333333333,0.5773502691896258,3,0.33333333333333337
M1-CN045,621.8,0.3333333333333333,0.5773502691896258,3,0.33333333333333337
M1-CN045,622.0,0.3333333333333333,0.5773502691896258,3,0.33333333333333337
M1-CN045,622.2,0.3333333333333333,0.5773502691896258,3,0.33333333333333337
M1-CN045,622.4,0.3333333333333333,0.5773502691896258,3,0.33333333333333337
M1-CN045,622.6,0.3333333333333333,0.5773502691896258,3,0.33333333333333337
M1-CN045,622.8,0.3333333333333333,0.5773502691896258,3,0.33333333333333337
M1-CN045,623.0,0.3333333333333333,0.5773502691896258,3,0.33333333333333337
M1-CN045,623.2,0.3333333333333333,0.5773502691896258,3,0.33333333333333337
M1-CN045,623.4,0.3333333333333333,0.5773502691896258,3,0.33333333333333337
M1-CN045,623.6,0.3333333333333333,0.5773502691896258,3,0.33333333333333337
M1-CN045,623.8,0.3333333333333333,0.5773502691896258,3,0.33333333333333337
M1-CN045,624.0,0.3333333333333333,0.5773502691896258,3,0.33333333333333337
M1-CN045,624.2,0.3333333333333333,0.5773502691896258,3,0.33333333333333337
M1-CN045,624.4,0.3333333333333333,0.5773502691896258,3,0.33333333333333337
M1-CN045,624.6,0.3333333333333333,0.5773502691896258,3,0.33333333333333337
M1-CN045,624.8,0.2222222222222222,0.3849001794597505,3,0.22222222222222224
M1-CN045,625.0,0.2222222222222222,0.3849001794597505,3,0.22222222222222224
M1-CN045,625.2,0.2222222222222222,0.3849001794597505,3,0.22222222222222224
M1-CN045,625.4,0.3333333333333333,0.5773502691896258,3,0.33333333333333337
M1-CN045,625.6,0.3333333333333333,0.5773502691896258,3,0.33333333333333337
M1-CN045,625.8,0.3333333333333333,0.5773502691896258,3,0.33333333333333337
M1-CN045,626.0,0.3333333333333333,0.5773502691896258,3,0.33333333333333337
M1-CN045,626.2,0.3333333333333333,0.5773502691896258,3,0.33333333333333337
M1-CN045,626.4,0.3333333333333333,0.5773502691896258,3,0.33333333333333337
M1-CN045,626.6,0.3333333333333333,0.5773502691896258,3,0.33333333333333337
M1-CN045,626.8,0.3333333333333333,0.5773502691896258,3,0.33333333333333337
M1-CN045,627.0,0.3333333333333333,0.5773502691896258,3,0.33333333333333337
M1-CN045,627.2,0.3333333333333333,0.5773502691896258,3,0.33333333333333337
M1-CN045,627.4,0.3333333333333333,0.5773502691896258,3,0.33333333333333337
M1-CN045,627.6,0.3333333333333333,0.5773502691896258,3,0.33333333333333337
M1-CN045,627.8,0.3333333333333333,0.5773502691896258,3,0.33333333333333337
M1-CN045,628.0,0.3333333333333333,0.5773502691896258,3,0.33333333333333337
M1-CN045,628.2,0.3333333333333333,0.5773502691896258,3,0.33333333333333337
M1-CN045,628.4,0.3333333333333333,0.5773502691896258,3,0.33333333333333337
M1-CN045,628.6,0.3333333333333333,0.5773502691896258,3,0.33333333333333337
M1-CN045,628.8,0.3333333333333333,0.5773502691896258,3,0.33333333333333337
M1-CN045,629.0,0.3333333333333333,0.5773502691896258,3,0.33333333333333337
M1-CN045,629.2,0.3333333333333333,0.5773502691896258,3,0.33333333333333337
M1-CN045,629.4,0.3333333333333333,0.5773502691896258,3,0.33333333333333337
M1-CN045,629.6,0.3333333333333333,0.5773502691896258,3,0.33333333333333337
M1-CN045,629.8,0.3333333333333333,0.5773502691896258,3,0.33333333333333337
M1-CN045,630.0,0.3333333333333333,0.5773502691896258,3,0.33333333333333337
M1-CN045,630.2,0.3333333333333333,0.5773502691896258,3,0.33333333333333337
M1-CN045,630.4,0.3333333333333333,0.5773502691896258,3,0.33333333333333337
M1-CN045,630.6,0.3333333333333333,0.5773502691896258,3,0.33333333333333337
M1-CN045,630.8,0.3333333333333333,0.5773502691896258,3,0.33333333333333337
M1-CN045,631.0,0.3333333333333333,0.5773502691896258,3,0.33333333333333337
M1-CN045,631.2,0.2222222222222222,0.3849001794597505,3,0.22222222222222224
M1-CN045,631.4,0.2222222222222222,0.3849001794597505,3,0.22222222222222224
M1-CN045,631.6,0.2222222222222222,0.3849001794597505,3,0.22222222222222224
M1-CN045,631.8,0.3333333333333333,0.5773502691896258,3,0.33333333333333337
M1-CN045,632.0,0.3333333333333333,0.5773502691896258,3,0.33333333333333337
M1-CN045,632.2,0.3333333333333333,0.5773502691896258,3,0.33333333333333337
M1-CN045,632.4,0.3333333333333333,0.5773502691896258,3,0.33333333333333337
M1-CN045,632.6,0.3333333333333333,0.5773502691896258,3,0.33333333333333337
M1-CN045,632.8,0.3333333333333333,0.5773502691896258,3,0.33333333333333337
M1-CN045,633.0,0.3333333333333333,0.5773502691896258,3,0.33333333333333337
M1-CN045,633.2,0.3333333333333333,0.5773502691896258,3,0.33333333333333337
M1-CN045,633.4,0.3333333333333333,0.5773502691896258,3,0.33333333333333337
M1-CN045,633.6,0.3333333333333333,0.5773502691896258,3,0.33333333333333337
M1-CN045,633.8,0.3333333333333333,0.5773502691896258,3,0.33333333333333337
M1-CN045,634.0,0.3333333333333333,0.5773502691896258,3,0.33333333333333337
M1-CN045,634.2,0.3333333333333333,0.5773502691896258,3,0.33333333333333337
M1-CN045,634.4,0.3333333333333333,0.5773502691896258,3,0.33333333333333337
M1-CN045,634.6,0.3333333333333333,0.5773502691896258,3,0.33333333333333337
M1-CN045,634.8,0.3333333333333333,0.5773502691896258,3,0.33333333333333337
M1-CN045,635.0,0.3333333333333333,0.5773502691896258,3,0.33333333333333337
M1-CN045,635.2,0.3333333333333333,0.5773502691896258,3,0.33333333333333337
M1-CN045,635.4,0.3333333333333333,0.5773502691896258,3,0.33333333333333337
M1-CN045,635.6,0.3333333333333333,0.5773502691896258,3,0.33333333333333337
M1-CN045,635.8,0.3333333333333333,0.5773502691896258,3,0.33333333333333337
M1-CN045,636.0,0.3333333333333333,0.5773502691896258,3,0.33333333333333337
M1-CN045,636.2,0.3333333333333333,0.5773502691896258,3,0.33333333333333337
M1-CN045,636.4,0.2222222222222222,0.3849001794597505,3,0.22222222222222224
M1-CN045,636.6,0.2222222222222222,0.3849001794597505,3,0.22222222222222224
M1-CN045,636.8,0.2222222222222222,0.3849001794597505,3,0.22222222222222224
M1-CN045,637.0,0.3333333333333333,0.5773502691896258,3,0.33333333333333337
M1-CN045,637.2,0.3333333333333333,0.5773502691896258,3,0.33333333333333337
M1-CN045,637.4,0.3333333333333333,0.5773502691896258,3,0.33333333333333337
M1-CN045,637.6,0.3333333333333333,0.5773502691896258,3,0.33333333333333337
M1-CN045,637.8,0.3333333333333333,0.5773502691896258,3,0.33333333333333337
M1-CN045,638.0,0.3333333333333333,0.5773502691896258,3,0.33333333333333337
M1-CN045,638.2,0.3333333333333333,0.5773502691896258,3,0.33333333333333337
M1-CN045,638.4,0.3333333333333333,0.5773502691896258,3,0.33333333333333337
M1-CN045,638.6,0.3333333333333333,0.5773502691896258,3,0.33333333333333337
M1-CN045,638.8,0.3333333333333333,0.5773502691896258,3,0.33333333333333337
M1-CN045,639.0,0.3333333333333333,0.5773502691896258,3,0.33333333333333337
M1-CN045,639.2,0.3333333333333333,0.5773502691896258,3,0.33333333333333337
M1-CN045,639.4,0.3333333333333333,0.5773502691896258,3,0.33333333333333337
M1-CN045,639.6,0.3333333333333333,0.5773502691896258,3,0.33333333333333337
M1-CN045,639.8,0.3333333333333333,0.5773502691896258,3,0.33333333333333337
M1-CN045,640.0,0.3333333333333333,0.5773502691896258,3,0.33333333333333337
M1-CN045,640.2,0.3333333333333333,0.5773502691896258,3,0.33333333333333337
M1-CN045,640.4,0.3333333333333333,0.5773502691896258,3,0.33333333333333337
M1-CN045,640.6,0.3333333333333333,0.5773502691896258,3,0.33333333333333337
M1-CN045,640.8,0.3333333333333333,0.5773502691896258,3,0.33333333333333337
M1-CN045,641.0,0.3333333333333333,0.5773502691896258,3,0.33333333333333337
M1-CN045,641.2,0.3333333333333333,0.5773502691896258,3,0.33333333333333337
M1-CN045,641.4,0.3333333333333333,0.5773502691896258,3,0.33333333333333337
M1-CN045,641.6,0.3333333333333333,0.5773502691896258,3,0.33333333333333337
M1-CN045,641.8,0.3333333333333333,0.5773502691896258,3,0.33333333333333337
M1-CN045,642.0,0.3333333333333333,0.5773502691896258,3,0.33333333333333337
M1-CN045,642.2,0.3333333333333333,0.5773502691896258,3,0.33333333333333337
M1-CN045,642.4,0.3333333333333333,0.5773502691896258,3,0.33333333333333337
M1-CN045,642.6,0.3333333333333333,0.5773502691896258,3,0.33333333333333337
M1-CN045,642.8,0.3333333333333333,0.5773502691896258,3,0.33333333333333337
M1-CN045,643.0,0.3333333333333333,0.5773502691896258,3,0.33333333333333337
M1-CN045,643.2,0.3333333333333333,0.5773502691896258,3,0.33333333333333337
M1-CN045,643.4,0.3333333333333333,0.5773502691896258,3,0.33333333333333337
M1-CN045,643.6,0.3333333333333333,0.5773502691896258,3,0.33333333333333337
M1-CN045,643.8,0.3333333333333333,0.5773502691896258,3,0.33333333333333337
M1-CN045,644.0,0.3333333333333333,0.5773502691896258,3,0.33333333333333337
M1-CN045,644.2,0.2222222222222222,0.3849001794597505,3,0.22222222222222224
M1-CN045,644.4,0.2222222222222222,0.3849001794597505,3,0.22222222222222224
M1-CN045,644.6,0.2222222222222222,0.3849001794597505,3,0.22222222222222224
M1-CN045,644.8,0.3333333333333333,0.5773502691896258,3,0.33333333333333337
M1-CN045,645.0,0.2222222222222222,0.3849001794597505,3,0.22222222222222224
M1-CN045,645.2,0.2222222222222222,0.3849001794597505,3,0.22222222222222224
M1-CN045,645.4,0.2222222222222222,0.3849001794597505,3,0.22222222222222224
M1-CN045,645.6,0.2222222222222222,0.3849001794597505,3,0.22222222222222224
M1-CN045,645.8,0.2222222222222222,0.3849001794597505,3,0.22222222222222224
M1-CN045,646.0,0.2222222222222222,0.3849001794597505,3,0.22222222222222224
M1-CN045,646.2,0.3333333333333333,0.5773502691896258,3,0.33333333333333337
M1-CN045,646.4,0.3333333333333333,0.5773502691896258,3,0.33333333333333337
M1-CN045,646.6,0.2222222222222222,0.3849001794597505,3,0.22222222222222224
M1-CN045,646.8,0.2222222222222222,0.3849001794597505,3,0.22222222222222224
M1-CN045,647.0,0.2222222222222222,0.3849001794597505,3,0.22222222222222224
M1-CN045,647.2,0.3333333333333333,0.5773502691896258,3,0.33333333333333337
M1-CN045,647.4,0.3333333333333333,0.5773502691896258,3,0.33333333333333337
M1-CN045,647.6,0.3333333333333333,0.5773502691896258,3,0.33333333333333337
M1-CN045,647.8,0.3333333333333333,0.5773502691896258,3,0.33333333333333337
M1-CN045,648.0,0.3333333333333333,0.5773502691896258,3,0.33333333333333337
M1-CN045,648.2,0.2222222222222222,0.3849001794597505,3,0.22222222222222224
M1-CN045,648.4,0.2222222222222222,0.3849001794597505,3,0.22222222222222224
M1-CN045,648.6,0.2222222222222222,0.3849001794597505,3,0.22222222222222224
M1-CN045,648.8,0.3333333333333333,0.5773502691896258,3,0.33333333333333337
M1-CN045,649.0,0.3333333333333333,0.5773502691896258,3,0.33333333333333337
M1-CN045,649.2,0.3333333333333333,0.5773502691896258,3,0.33333333333333337
M1-CN045,649.4,0.3333333333333333,0.5773502691896258,3,0.33333333333333337
M1-CN045,649.6,0.3333333333333333,0.5773502691896258,3,0.33333333333333337
M1-CN045,649.8,0.3333333333333333,0.5773502691896258,3,0.33333333333333337
M1-CN045,650.0,0.3333333333333333,0.5773502691896258,3,0.33333333333333337
M1-CN045,650.2,0.3333333333333333,0.5773502691896258,3,0.33333333333333337
M1-CN045,650.4,0.3333333333333333,0.5773502691896258,3,0.33333333333333337
M1-CN045,650.6,0.3333333333333333,0.5773502691896258,3,0.33333333333333337
M1-CN045,650.8,0.3333333333333333,0.5773502691896258,3,0.33333333333333337
M1-CN045,651.0,0.3333333333333333,0.5773502691896258,3,0.33333333333333337
M1-CN045,651.2,0.2222222222222222,0.3849001794597505,3,0.22222222222222224
M1-CN045,651.4,0.2222222222222222,0.3849001794597505,3,0.22222222222222224
M1-CN045,651.6,0.2222222222222222,0.3849001794597505,3,0.22222222222222224
M1-CN045,651.8,0.3333333333333333,0.5773502691896258,3,0.33333333333333337
M1-CN045,652.0,0.3333333333333333,0.5773502691896258,3,0.33333333333333337
M1-CN045,652.2,0.3333333333333333,0.5773502691896258,3,0.33333333333333337
M1-CN045,652.4,0.3333333333333333,0.5773502691896258,3,0.33333333333333337
M1-CN045,652.6,0.3333333333333333,0.5773502691896258,3,0.33333333333333337
M1-CN045,652.8,0.3333333333333333,0.5773502691896258,3,0.33333333333333337
M1-CN045,653.0,0.3333333333333333,0.5773502691896258,3,0.33333333333333337
M1-CN045,653.2,0.3333333333333333,0.5773502691896258,3,0.33333333333333337
M1-CN045,653.4,0.3333333333333333,0.5773502691896258,3,0.33333333333333337
M1-CN045,653.6,0.3333333333333333,0.5773502691896258,3,0.33333333333333337
M1-CN045,653.8,0.3333333333333333,0.5773502691896258,3,0.33333333333333337
M1-CN045,654.0,0.3333333333333333,0.5773502691896258,3,0.33333333333333337
M1-CN045,654.2,0.3333333333333333,0.5773502691896258,3,0.33333333333333337
M1-CN045,654.4,0.2222222222222222,0.3849001794597505,3,0.22222222222222224
M1-CN045,654.6,0.2222222222222222,0.3849001794597505,3,0.22222222222222224
M1-CN045,654.8,0.2222222222222222,0.3849001794597505,3,0.22222222222222224
M1-CN045,655.0,0.3333333333333333,0.5773502691896258,3,0.33333333333333337
M1-CN045,655.2,0.3333333333333333,0.5773502691896258,3,0.33333333333333337
M1-CN045,655.4,0.3333333333333333,0.5773502691896258,3,0.33333333333333337
M1-CN045,655.6,0.3333333333333333,0.5773502691896258,3,0.33333333333333337
M1-CN045,655.8,0.3333333333333333,0.5773502691896258,3,0.33333333333333337
M1-CN045,656.0,0.3333333333333333,0.5773502691896258,3,0.33333333333333337
M1-CN045,656.2,0.3333333333333333,0.5773502691896258,3,0.33333333333333337
M1-CN045,656.4,0.3333333333333333,0.5773502691896258,3,0.33333333333333337
M1-CN045,656.6,0.3333333333333333,0.5773502691896258,3,0.33333333333333337
M1-CN045,656.8,0.3333333333333333,0.5773502691896258,3,0.33333333333333337
M1-CN045,657.0,0.3333333333333333,0.5773502691896258,3,0.33333333333333337
M1-CN045,657.2,0.3333333333333333,0.5773502691896258,3,0.33333333333333337
M1-CN045,657.4,0.3333333333333333,0.5773502691896258,3,0.33333333333333337
M1-CN045,657.6,0.3333333333333333,0.5773502691896258,3,0.33333333333333337
M1-CN045,657.8,0.3333333333333333,0.5773502691896258,3,0.33333333333333337
M1-CN045,658.0,0.3333333333333333,0.5773502691896258,3,0.33333333333333337
M1-CN045,658.2,0.3333333333333333,0.5773502691896258,3,0.33333333333333337
M1-CN045,658.4,0.3333333333333333,0.5773502691896258,3,0.33333333333333337
M1-CN045,658.6,0.3333333333333333,0.5773502691896258,3,0.33333333333333337
M1-CN045,658.8,0.3333333333333333,0.5773502691896258,3,0.33333333333333337
M1-CN045,659.0,0.3333333333333333,0.5773502691896258,3,0.33333333333333337
M1-CN045,659.2,0.3333333333333333,0.5773502691896258,3,0.33333333333333337
M1-CN045,659.4,0.3333333333333333,0.5773502691896258,3,0.33333333333333337
M1-CN045,659.6,0.3333333333333333,0.5773502691896258,3,0.33333333333333337
M1-CN045,659.8,0.2222222222222222,0.3849001794597505,3,0.22222222222222224
M1-CN045,660.0,0.2222222222222222,0.3849001794597505,3,0.22222222222222224
M1-CN045,660.2,0.2222222222222222,0.3849001794597505,3,0.22222222222222224
M1-CN045,660.4,0.2222222222222222,0.3849001794597505,3,0.22222222222222224
M1-CN045,660.6,0.2222222222222222,0.3849001794597505,3,0.22222222222222224
M1-CN045,660.8,0.2222222222222222,0.3849001794597505,3,0.22222222222222224
M1-CN045,661.0,0.3333333333333333,0.5773502691896258,3,0.33333333333333337
M1-CN045,661.2,0.3333333333333333,0.5773502691896258,3,0.33333333333333337
M1-CN045,661.4,0.2222222222222222,0.3849001794597505,3,0.22222222222222224
M1-CN045,661.6,0.2222222222222222,0.3849001794597505,3,0.22222222222222224
M1-CN045,661.8,0.2222222222222222,0.3849001794597505,3,0.22222222222222224
M1-CN045,662.0,0.2222222222222222,0.3849001794597505,3,0.22222222222222224
M1-CN045,662.2,0.2222222222222222,0.3849001794597505,3,0.22222222222222224
M1-CN045,662.4,0.2222222222222222,0.3849001794597505,3,0.22222222222222224
M1-CN045,662.6,0.2222222222222222,0.3849001794597505,3,0.22222222222222224
M1-CN045,662.8,0.2222222222222222,0.3849001794597505,3,0.22222222222222224
M1-CN045,663.0,0.1111111111111111,0.19245008972987526,3,0.11111111111111112
M1-CN045,663.2,0.2222222222222222,0.3849001794597505,3,0.22222222222222224
M1-CN045,663.4,0.2222222222222222,0.3849001794597505,3,0.22222222222222224
M1-CN045,663.6,0.3333333333333333,0.5773502691896258,3,0.33333333333333337
M1-CN045,663.8,0.3333333333333333,0.5773502691896258,3,0.33333333333333337
M1-CN045,664.0,0.3333333333333333,0.5773502691896258,3,0.33333333333333337
M1-CN045,664.2,0.3333333333333333,0.5773502691896258,3,0.33333333333333337
M1-CN045,664.4,0.3333333333333333,0.5773502691896258,3,0.33333333333333337
M1-CN045,664.6,0.3333333333333333,0.5773502691896258,3,0.33333333333333337
M1-CN045,664.8,0.3333333333333333,0.5773502691896258,3,0.33333333333333337
M1-CN045,665.0,0.3333333333333333,0.5773502691896258,3,0.33333333333333337
M1-CN045,665.2,0.3333333333333333,0.5773502691896258,3,0.33333333333333337
M1-CN045,665.4,0.2222222222222222,0.3849001794597505,3,0.22222222222222224
M1-CN045,665.6,0.1111111111111111,0.19245008972987526,3,0.11111111111111112
M1-CN045,665.8,0.1111111111111111,0.19245008972987526,3,0.11111111111111112
M1-CN045,666.0,0.2222222222222222,0.3849001794597505,3,0.22222222222222224
M1-CN045,666.2,0.3333333333333333,0.5773502691896258,3,0.33333333333333337
M1-CN045,666.4,0.3333333333333333,0.5773502691896258,3,0.33333333333333337
M1-CN045,666.6,0.3333333333333333,0.5773502691896258,3,0.33333333333333337
M1-CN045,666.8,0.3333333333333333,0.5773502691896258,3,0.33333333333333337
M1-CN045,667.0,0.3333333333333333,0.5773502691896258,3,0.33333333333333337
M1-CN045,667.2,0.3333333333333333,0.5773502691896258,3,0.33333333333333337
M1-CN045,667.4,0.3333333333333333,0.5773502691896258,3,0.33333333333333337
M1-CN045,667.6,0.3333333333333333,0.5773502691896258,3,0.33333333333333337
M1-CN045,667.8,0.3333333333333333,0.5773502691896258,3,0.33333333333333337
M1-CN045,668.0,0.3333333333333333,0.5773502691896258,3,0.33333333333333337
M1-CN045,668.2,0.3333333333333333,0.5773502691896258,3,0.33333333333333337
M1-CN045,668.4,0.3333333333333333,0.5773502691896258,3,0.33333333333333337
M1-CN045,668.6,0.3333333333333333,0.5773502691896258,3,0.33333333333333337
M1-CN045,668.8,0.3333333333333333,0.5773502691896258,3,0.33333333333333337
M1-CN045,669.0,0.3333333333333333,0.5773502691896258,3,0.33333333333333337
M1-CN045,669.2,0.3333333333333333,0.5773502691896258,3,0.33333333333333337
M1-CN045,669.4,0.3333333333333333,0.5773502691896258,3,0.33333333333333337
M1-CN045,669.6,0.3333333333333333,0.5773502691896258,3,0.33333333333333337
M1-CN045,669.8,0.3333333333333333,0.5773502691896258,3,0.33333333333333337
M1-CN045,670.0,0.3333333333333333,0.5773502691896258,3,0.33333333333333337
M1-CN045,670.2,0.3333333333333333,0.5773502691896258,3,0.33333333333333337
M1-CN045,670.4,0.3333333333333333,0.5773502691896258,3,0.33333333333333337
M1-CN045,670.6,0.3333333333333333,0.5773502691896258,3,0.33333333333333337
M1-CN045,670.8,0.3333333333333333,0.5773502691896258,3,0.33333333333333337
M1-CN045,671.0,0.3333333333333333,0.5773502691896258,3,0.33333333333333337
M1-CN045,671.2,0.3333333333333333,0.5773502691896258,3,0.33333333333333337
M1-CN045,671.4,0.2222222222222222,0.3849001794597505,3,0.22222222222222224
M1-CN045,671.6,0.2222222222222222,0.3849001794597505,3,0.22222222222222224
M1-CN045,671.8,0.2222222222222222,0.3849001794597505,3,0.22222222222222224
M1-CN045,672.0,0.3333333333333333,0.5773502691896258,3,0.33333333333333337
M1-CN045,672.2,0.3333333333333333,0.5773502691896258,3,0.33333333333333337
M1-CN045,672.4,0.3333333333333333,0.5773502691896258,3,0.33333333333333337
M1-CN045,672.6,0.3333333333333333,0.5773502691896258,3,0.33333333333333337
M1-CN045,672.8,0.3333333333333333,0.5773502691896258,3,0.33333333333333337
M1-CN045,673.0,0.3333333333333333,0.5773502691896258,3,0.33333333333333337
M1-CN045,673.2,0.3333333333333333,0.5773502691896258,3,0.33333333333333337
M1-CN045,673.4,0.3333333333333333,0.5773502691896258,3,0.33333333333333337
M1-CN045,673.6,0.3333333333333333,0.5773502691896258,3,0.33333333333333337
M1-CN045,673.8,0.3333333333333333,0.5773502691896258,3,0.33333333333333337
M1-CN045,674.0,0.3333333333333333,0.5773502691896258,3,0.33333333333333337
M1-CN045,674.2,0.3333333333333333,0.5773502691896258,3,0.33333333333333337
M1-CN045,674.4,0.2222222222222222,0.3849001794597505,3,0.22222222222222224
M1-CN045,674.6,0.1111111111111111,0.19245008972987526,3,0.11111111111111112
M1-CN045,674.8,0.1111111111111111,0.19245008972987526,3,0.11111111111111112
M1-CN045,675.0,0.2222222222222222,0.3849001794597505,3,0.22222222222222224
M1-CN045,675.2,0.3333333333333333,0.5773502691896258,3,0.33333333333333337
M1-CN045,675.4,0.3333333333333333,0.5773502691896258,3,0.33333333333333337
M1-CN045,675.6,0.3333333333333333,0.5773502691896258,3,0.33333333333333337
M1-CN045,675.8,0.2222222222222222,0.3849001794597505,3,0.22222222222222224
M1-CN045,676.0,0.1111111111111111,0.19245008972987526,3,0.11111111111111112
M1-CN045,676.2,0.1111111111111111,0.19245008972987526,3,0.11111111111111112
M1-CN045,676.4,0.1111111111111111,0.19245008972987526,3,0.11111111111111112
M1-CN045,676.6,0.2222222222222222,0.3849001794597505,3,0.22222222222222224
M1-CN045,676.8,0.1111111111111111,0.19245008972987526,3,0.11111111111111112
M1-CN045,677.0,0.2222222222222222,0.3849001794597505,3,0.22222222222222224
M1-CN045,677.2,0.2222222222222222,0.3849001794597505,3,0.22222222222222224
M1-CN045,677.4,0.3333333333333333,0.5773502691896258,3,0.33333333333333337
M1-CN045,677.6,0.3333333333333333,0.5773502691896258,3,0.33333333333333337
M1-CN045,677.8,0.3333333333333333,0.5773502691896258,3,0.33333333333333337
M1-CN045,678.0,0.3333333333333333,0.5773502691896258,3,0.33333333333333337
M1-CN045,678.2,0.2222222222222222,0.3849001794597505,3,0.22222222222222224
M1-CN045,678.4,0.1111111111111111,0.19245008972987526,3,0.11111111111111112
M1-CN045,678.6,0.1111111111111111,0.19245008972987526,3,0.11111111111111112
M1-CN045,678.8,0.2222222222222222,0.3849001794597505,3,0.22222222222222224
M1-CN045,679.0,0.2222222222222222,0.3849001794597505,3,0.22222222222222224
M1-CN045,679.2,0.2222222222222222,0.3849001794597505,3,0.22222222222222224
M1-CN045,679.4,0.2222222222222222,0.3849001794597505,3,0.22222222222222224
M1-CN045,679.6,0.3333333333333333,0.5773502691896258,3,0.33333333333333337
M1-CN045,679.8,0.3333333333333333,0.5773502691896258,3,0.33333333333333337
M1-CN045,680.0,0.3333333333333333,0.5773502691896258,3,0.33333333333333337
M1-CN045,680.2,0.3333333333333333,0.5773502691896258,3,0.33333333333333337
M1-CN045,680.4,0.3333333333333333,0.5773502691896258,3,0.33333333333333337
M1-CN045,680.6,0.3333333333333333,0.5773502691896258,3,0.33333333333333337
M1-CN045,680.8,0.3333333333333333,0.5773502691896258,3,0.33333333333333337
M1-CN045,681.0,0.3333333333333333,0.5773502691896258,3,0.33333333333333337
M1-CN045,681.2,0.3333333333333333,0.5773502691896258,3,0.33333333333333337
M1-CN045,681.4,0.3333333333333333,0.5773502691896258,3,0.33333333333333337
M1-CN045,681.6,0.2222222222222222,0.3849001794597505,3,0.22222222222222224
M1-CN045,681.8,0.2222222222222222,0.3849001794597505,3,0.22222222222222224
M1-CN045,682.0,0.2222222222222222,0.3849001794597505,3,0.22222222222222224
M1-CN045,682.2,0.3333333333333333,0.5773502691896258,3,0.33333333333333337
M1-CN045,682.4,0.3333333333333333,0.5773502691896258,3,0.33333333333333337
M1-CN045,682.6,0.3333333333333333,0.5773502691896258,3,0.33333333333333337
M1-CN045,682.8,0.3333333333333333,0.5773502691896258,3,0.33333333333333337
M1-CN045,683.0,0.3333333333333333,0.5773502691896258,3,0.33333333333333337
M1-CN045,683.2,0.3333333333333333,0.5773502691896258,3,0.33333333333333337
M1-CN045,683.4,0.3333333333333333,0.5773502691896258,3,0.33333333333333337
M1-CN045,683.6,0.3333333333333333,0.5773502691896258,3,0.33333333333333337
M1-CN045,683.8,0.2222222222222222,0.3849001794597505,3,0.22222222222222224
M1-CN045,684.0,0.1111111111111111,0.19245008972987526,3,0.11111111111111112
M1-CN045,684.2,0.1111111111111111,0.19245008972987526,3,0.11111111111111112
M1-CN045,684.4,0.2222222222222222,0.3849001794597505,3,0.22222222222222224
M1-CN045,684.6,0.2222222222222222,0.3849001794597505,3,0.22222222222222224
M1-CN045,684.8,0.2222222222222222,0.3849001794597505,3,0.22222222222222224
M1-CN045,685.0,0.2222222222222222,0.3849001794597505,3,0.22222222222222224
M1-CN045,685.2,0.2222222222222222,0.3849001794597505,3,0.22222222222222224
M1-CN045,685.4,0.1111111111111111,0.19245008972987526,3,0.11111111111111112
M1-CN045,685.6,0.1111111111111111,0.19245008972987526,3,0.11111111111111112
M1-CN045,685.8,0.1111111111111111,0.19245008972987526,3,0.11111111111111112
M1-CN045,686.0,0.2222222222222222,0.3849001794597505,3,0.22222222222222224
M1-CN045,686.2,0.2222222222222222,0.3849001794597505,3,0.22222222222222224
M1-CN045,686.4,0.3333333333333333,0.5773502691896258,3,0.33333333333333337
M1-CN045,686.6,0.2222222222222222,0.3849001794597505,3,0.22222222222222224
M1-CN045,686.8,0.2222222222222222,0.3849001794597505,3,0.22222222222222224
M1-CN045,687.0,0.1111111111111111,0.19245008972987526,3,0.11111111111111112
M1-CN045,687.2,0.1111111111111111,0.19245008972987526,3,0.11111111111111112
M1-CN045,687.4,0.1111111111111111,0.19245008972987526,3,0.11111111111111112
M1-CN045,687.6,0.2222222222222222,0.3849001794597505,3,0.22222222222222224
M1-CN045,687.8,0.3333333333333333,0.5773502691896258,3,0.33333333333333337
M1-CN045,688.0,0.3333333333333333,0.5773502691896258,3,0.33333333333333337
M1-CN045,688.2,0.3333333333333333,0.5773502691896258,3,0.33333333333333337
M1-CN045,688.4,0.3333333333333333,0.5773502691896258,3,0.33333333333333337
M1-CN045,688.6,0.3333333333333333,0.5773502691896258,3,0.33333333333333337
M1-CN045,688.8,0.3333333333333333,0.5773502691896258,3,0.33333333333333337
M1-CN045,689.0,0.3333333333333333,0.5773502691896258,3,0.33333333333333337
M1-CN045,689.2,0.3333333333333333,0.5773502691896258,3,0.33333333333333337
M1-CN045,689.4,0.3333333333333333,0.5773502691896258,3,0.33333333333333337
M1-CN045,689.6,0.3333333333333333,0.5773502691896258,3,0.33333333333333337
M1-CN045,689.8,0.3333333333333333,0.5773502691896258,3,0.33333333333333337
M1-CN045,690.0,0.2222222222222222,0.3849001794597505,3,0.22222222222222224
M1-CN045,690.2,0.2222222222222222,0.3849001794597505,3,0.22222222222222224
M1-CN045,690.4,0.2222222222222222,0.3849001794597505,3,0.22222222222222224
M1-CN045,690.6,0.2222222222222222,0.3849001794597505,3,0.22222222222222224
M1-CN045,690.8,0.2222222222222222,0.3849001794597505,3,0.22222222222222224
M1-CN045,691.0,0.1111111111111111,0.19245008972987526,3,0.11111111111111112
M1-CN045,691.2,0.2222222222222222,0.3849001794597505,3,0.22222222222222224
M1-CN045,691.4,0.2222222222222222,0.3849001794597505,3,0.22222222222222224
M1-CN045,691.6,0.3333333333333333,0.5773502691896258,3,0.33333333333333337
M1-CN045,691.8,0.3333333333333333,0.5773502691896258,3,0.33333333333333337
M1-CN045,692.0,0.3333333333333333,0.5773502691896258,3,0.33333333333333337
M1-CN045,692.2,0.2222222222222222,0.3849001794597505,3,0.22222222222222224
M1-CN045,692.4,0.2222222222222222,0.3849001794597505,3,0.22222222222222224
M1-CN045,692.6,0.2222222222222222,0.3849001794597505,3,0.22222222222222224
M1-CN045,692.8,0.2222222222222222,0.3849001794597505,3,0.22222222222222224
M1-CN045,693.0,0.2222222222222222,0.3849001794597505,3,0.22222222222222224
M1-CN045,693.2,0.2222222222222222,0.3849001794597505,3,0.22222222222222224
M1-CN045,693.4,0.3333333333333333,0.5773502691896258,3,0.33333333333333337
M1-CN045,693.6,0.3333333333333333,0.5773502691896258,3,0.33333333333333337
M1-CN045,693.8,0.3333333333333333,0.5773502691896258,3,0.33333333333333337
M1-CN045,694.0,0.3333333333333333,0.5773502691896258,3,0.33333333333333337
M1-CN045,694.2,0.3333333333333333,0.5773502691896258,3,0.33333333333333337
M1-CN045,694.4,0.3333333333333333,0.5773502691896258,3,0.33333333333333337
M1-CN045,694.6,0.3333333333333333,0.5773502691896258,3,0.33333333333333337
M1-CN045,694.8,0.3333333333333333,0.5773502691896258,3,0.33333333333333337
M1-CN045,695.0,0.3333333333333333,0.5773502691896258,3,0.33333333333333337
M1-CN045,695.2,0.3333333333333333,0.5773502691896258,3,0.33333333333333337
M1-CN045,695.4,0.3333333333333333,0.5773502691896258,3,0.33333333333333337
M1-CN045,695.6,0.2222222222222222,0.3849001794597505,3,0.22222222222222224
M1-CN045,695.8,0.1111111111111111,0.19245008972987526,3,0.11111111111111112
M1-CN045,696.0,0.1111111111111111,0.19245008972987526,3,0.11111111111111112
M1-CN045,696.2,0.2222222222222222,0.3849001794597505,3,0.22222222222222224
M1-CN045,696.4,0.3333333333333333,0.5773502691896258,3,0.33333333333333337
M1-CN045,696.6,0.3333333333333333,0.5773502691896258,3,0.33333333333333337
M1-CN045,696.8,0.2222222222222222,0.3849001794597505,3,0.22222222222222224
M1-CN045,697.0,0.2222222222222222,0.3849001794597505,3,0.22222222222222224
M1-CN045,697.2,0.1111111111111111,0.19245008972987526,3,0.11111111111111112
M1-CN045,697.4,0.2222222222222222,0.3849001794597505,3,0.22222222222222224
M1-CN045,697.6,0.2222222222222222,0.3849001794597505,3,0.22222222222222224
M1-CN045,697.8,0.3333333333333333,0.5773502691896258,3,0.33333333333333337
M1-CN045,698.0,0.3333333333333333,0.5773502691896258,3,0.33333333333333337
M1-CN045,698.2,0.3333333333333333,0.5773502691896258,3,0.33333333333333337
M1-CN045,698.4,0.3333333333333333,0.5773502691896258,3,0.33333333333333337
M1-CN045,698.6,0.3333333333333333,0.5773502691896258,3,0.33333333333333337
M1-CN045,698.8,0.3333333333333333,0.5773502691896258,3,0.33333333333333337
M1-CN045,699.0,0.3333333333333333,0.5773502691896258,3,0.33333333333333337
M1-CN045,699.2,0.3333333333333333,0.5773502691896258,3,0.33333333333333337
M1-CN045,699.4,0.3333333333333333,0.5773502691896258,3,0.33333333333333337
M1-CN045,699.6,0.3333333333333333,0.5773502691896258,3,0.33333333333333337
M1-CN045,699.8,0.3333333333333333,0.5773502691896258,3,0.33333333333333337
M1-CN045,700.0,0.3333333333333333,0.5773502691896258,3,0.33333333333333337
M1-CN045,700.2,0.3333333333333333,0.5773502691896258,3,0.33333333333333337
M1-CN045,700.4,0.3333333333333333,0.5773502691896258,3,0.33333333333333337
M1-CN045,700.6,0.3333333333333333,0.5773502691896258,3,0.33333333333333337
M1-CN045,700.8,0.3333333333333333,0.5773502691896258,3,0.33333333333333337
M1-CN045,701.0,0.3333333333333333,0.5773502691896258,3,0.33333333333333337
M1-CN045,701.2,0.3333333333333333,0.5773502691896258,3,0.33333333333333337
M1-CN045,701.4,0.3333333333333333,0.5773502691896258,3,0.33333333333333337
M1-CN045,701.6,0.3333333333333333,0.5773502691896258,3,0.33333333333333337
M1-CN045,701.8,0.3333333333333333,0.5773502691896258,3,0.33333333333333337
M1-CN045,702.0,0.3333333333333333,0.5773502691896258,3,0.33333333333333337
M1-CN045,702.2,0.3333333333333333,0.5773502691896258,3,0.33333333333333337
M1-CN045,702.4,0.3333333333333333,0.5773502691896258,3,0.33333333333333337
M1-CN045,702.6,0.3333333333333333,0.5773502691896258,3,0.33333333333333337
M1-CN045,702.8,0.3333333333333333,0.5773502691896258,3,0.33333333333333337
M1-CN045,703.0,0.3333333333333333,0.5773502691896258,3,0.33333333333333337
M1-CN045,703.2,0.3333333333333333,0.5773502691896258,3,0.33333333333333337
M1-CN045,703.4,0.3333333333333333,0.5773502691896258,3,0.33333333333333337
M1-CN045,703.6,0.3333333333333333,0.5773502691896258,3,0.33333333333333337
M1-CN045,703.8,0.3333333333333333,0.5773502691896258,3,0.33333333333333337
M1-CN045,704.0,0.3333333333333333,0.5773502691896258,3,0.33333333333333337
M1-CN045,704.2,0.3333333333333333,0.5773502691896258,3,0.33333333333333337
M1-CN045,704.4,0.3333333333333333,0.5773502691896258,3,0.33333333333333337
M1-CN045,704.6,0.3333333333333333,0.5773502691896258,3,0.33333333333333337
M1-CN045,704.8,0.3333333333333333,0.5773502691896258,3,0.33333333333333337
M1-CN045,705.0,0.3333333333333333,0.5773502691896258,3,0.33333333333333337
M1-CN045,705.2,0.3333333333333333,0.5773502691896258,3,0.33333333333333337
M1-CN045,705.4,0.2222222222222222,0.3849001794597505,3,0.22222222222222224
M1-CN045,705.6,0.2222222222222222,0.3849001794597505,3,0.22222222222222224
M1-CN045,705.8,0.2222222222222222,0.3849001794597505,3,0.22222222222222224
M1-CN045,706.0,0.3333333333333333,0.5773502691896258,3,0.33333333333333337
M1-CN045,706.2,0.2222222222222222,0.3849001794597505,3,0.22222222222222224
M1-CN045,706.4,0.2222222222222222,0.3849001794597505,3,0.22222222222222224
M1-CN045,706.6,0.2222222222222222,0.3849001794597505,3,0.22222222222222224
M1-CN045,706.8,0.3333333333333333,0.5773502691896258,3,0.33333333333333337
M1-CN045,707.0,0.3333333333333333,0.5773502691896258,3,0.33333333333333337
M1-CN045,707.2,0.3333333333333333,0.5773502691896258,3,0.33333333333333337
M1-CN045,707.4,0.2222222222222222,0.3849001794597505,3,0.22222222222222224
M1-CN045,707.6,0.2222222222222222,0.3849001794597505,3,0.22222222222222224
M1-CN045,707.8,0.2222222222222222,0.3849001794597505,3,0.22222222222222224
M1-CN045,708.0,0.3333333333333333,0.5773502691896258,3,0.33333333333333337
M1-CN045,708.2,0.3333333333333333,0.5773502691896258,3,0.33333333333333337
M1-CN045,708.4,0.3333333333333333,0.5773502691896258,3,0.33333333333333337
M1-CN045,708.6,0.3333333333333333,0.5773502691896258,3,0.33333333333333337
M1-CN045,708.8,0.3333333333333333,0.5773502691896258,3,0.33333333333333337
M1-CN045,709.0,0.3333333333333333,0.5773502691896258,3,0.33333333333333337
M1-CN045,709.2,0.3333333333333333,0.5773502691896258,3,0.33333333333333337
M1-CN045,709.4,0.3333333333333333,0.5773502691896258,3,0.33333333333333337
M1-CN045,709.6,0.3333333333333333,0.5773502691896258,3,0.33333333333333337
M1-CN045,709.8,0.3333333333333333,0.5773502691896258,3,0.33333333333333337
M1-CN045,710.0,0.3333333333333333,0.5773502691896258,3,0.33333333333333337
M1-CN045,710.2,0.3333333333333333,0.5773502691896258,3,0.33333333333333337
M1-CN045,710.4,0.3333333333333333,0.5773502691896258,3,0.33333333333333337
M1-CN045,710.6,0.3333333333333333,0.5773502691896258,3,0.33333333333333337
M1-CN045,710.8,0.3333333333333333,0.5773502691896258,3,0.33333333333333337
M1-CN045,711.0,0.3333333333333333,0.5773502691896258,3,0.33333333333333337
M1-CN045,711.2,0.3333333333333333,0.5773502691896258,3,0.33333333333333337
M1-CN045,711.4,0.3333333333333333,0.5773502691896258,3,0.33333333333333337
M1-CN045,711.6,0.3333333333333333,0.5773502691896258,3,0.33333333333333337
M1-CN045,711.8,0.3333333333333333,0.5773502691896258,3,0.33333333333333337
M1-CN045,712.0,0.3333333333333333,0.5773502691896258,3,0.33333333333333337
M1-CN045,712.2,0.3333333333333333,0.5773502691896258,3,0.33333333333333337
M1-CN045,712.4,0.3333333333333333,0.5773502691896258,3,0.33333333333333337
M1-CN045,712.6,0.3333333333333333,0.5773502691896258,3,0.33333333333333337
M1-CN045,712.8,0.3333333333333333,0.5773502691896258,3,0.33333333333333337
M1-CN045,713.0,0.3333333333333333,0.5773502691896258,3,0.33333333333333337
M1-CN045,713.2,0.3333333333333333,0.5773502691896258,3,0.33333333333333337
M1-CN045,713.4,0.3333333333333333,0.5773502691896258,3,0.33333333333333337
M1-CN045,713.6,0.3333333333333333,0.5773502691896258,3,0.33333333333333337
M1-CN045,713.8,0.3333333333333333,0.5773502691896258,3,0.33333333333333337
M1-CN045,714.0,0.3333333333333333,0.5773502691896258,3,0.33333333333333337
M1-CN045,714.2,0.3333333333333333,0.5773502691896258,3,0.33333333333333337
M1-CN045,714.4,0.3333333333333333,0.5773502691896258,3,0.33333333333333337
M1-CN045,714.6,0.3333333333333333,0.5773502691896258,3,0.33333333333333337
M1-CN045,714.8,0.3333333333333333,0.5773502691896258,3,0.33333333333333337
M1-CN045,715.0,0.3333333333333333,0.5773502691896258,3,0.33333333333333337
M1-CN045,715.2,0.3333333333333333,0.5773502691896258,3,0.33333333333333337
M1-CN045,715.4,0.3333333333333333,0.5773502691896258,3,0.33333333333333337
M1-CN045,715.6,0.3333333333333333,0.5773502691896258,3,0.33333333333333337
M1-CN045,715.8,0.3333333333333333,0.5773502691896258,3,0.33333333333333337
M1-CN045,716.0,0.3333333333333333,0.5773502691896258,3,0.33333333333333337
M1-CN045,716.2,0.3333333333333333,0.5773502691896258,3,0.33333333333333337
M1-CN045,716.4,0.3333333333333333,0.5773502691896258,3,0.33333333333333337
M1-CN045,716.6,0.3333333333333333,0.5773502691896258,3,0.33333333333333337
M1-CN045,716.8,0.3333333333333333,0.5773502691896258,3,0.33333333333333337
M1-CN045,717.0,0.3333333333333333,0.5773502691896258,3,0.33333333333333337
M1-CN045,717.2,0.3333333333333333,0.5773502691896258,3,0.33333333333333337
M1-CN045,717.4,0.3333333333333333,0.5773502691896258,3,0.33333333333333337
M1-CN045,717.6,0.3333333333333333,0.5773502691896258,3,0.33333333333333337
M1-CN045,717.8,0.3333333333333333,0.5773502691896258,3,0.33333333333333337
M1-CN045,718.0,0.3333333333333333,0.5773502691896258,3,0.33333333333333337
M1-CN045,718.2,0.3333333333333333,0.5773502691896258,3,0.33333333333333337
M1-CN045,718.4,0.3333333333333333,0.5773502691896258,3,0.33333333333333337
M1-CN045,718.6,0.3333333333333333,0.5773502691896258,3,0.33333333333333337
M1-CN045,718.8,0.3333333333333333,0.5773502691896258,3,0.33333333333333337
M1-CN045,719.0,0.3333333333333333,0.5773502691896258,3,0.33333333333333337
M1-CN045,719.2,0.3333333333333333,0.5773502691896258,3,0.33333333333333337
M1-CN045,719.4,0.2222222222222222,0.3849001794597505,3,0.22222222222222224
M1-CN045,719.6,0.2222222222222222,0.3849001794597505,3,0.22222222222222224
M1-CN045,719.8,0.2222222222222222,0.3849001794597505,3,0.22222222222222224
M1-CN045,720.0,0.3333333333333333,0.5773502691896258,3,0.33333333333333337
M1-CN045,720.2,0.3333333333333333,0.5773502691896258,3,0.33333333333333337
M1-CN045,720.4,0.3333333333333333,0.5773502691896258,3,0.33333333333333337
M1-CN045,720.6,0.3333333333333333,0.5773502691896258,3,0.33333333333333337
M1-CN045,720.8,0.3333333333333333,0.5773502691896258,3,0.33333333333333337
M1-CN045,721.0,0.3333333333333333,0.5773502691896258,3,0.33333333333333337
M1-CN045,721.2,0.2222222222222222,0.3849001794597505,3,0.22222222222222224
M1-CN045,721.4,0.2222222222222222,0.3849001794597505,3,0.22222222222222224
M1-CN045,721.6,0.2222222222222222,0.3849001794597505,3,0.22222222222222224
M1-CN045,721.8,0.3333333333333333,0.5773502691896258,3,0.33333333333333337
M1-CN045,722.0,0.3333333333333333,0.5773502691896258,3,0.33333333333333337
M1-CN045,722.2,0.3333333333333333,0.5773502691896258,3,0.33333333333333337
M1-CN045,722.4,0.3333333333333333,0.5773502691896258,3,0.33333333333333337
M1-CN045,722.6,0.3333333333333333,0.5773502691896258,3,0.33333333333333337
M1-CN045,722.8,0.3333333333333333,0.5773502691896258,3,0.33333333333333337
M1-CN045,723.0,0.3333333333333333,0.5773502691896258,3,0.33333333333333337
M1-CN045,723.2,0.3333333333333333,0.5773502691896258,3,0.33333333333333337
M1-CN045,723.4,0.2222222222222222,0.3849001794597505,3,0.22222222222222224
M1-CN045,723.6,0.2222222222222222,0.3849001794597505,3,0.22222222222222224
M1-CN045,723.8,0.2222222222222222,0.3849001794597505,3,0.22222222222222224
M1-CN045,724.0,0.3333333333333333,0.5773502691896258,3,0.33333333333333337
M1-CN045,724.2,0.3333333333333333,0.5773502691896258,3,0.33333333333333337
M1-CN045,724.4,0.3333333333333333,0.5773502691896258,3,0.33333333333333337
M1-CN045,724.6,0.3333333333333333,0.5773502691896258,3,0.33333333333333337
M1-CN045,724.8,0.3333333333333333,0.5773502691896258,3,0.33333333333333337
M1-CN045,725.0,0.3333333333333333,0.5773502691896258,3,0.33333333333333337
M1-CN045,725.2,0.3333333333333333,0.5773502691896258,3,0.33333333333333337
M1-CN045,725.4,0.3333333333333333,0.5773502691896258,3,0.33333333333333337
M1-CN045,725.6,0.3333333333333333,0.5773502691896258,3,0.33333333333333337
M1-CN045,725.8,0.3333333333333333,0.5773502691896258,3,0.33333333333333337
M1-CN045,726.0,0.3333333333333333,0.5773502691896258,3,0.33333333333333337
M1-CN045,726.2,0.3333333333333333,0.5773502691896258,3,0.33333333333333337
M1-CN045,726.4,0.3333333333333333,0.5773502691896258,3,0.33333333333333337
M1-CN045,726.6,0.3333333333333333,0.5773502691896258,3,0.33333333333333337
M1-CN045,726.8,0.3333333333333333,0.5773502691896258,3,0.33333333333333337
M1-CN045,727.0,0.3333333333333333,0.5773502691896258,3,0.33333333333333337
M1-CN045,727.2,0.3333333333333333,0.5773502691896258,3,0.33333333333333337
M1-CN045,727.4,0.3333333333333333,0.5773502691896258,3,0.33333333333333337
M1-CN045,727.6,0.3333333333333333,0.5773502691896258,3,0.33333333333333337
M1-CN045,727.8,0.3333333333333333,0.5773502691896258,3,0.33333333333333337
M1-CN045,728.0,0.3333333333333333,0.5773502691896258,3,0.33333333333333337
M1-CN045,728.2,0.3333333333333333,0.5773502691896258,3,0.33333333333333337
M1-CN045,728.4,0.3333333333333333,0.5773502691896258,3,0.33333333333333337
M1-CN045,728.6,0.3333333333333333,0.5773502691896258,3,0.33333333333333337
M1-CN045,728.8,0.3333333333333333,0.5773502691896258,3,0.33333333333333337
M1-CN045,729.0,0.3333333333333333,0.5773502691896258,3,0.33333333333333337
M1-CN045,729.2,0.3333333333333333,0.5773502691896258,3,0.33333333333333337
M1-CN045,729.4,0.3333333333333333,0.5773502691896258,3,0.33333333333333337
M1-CN045,729.6,0.3333333333333333,0.5773502691896258,3,0.33333333333333337
M1-CN045,729.8,0.3333333333333333,0.5773502691896258,3,0.33333333333333337
M1-CN045,730.0,0.3333333333333333,0.5773502691896258,3,0.33333333333333337
M1-CN045,730.2,0.3333333333333333,0.5773502691896258,3,0.33333333333333337
M1-CN045,730.4,0.3333333333333333,0.5773502691896258,3,0.33333333333333337
M1-CN045,730.6,0.3333333333333333,0.5773502691896258,3,0.33333333333333337
M1-CN045,730.8,0.3333333333333333,0.5773502691896258,3,0.33333333333333337
M1-CN045,731.0,0.3333333333333333,0.5773502691896258,3,0.33333333333333337
M1-CN045,731.2,0.3333333333333333,0.5773502691896258,3,0.33333333333333337
M1-CN045,731.4,0.3333333333333333,0.5773502691896258,3,0.33333333333333337
M1-CN045,731.6,0.3333333333333333,0.5773502691896258,3,0.33333333333333337
M1-CN045,731.8,0.3333333333333333,0.5773502691896258,3,0.33333333333333337
M1-CN045,732.0,0.3333333333333333,0.5773502691896258,3,0.33333333333333337
M1-CN045,732.2,0.2222222222222222,0.3849001794597505,3,0.22222222222222224
M1-CN045,732.4,0.1111111111111111,0.19245008972987526,3,0.11111111111111112
M1-CN045,732.6,0.0,0.0,3,0.0
M1-CN045,732.8,0.1111111111111111,0.19245008972987526,3,0.11111111111111112
M1-CN045,733.0,0.2222222222222222,0.3849001794597505,3,0.22222222222222224
M1-CN045,733.2,0.3333333333333333,0.5773502691896258,3,0.33333333333333337
M1-CN045,733.4,0.3333333333333333,0.5773502691896258,3,0.33333333333333337
M1-CN045,733.6,0.3333333333333333,0.5773502691896258,3,0.33333333333333337
M1-CN045,733.8,0.3333333333333333,0.5773502691896258,3,0.33333333333333337
M1-CN045,734.0,0.3333333333333333,0.5773502691896258,3,0.33333333333333337
M1-CN045,734.2,0.3333333333333333,0.5773502691896258,3,0.33333333333333337
M1-CN045,734.4,0.3333333333333333,0.5773502691896258,3,0.33333333333333337
M1-CN045,734.6,0.3333333333333333,0.5773502691896258,3,0.33333333333333337
M1-CN045,734.8,0.2222222222222222,0.3849001794597505,3,0.22222222222222224
M1-CN045,735.0,0.2222222222222222,0.3849001794597505,3,0.22222222222222224
M1-CN045,735.2,0.2222222222222222,0.3849001794597505,3,0.22222222222222224
M1-CN045,735.4,0.3333333333333333,0.5773502691896258,3,0.33333333333333337
M1-CN045,735.6,0.3333333333333333,0.5773502691896258,3,0.33333333333333337
M1-CN045,735.8,0.3333333333333333,0.5773502691896258,3,0.33333333333333337
M1-CN045,736.0,0.3333333333333333,0.5773502691896258,3,0.33333333333333337
M1-CN045,736.2,0.2222222222222222,0.3849001794597505,3,0.22222222222222224
M1-CN045,736.4,0.2222222222222222,0.3849001794597505,3,0.22222222222222224
M1-CN045,736.6,0.2222222222222222,0.3849001794597505,3,0.22222222222222224
M1-CN045,736.8,0.3333333333333333,0.5773502691896258,3,0.33333333333333337
M1-CN045,737.0,0.3333333333333333,0.5773502691896258,3,0.33333333333333337
M1-CN045,737.2,0.3333333333333333,0.5773502691896258,3,0.33333333333333337
M1-CN045,737.4,0.3333333333333333,0.5773502691896258,3,0.33333333333333337
M1-CN045,737.6,0.3333333333333333,0.5773502691896258,3,0.33333333333333337
M1-CN045,737.8,0.2222222222222222,0.3849001794597505,3,0.22222222222222224
M1-CN045,738.0,0.2222222222222222,0.3849001794597505,3,0.22222222222222224
M1-CN045,738.2,0.2222222222222222,0.3849001794597505,3,0.22222222222222224
M1-CN045,738.4,0.3333333333333333,0.5773502691896258,3,0.33333333333333337
M1-CN045,738.6,0.3333333333333333,0.5773502691896258,3,0.33333333333333337
M1-CN045,738.8,0.3333333333333333,0.5773502691896258,3,0.33333333333333337
M1-CN045,739.0,0.3333333333333333,0.5773502691896258,3,0.33333333333333337
M1-CN045,739.2,0.3333333333333333,0.5773502691896258,3,0.33333333333333337
M1-CN045,739.4,0.3333333333333333,0.5773502691896258,3,0.33333333333333337
M1-CN045,739.6,0.3333333333333333,0.5773502691896258,3,0.33333333333333337
M1-CN045,739.8,0.3333333333333333,0.5773502691896258,3,0.33333333333333337
M1-CN045,740.0,0.3333333333333333,0.5773502691896258,3,0.33333333333333337
M1-CN045,740.2,0.3333333333333333,0.5773502691896258,3,0.33333333333333337
M1-CN045,740.4,0.3333333333333333,0.5773502691896258,3,0.33333333333333337
M1-CN045,740.6,0.3333333333333333,0.5773502691896258,3,0.33333333333333337
M1-CN045,740.8,0.3333333333333333,0.5773502691896258,3,0.33333333333333337
M1-CN045,741.0,0.3333333333333333,0.5773502691896258,3,0.33333333333333337
M1-CN045,741.2,0.3333333333333333,0.5773502691896258,3,0.33333333333333337
M1-CN045,741.4,0.3333333333333333,0.5773502691896258,3,0.33333333333333337
M1-CN045,741.6,0.3333333333333333,0.5773502691896258,3,0.33333333333333337
M1-CN045,741.8,0.3333333333333333,0.5773502691896258,3,0.33333333333333337
M1-CN045,742.0,0.3333333333333333,0.5773502691896258,3,0.33333333333333337
M1-CN045,742.2,0.3333333333333333,0.5773502691896258,3,0.33333333333333337
M1-CN045,742.4,0.3333333333333333,0.5773502691896258,3,0.33333333333333337
M1-CN045,742.6,0.3333333333333333,0.5773502691896258,3,0.33333333333333337
M1-CN045,742.8,0.3333333333333333,0.5773502691896258,3,0.33333333333333337
M1-CN045,743.0,0.3333333333333333,0.5773502691896258,3,0.33333333333333337
M1-CN045,743.2,0.3333333333333333,0.5773502691896258,3,0.33333333333333337
M1-CN045,743.4,0.3333333333333333,0.5773502691896258,3,0.33333333333333337
M1-CN045,743.6,0.3333333333333333,0.5773502691896258,3,0.33333333333333337
M1-CN045,743.8,0.3333333333333333,0.5773502691896258,3,0.33333333333333337
M1-CN045,744.0,0.3333333333333333,0.5773502691896258,3,0.33333333333333337
M1-CN045,744.2,0.3333333333333333,0.5773502691896258,3,0.33333333333333337
M1-CN045,744.4,0.3333333333333333,0.5773502691896258,3,0.33333333333333337
M1-CN045,744.6,0.3333333333333333,0.5773502691896258,3,0.33333333333333337
M1-CN045,744.8,0.2222222222222222,0.3849001794597505,3,0.22222222222222224
M1-CN045,745.0,0.2222222222222222,0.3849001794597505,3,0.22222222222222224
M1-CN045,745.2,0.2222222222222222,0.3849001794597505,3,0.22222222222222224
M1-CN045,745.4,0.3333333333333333,0.5773502691896258,3,0.33333333333333337
M1-CN045,745.6,0.3333333333333333,0.5773502691896258,3,0.33333333333333337
M1-CN045,745.8,0.3333333333333333,0.5773502691896258,3,0.33333333333333337
M1-CN045,746.0,0.3333333333333333,0.5773502691896258,3,0.33333333333333337
M1-CN045,746.2,0.3333333333333333,0.5773502691896258,3,0.33333333333333337
M1-CN045,746.4,0.3333333333333333,0.5773502691896258,3,0.33333333333333337
M1-CN045,746.6,0.3333333333333333,0.5773502691896258,3,0.33333333333333337
M1-CN045,746.8,0.3333333333333333,0.5773502691896258,3,0.33333333333333337
M1-CN045,747.0,0.3333333333333333,0.5773502691896258,3,0.33333333333333337
M1-CN045,747.2,0.3333333333333333,0.5773502691896258,3,0.33333333333333337
M1-CN045,747.4,0.3333333333333333,0.5773502691896258,3,0.33333333333333337
M1-CN045,747.6,0.3333333333333333,0.5773502691896258,3,0.33333333333333337
M1-CN045,747.8,0.3333333333333333,0.5773502691896258,3,0.33333333333333337
M1-CN045,748.0,0.3333333333333333,0.5773502691896258,3,0.33333333333333337
M1-CN045,748.2,0.3333333333333333,0.5773502691896258,3,0.33333333333333337
M1-CN045,748.4,0.3333333333333333,0.5773502691896258,3,0.33333333333333337
M1-CN045,748.6,0.3333333333333333,0.5773502691896258,3,0.33333333333333337
M1-CN045,748.8,0.3333333333333333,0.5773502691896258,3,0.33333333333333337
M1-CN045,749.0,0.3333333333333333,0.5773502691896258,3,0.33333333333333337
M1-CN045,749.2,0.3333333333333333,0.5773502691896258,3,0.33333333333333337
M1-CN045,749.4,0.3333333333333333,0.5773502691896258,3,0.33333333333333337
M1-CN045,749.6,0.3333333333333333,0.5773502691896258,3,0.33333333333333337
M1-CN045,749.8,0.3333333333333333,0.5773502691896258,3,0.33333333333333337
M1-CN045,750.0,0.3333333333333333,0.5773502691896258,3,0.33333333333333337
M1-CN045,750.2,0.3333333333333333,0.5773502691896258,3,0.33333333333333337
M1-CN045,750.4,0.3333333333333333,0.5773502691896258,3,0.33333333333333337
M1-CN045,750.6,0.3333333333333333,0.5773502691896258,3,0.33333333333333337
M1-CN045,750.8,0.3333333333333333,0.5773502691896258,3,0.33333333333333337
M1-CN045,751.0,0.3333333333333333,0.5773502691896258,3,0.33333333333333337
M1-CN045,751.2,0.3333333333333333,0.5773502691896258,3,0.33333333333333337
M1-CN045,751.4,0.3333333333333333,0.5773502691896258,3,0.33333333333333337
M1-CN045,751.6,0.3333333333333333,0.5773502691896258,3,0.33333333333333337
M1-CN045,751.8,0.3333333333333333,0.5773502691896258,3,0.33333333333333337
M1-CN045,752.0,0.3333333333333333,0.5773502691896258,3,0.33333333333333337
M1-CN045,752.2,0.3333333333333333,0.5773502691896258,3,0.33333333333333337
M1-CN045,752.4,0.3333333333333333,0.5773502691896258,3,0.33333333333333337
M1-CN045,752.6,0.3333333333333333,0.5773502691896258,3,0.33333333333333337
M1-CN045,752.8,0.3333333333333333,0.5773502691896258,3,0.33333333333333337
M1-CN045,753.0,0.3333333333333333,0.5773502691896258,3,0.33333333333333337
M1-CN045,753.2,0.3333333333333333,0.5773502691896258,3,0.33333333333333337
M1-CN045,753.4,0.3333333333333333,0.5773502691896258,3,0.33333333333333337
M1-CN045,753.6,0.3333333333333333,0.5773502691896258,3,0.33333333333333337
M1-CN045,753.8,0.3333333333333333,0.5773502691896258,3,0.33333333333333337
M1-CN045,754.0,0.3333333333333333,0.5773502691896258,3,0.33333333333333337
M1-CN045,754.2,0.3333333333333333,0.5773502691896258,3,0.33333333333333337
M1-CN045,754.4,0.3333333333333333,0.5773502691896258,3,0.33333333333333337
M1-CN045,754.6,0.3333333333333333,0.5773502691896258,3,0.33333333333333337
M1-CN045,754.8,0.3333333333333333,0.5773502691896258,3,0.33333333333333337
M1-CN045,755.0,0.3333333333333333,0.5773502691896258,3,0.33333333333333337
M1-CN045,755.2,0.3333333333333333,0.5773502691896258,3,0.33333333333333337
M1-CN045,755.4,0.3333333333333333,0.5773502691896258,3,0.33333333333333337
M1-CN045,755.6,0.3333333333333333,0.5773502691896258,3,0.33333333333333337
M1-CN045,755.8,0.3333333333333333,0.5773502691896258,3,0.33333333333333337
M1-CN045,756.0,0.3333333333333333,0.5773502691896258,3,0.33333333333333337
M1-CN045,756.2,0.3333333333333333,0.5773502691896258,3,0.33333333333333337
M1-CN045,756.4,0.3333333333333333,0.5773502691896258,3,0.33333333333333337
M1-CN045,756.6,0.3333333333333333,0.5773502691896258,3,0.33333333333333337
M1-CN045,756.8,0.3333333333333333,0.5773502691896258,3,0.33333333333333337
M1-CN045,757.0,0.3333333333333333,0.5773502691896258,3,0.33333333333333337
M1-CN045,757.2,0.3333333333333333,0.5773502691896258,3,0.33333333333333337
M1-CN045,757.4,0.3333333333333333,0.5773502691896258,3,0.33333333333333337
M1-CN045,757.6,0.3333333333333333,0.5773502691896258,3,0.33333333333333337
M1-CN045,757.8,0.3333333333333333,0.5773502691896258,3,0.33333333333333337
M1-CN045,758.0,0.3333333333333333,0.5773502691896258,3,0.33333333333333337
M1-CN045,758.2,0.3333333333333333,0.5773502691896258,3,0.33333333333333337
M1-CN045,758.4,0.3333333333333333,0.5773502691896258,3,0.33333333333333337
M1-CN045,758.6,0.3333333333333333,0.5773502691896258,3,0.33333333333333337
M1-CN045,758.8,0.3333333333333333,0.5773502691896258,3,0.33333333333333337
M1-CN045,759.0,0.3333333333333333,0.5773502691896258,3,0.33333333333333337
M1-CN045,759.2,0.3333333333333333,0.5773502691896258,3,0.33333333333333337
M1-CN045,759.4,0.3333333333333333,0.5773502691896258,3,0.33333333333333337
M1-CN045,759.6,0.3333333333333333,0.5773502691896258,3,0.33333333333333337
M1-CN045,759.8,0.3333333333333333,0.5773502691896258,3,0.33333333333333337
M1-CN045,760.0,0.3333333333333333,0.5773502691896258,3,0.33333333333333337
M1-CN045,760.2,0.3333333333333333,0.5773502691896258,3,0.33333333333333337
M1-CN045,760.4,0.3333333333333333,0.5773502691896258,3,0.33333333333333337
M1-CN045,760.6,0.3333333333333333,0.5773502691896258,3,0.33333333333333337
M1-CN045,760.8,0.3333333333333333,0.5773502691896258,3,0.33333333333333337
M1-CN045,761.0,0.3333333333333333,0.5773502691896258,3,0.33333333333333337
M1-CN045,761.2,0.3333333333333333,0.5773502691896258,3,0.33333333333333337
M1-CN045,761.4,0.3333333333333333,0.5773502691896258,3,0.33333333333333337
M1-CN045,761.6,0.3333333333333333,0.5773502691896258,3,0.33333333333333337
M1-CN045,761.8,0.3333333333333333,0.5773502691896258,3,0.33333333333333337
M1-CN045,762.0,0.3333333333333333,0.5773502691896258,3,0.33333333333333337
M1-CN045,762.2,0.3333333333333333,0.5773502691896258,3,0.33333333333333337
M1-CN045,762.4,0.3333333333333333,0.5773502691896258,3,0.33333333333333337
M1-CN045,762.6,0.3333333333333333,0.5773502691896258,3,0.33333333333333337
M1-CN045,762.8,0.3333333333333333,0.5773502691896258,3,0.33333333333333337
M1-CN045,763.0,0.3333333333333333,0.5773502691896258,3,0.33333333333333337
M1-CN045,763.2,0.3333333333333333,0.5773502691896258,3,0.33333333333333337
M1-CN045,763.4,0.3333333333333333,0.5773502691896258,3,0.33333333333333337
M1-CN045,763.6,0.3333333333333333,0.5773502691896258,3,0.33333333333333337
M1-CN045,763.8,0.3333333333333333,0.5773502691896258,3,0.33333333333333337
M1-CN045,764.0,0.2222222222222222,0.3849001794597505,3,0.22222222222222224
M1-CN045,764.2,0.2222222222222222,0.3849001794597505,3,0.22222222222222224
M1-CN045,764.4,0.2222222222222222,0.3849001794597505,3,0.22222222222222224
M1-CN045,764.6,0.3333333333333333,0.5773502691896258,3,0.33333333333333337
M1-CN045,764.8,0.3333333333333333,0.5773502691896258,3,0.33333333333333337
M1-CN045,765.0,0.3333333333333333,0.5773502691896258,3,0.33333333333333337
M1-CN045,765.2,0.3333333333333333,0.5773502691896258,3,0.33333333333333337
M1-CN045,765.4,0.3333333333333333,0.5773502691896258,3,0.33333333333333337
M1-CN045,765.6,0.3333333333333333,0.5773502691896258,3,0.33333333333333337
M1-CN045,765.8,0.3333333333333333,0.5773502691896258,3,0.33333333333333337
M1-CN045,766.0,0.3333333333333333,0.5773502691896258,3,0.33333333333333337
M1-CN045,766.2,0.3333333333333333,0.5773502691896258,3,0.33333333333333337
M1-CN045,766.4,0.3333333333333333,0.5773502691896258,3,0.33333333333333337
M1-CN045,766.6,0.3333333333333333,0.5773502691896258,3,0.33333333333333337
M1-CN045,766.8,0.3333333333333333,0.5773502691896258,3,0.33333333333333337
M1-CN045,767.0,0.3333333333333333,0.5773502691896258,3,0.33333333333333337
M1-CN045,767.2,0.3333333333333333,0.5773502691896258,3,0.33333333333333337
M1-CN045,767.4,0.3333333333333333,0.5773502691896258,3,0.33333333333333337
M1-CN045,767.6,0.3333333333333333,0.5773502691896258,3,0.33333333333333337
M1-CN045,767.8,0.3333333333333333,0.5773502691896258,3,0.33333333333333337
M1-CN045,768.0,0.3333333333333333,0.5773502691896258,3,0.33333333333333337
M1-CN045,768.2,0.3333333333333333,0.5773502691896258,3,0.33333333333333337
M1-CN045,768.4,0.3333333333333333,0.5773502691896258,3,0.33333333333333337
M1-CN045,768.6,0.3333333333333333,0.5773502691896258,3,0.33333333333333337
M1-CN045,768.8,0.3333333333333333,0.5773502691896258,3,0.33333333333333337
M1-CN045,769.0,0.3333333333333333,0.5773502691896258,3,0.33333333333333337
M1-CN045,769.2,0.3333333333333333,0.5773502691896258,3,0.33333333333333337
M1-CN045,769.4,0.3333333333333333,0.5773502691896258,3,0.33333333333333337
M1-CN045,769.6,0.3333333333333333,0.5773502691896258,3,0.33333333333333337
M1-CN045,769.8,0.3333333333333333,0.5773502691896258,3,0.33333333333333337
M1-CN045,770.0,0.3333333333333333,0.5773502691896258,3,0.33333333333333337
M1-CN045,770.2,0.3333333333333333,0.5773502691896258,3,0.33333333333333337
M1-CN045,770.4,0.2222222222222222,0.3849001794597505,3,0.22222222222222224
M1-CN045,770.6,0.2222222222222222,0.3849001794597505,3,0.22222222222222224
M1-CN045,770.8,0.2222222222222222,0.3849001794597505,3,0.22222222222222224
M1-CN045,771.0,0.3333333333333333,0.5773502691896258,3,0.33333333333333337
M1-CN045,771.2,0.3333333333333333,0.5773502691896258,3,0.33333333333333337
M1-CN045,771.4,0.3333333333333333,0.5773502691896258,3,0.33333333333333337
M1-CN045,771.6,0.3333333333333333,0.5773502691896258,3,0.33333333333333337
M1-CN045,771.8,0.3333333333333333,0.5773502691896258,3,0.33333333333333337
M1-CN045,772.0,0.3333333333333333,0.5773502691896258,3,0.33333333333333337
M1-CN045,772.2,0.2222222222222222,0.3849001794597505,3,0.22222222222222224
M1-CN045,772.4,0.2222222222222222,0.3849001794597505,3,0.22222222222222224
M1-CN045,772.6,0.2222222222222222,0.3849001794597505,3,0.22222222222222224
M1-CN045,772.8,0.3333333333333333,0.5773502691896258,3,0.33333333333333337
M1-CN045,773.0,0.3333333333333333,0.5773502691896258,3,0.33333333333333337
M1-CN045,773.2,0.3333333333333333,0.5773502691896258,3,0.33333333333333337
M1-CN045,773.4,0.3333333333333333,0.5773502691896258,3,0.33333333333333337
M1-CN045,773.6,0.2222222222222222,0.3849001794597505,3,0.22222222222222224
M1-CN045,773.8,0.2222222222222222,0.3849001794597505,3,0.22222222222222224
M1-CN045,774.0,0.2222222222222222,0.3849001794597505,3,0.22222222222222224
M1-CN045,774.2,0.3333333333333333,0.5773502691896258,3,0.33333333333333337
M1-CN045,774.4,0.3333333333333333,0.5773502691896258,3,0.33333333333333337
M1-CN045,774.6,0.3333333333333333,0.5773502691896258,3,0.33333333333333337
M1-CN045,774.8,0.2222222222222222,0.3849001794597505,3,0.22222222222222224
M1-CN045,775.0,0.2222222222222222,0.3849001794597505,3,0.22222222222222224
M1-CN045,775.2,0.1111111111111111,0.19245008972987526,3,0.11111111111111112
M1-CN045,775.4,0.2222222222222222,0.3849001794597505,3,0.22222222222222224
M1-CN045,775.6,0.2222222222222222,0.3849001794597505,3,0.22222222222222224
M1-CN045,775.8,0.2222222222222222,0.3849001794597505,3,0.22222222222222224
M1-CN045,776.0,0.2222222222222222,0.3849001794597505,3,0.22222222222222224
M1-CN045,776.2,0.2222222222222222,0.3849001794597505,3,0.22222222222222224
M1-CN045,776.4,0.3333333333333333,0.5773502691896258,3,0.33333333333333337
M1-CN045,776.6,0.3333333333333333,0.5773502691896258,3,0.33333333333333337
M1-CN045,776.8,0.3333333333333333,0.5773502691896258,3,0.33333333333333337
M1-CN045,777.0,0.3333333333333333,0.5773502691896258,3,0.33333333333333337
M1-CN045,777.2,0.2222222222222222,0.3849001794597505,3,0.22222222222222224
M1-CN045,777.4,0.1111111111111111,0.19245008972987526,3,0.11111111111111112
M1-CN045,777.6,0.1111111111111111,0.19245008972987526,3,0.11111111111111112
M1-CN045,777.8,0.1111111111111111,0.19245008972987526,3,0.11111111111111112
M1-CN045,778.0,0.2222222222222222,0.3849001794597505,3,0.22222222222222224
M1-CN045,778.2,0.2222222222222222,0.3849001794597505,3,0.22222222222222224
M1-CN045,778.4,0.3333333333333333,0.5773502691896258,3,0.33333333333333337
M1-CN045,778.6,0.3333333333333333,0.5773502691896258,3,0.33333333333333337
M1-CN045,778.8,0.3333333333333333,0.5773502691896258,3,0.33333333333333337
M1-CN045,779.0,0.2222222222222222,0.3849001794597505,3,0.22222222222222224
M1-CN045,779.2,0.2222222222222222,0.3849001794597505,3,0.22222222222222224
M1-CN045,779.4,0.2222222222222222,0.3849001794597505,3,0.22222222222222224
M1-CN045,779.6,0.3333333333333333,0.5773502691896258,3,0.33333333333333337
M1-CN045,779.8,0.3333333333333333,0.5773502691896258,3,0.33333333333333337
M1-CN045,780.0,0.3333333333333333,0.5773502691896258,3,0.33333333333333337
M1-CN045,780.2,0.3333333333333333,0.5773502691896258,3,0.33333333333333337
M1-CN045,780.4,0.3333333333333333,0.5773502691896258,3,0.33333333333333337
M1-CN045,780.6,0.3333333333333333,0.5773502691896258,3,0.33333333333333337
M1-CN045,780.8,0.3333333333333333,0.5773502691896258,3,0.33333333333333337
M1-CN045,781.0,0.2222222222222222,0.3849001794597505,3,0.22222222222222224
M1-CN045,781.2,0.2222222222222222,0.3849001794597505,3,0.22222222222222224
M1-CN045,781.4,0.1111111111111111,0.19245008972987526,3,0.11111111111111112
M1-CN045,781.6,0.2222222222222222,0.3849001794597505,3,0.22222222222222224
M1-CN045,781.8,0.2222222222222222,0.3849001794597505,3,0.22222222222222224
M1-CN045,782.0,0.3333333333333333,0.5773502691896258,3,0.33333333333333337
M1-CN045,782.2,0.2222222222222222,0.3849001794597505,3,0.22222222222222224
M1-CN045,782.4,0.2222222222222222,0.3849001794597505,3,0.22222222222222224
M1-CN045,782.6,0.1111111111111111,0.19245008972987526,3,0.11111111111111112
M1-CN045,782.8,0.1111111111111111,0.19245008972987526,3,0.11111111111111112
M1-CN045,783.0,0.1111111111111111,0.19245008972987526,3,0.11111111111111112
M1-CN045,783.2,0.2222222222222222,0.3849001794597505,3,0.22222222222222224
M1-CN045,783.4,0.3333333333333333,0.5773502691896258,3,0.33333333333333337
M1-CN045,783.6,0.3333333333333333,0.5773502691896258,3,0.33333333333333337
M1-CN045,783.8,0.3333333333333333,0.5773502691896258,3,0.33333333333333337
M1-CN045,784.0,0.3333333333333333,0.5773502691896258,3,0.33333333333333337
M1-CN045,784.2,0.3333333333333333,0.5773502691896258,3,0.33333333333333337
M1-CN045,784.4,0.3333333333333333,0.5773502691896258,3,0.33333333333333337
M1-CN045,784.6,0.3333333333333333,0.5773502691896258,3,0.33333333333333337
M1-CN045,784.8,0.3333333333333333,0.5773502691896258,3,0.33333333333333337
M1-CN045,785.0,0.2222222222222222,0.3849001794597505,3,0.22222222222222224
M1-CN045,785.2,0.2222222222222222,0.3849001794597505,3,0.22222222222222224
M1-CN045,785.4,0.2222222222222222,0.3849001794597505,3,0.22222222222222224
M1-CN045,785.6,0.3333333333333333,0.5773502691896258,3,0.33333333333333337
M1-CN045,785.8,0.3333333333333333,0.5773502691896258,3,0.33333333333333337
M1-CN045,786.0,0.3333333333333333,0.5773502691896258,3,0.33333333333333337
M1-CN045,786.2,0.3333333333333333,0.5773502691896258,3,0.33333333333333337
M1-CN045,786.4,0.3333333333333333,0.5773502691896258,3,0.33333333333333337
M1-CN045,786.6,0.3333333333333333,0.5773502691896258,3,0.33333333333333337
M1-CN045,786.8,0.3333333333333333,0.5773502691896258,3,0.33333333333333337
M1-CN045,787.0,0.3333333333333333,0.5773502691896258,3,0.33333333333333337
M1-CN045,787.2,0.2222222222222222,0.3849001794597505,3,0.22222222222222224
M1-CN045,787.4,0.2222222222222222,0.3849001794597505,3,0.22222222222222224
M1-CN045,787.6,0.2222222222222222,0.3849001794597505,3,0.22222222222222224
M1-CN045,787.8,0.3333333333333333,0.5773502691896258,3,0.33333333333333337
M1-CN045,788.0,0.3333333333333333,0.5773502691896258,3,0.33333333333333337
M1-CN045,788.2,0.3333333333333333,0.5773502691896258,3,0.33333333333333337
M1-CN045,788.4,0.3333333333333333,0.5773502691896258,3,0.33333333333333337
M1-CN045,788.6,0.2222222222222222,0.3849001794597505,3,0.22222222222222224
M1-CN045,788.8,0.1111111111111111,0.19245008972987526,3,0.11111111111111112
M1-CN045,789.0,0.1111111111111111,0.19245008972987526,3,0.11111111111111112
M1-CN045,789.2,0.2222222222222222,0.3849001794597505,3,0.22222222222222224
M1-CN045,789.4,0.2222222222222222,0.3849001794597505,3,0.22222222222222224
M1-CN045,789.6,0.2222222222222222,0.3849001794597505,3,0.22222222222222224
M1-CN045,789.8,0.2222222222222222,0.3849001794597505,3,0.22222222222222224
M1-CN045,790.0,0.3333333333333333,0.5773502691896258,3,0.33333333333333337
M1-CN045,790.2,0.3333333333333333,0.5773502691896258,3,0.33333333333333337
M1-CN045,790.4,0.3333333333333333,0.5773502691896258,3,0.33333333333333337
M1-CN045,790.6,0.3333333333333333,0.5773502691896258,3,0.33333333333333337
M1-CN045,790.8,0.3333333333333333,0.5773502691896258,3,0.33333333333333337
M1-CN045,791.0,0.2222222222222222,0.3849001794597505,3,0.22222222222222224
M1-CN045,791.2,0.2222222222222222,0.3849001794597505,3,0.22222222222222224
M1-CN045,791.4,0.2222222222222222,0.3849001794597505,3,0.22222222222222224
M1-CN045,791.6,0.3333333333333333,0.5773502691896258,3,0.33333333333333337
M1-CN045,791.8,0.3333333333333333,0.5773502691896258,3,0.33333333333333337
M1-CN045,792.0,0.3333333333333333,0.5773502691896258,3,0.33333333333333337
M1-CN045,792.2,0.3333333333333333,0.5773502691896258,3,0.33333333333333337
M1-CN045,792.4,0.3333333333333333,0.5773502691896258,3,0.33333333333333337
M1-CN045,792.6,0.3333333333333333,0.5773502691896258,3,0.33333333333333337
M1-CN045,792.8,0.3333333333333333,0.5773502691896258,3,0.33333333333333337
M1-CN045,793.0,0.3333333333333333,0.5773502691896258,3,0.33333333333333337
M1-CN045,793.2,0.2222222222222222,0.3849001794597505,3,0.22222222222222224
M1-CN045,793.4,0.2222222222222222,0.3849001794597505,3,0.22222222222222224
M1-CN045,793.6,0.1111111111111111,0.19245008972987526,3,0.11111111111111112
M1-CN045,793.8,0.2222222222222222,0.3849001794597505,3,0.22222222222222224
M1-CN045,794.0,0.2222222222222222,0.3849001794597505,3,0.22222222222222224
M1-CN045,794.2,0.3333333333333333,0.5773502691896258,3,0.33333333333333337
M1-CN045,794.4,0.2222222222222222,0.3849001794597505,3,0.22222222222222224
M1-CN045,794.6,0.2222222222222222,0.3849001794597505,3,0.22222222222222224
M1-CN045,794.8,0.2222222222222222,0.3849001794597505,3,0.22222222222222224
M1-CN045,795.0,0.3333333333333333,0.5773502691896258,3,0.33333333333333337
M1-CN045,795.2,0.3333333333333333,0.5773502691896258,3,0.33333333333333337
M1-CN045,795.4,0.3333333333333333,0.5773502691896258,3,0.33333333333333337
M1-CN045,795.6,0.2222222222222222,0.3849001794597505,3,0.22222222222222224
M1-CN045,795.8,0.2222222222222222,0.3849001794597505,3,0.22222222222222224
M1-CN045,796.0,0.2222222222222222,0.3849001794597505,3,0.22222222222222224
M1-CN045,796.2,0.3333333333333333,0.5773502691896258,3,0.33333333333333337
M1-CN045,796.4,0.3333333333333333,0.5773502691896258,3,0.33333333333333337
M1-CN045,796.6,0.3333333333333333,0.5773502691896258,3,0.33333333333333337
M1-CN045,796.8,0.3333333333333333,0.5773502691896258,3,0.33333333333333337
M1-CN045,797.0,0.3333333333333333,0.5773502691896258,3,0.33333333333333337
M1-CN045,797.2,0.3333333333333333,0.5773502691896258,3,0.33333333333333337
M1-CN045,797.4,0.3333333333333333,0.5773502691896258,3,0.33333333333333337
M1-CN045,797.6,0.3333333333333333,0.5773502691896258,3,0.33333333333333337
M1-CN045,797.8,0.3333333333333333,0.5773502691896258,3,0.33333333333333337
M1-CN045,798.0,0.3333333333333333,0.5773502691896258,3,0.33333333333333337
M1-CN045,798.2,0.3333333333333333,0.5773502691896258,3,0.33333333333333337
M1-CN045,798.4,0.3333333333333333,0.5773502691896258,3,0.33333333333333337
M1-CN045,798.6,0.3333333333333333,0.5773502691896258,3,0.33333333333333337
M1-CN045,798.8,0.3333333333333333,0.5773502691896258,3,0.33333333333333337
M1-CN045,799.0,0.3333333333333333,0.5773502691896258,3,0.33333333333333337
M1-CN045,799.2,0.3333333333333333,0.5773502691896258,3,0.33333333333333337
M1-CN045,799.4,0.3333333333333333,0.5773502691896258,3,0.33333333333333337
M1-CN045,799.6,0.3333333333333333,0.5773502691896258,3,0.33333333333333337
M1-CN045,799.8,0.3333333333333333,0.5773502691896258,3,0.33333333333333337
M1-CN045,800.0,0.3333333333333333,0.5773502691896258,3,0.33333333333333337
M1-CN045,800.2,0.3333333333333333,0.5773502691896258,3,0.33333333333333337
M1-CN045,800.4,0.3333333333333333,0.5773502691896258,3,0.33333333333333337
M1-CN045,800.6,0.3333333333333333,0.5773502691896258,3,0.33333333333333337
M1-CN045,800.8,0.3333333333333333,0.5773502691896258,3,0.33333333333333337
M1-CN045,801.0,0.3333333333333333,0.5773502691896258,3,0.33333333333333337
M1-CN045,801.2,0.3333333333333333,0.5773502691896258,3,0.33333333333333337
M1-CN045,801.4,0.3333333333333333,0.5773502691896258,3,0.33333333333333337
M1-CN045,801.6,0.3333333333333333,0.5773502691896258,3,0.33333333333333337
M1-CN045,801.8,0.3333333333333333,0.5773502691896258,3,0.33333333333333337
M1-CN045,802.0,0.3333333333333333,0.5773502691896258,3,0.33333333333333337
M1-CN045,802.2,0.3333333333333333,0.5773502691896258,3,0.33333333333333337
M1-CN045,802.4,0.3333333333333333,0.5773502691896258,3,0.33333333333333337
M1-CN045,802.6,0.3333333333333333,0.5773502691896258,3,0.33333333333333337
M1-CN045,802.8,0.3333333333333333,0.5773502691896258,3,0.33333333333333337
M1-CN045,803.0,0.3333333333333333,0.5773502691896258,3,0.33333333333333337
M1-CN045,803.2,0.3333333333333333,0.5773502691896258,3,0.33333333333333337
M1-CN045,803.4,0.3333333333333333,0.5773502691896258,3,0.33333333333333337
M1-CN045,803.6,0.3333333333333333,0.5773502691896258,3,0.33333333333333337
M1-CN045,803.8,0.2222222222222222,0.3849001794597505,3,0.22222222222222224
M1-CN045,804.0,0.1111111111111111,0.19245008972987526,3,0.11111111111111112
M1-CN045,804.2,0.1111111111111111,0.19245008972987526,3,0.11111111111111112
M1-CN045,804.4,0.2222222222222222,0.3849001794597505,3,0.22222222222222224
M1-CN045,804.6,0.3333333333333333,0.5773502691896258,3,0.33333333333333337
M1-CN045,804.8,0.3333333333333333,0.5773502691896258,3,0.33333333333333337
M1-CN045,805.0,0.3333333333333333,0.5773502691896258,3,0.33333333333333337
M1-CN045,805.2,0.2222222222222222,0.3849001794597505,3,0.22222222222222224
M1-CN045,805.4,0.2222222222222222,0.3849001794597505,3,0.22222222222222224
M1-CN045,805.6,0.2222222222222222,0.3849001794597505,3,0.22222222222222224
M1-CN045,805.8,0.3333333333333333,0.5773502691896258,3,0.33333333333333337
M1-CN045,806.0,0.3333333333333333,0.5773502691896258,3,0.33333333333333337
M1-CN045,806.2,0.3333333333333333,0.5773502691896258,3,0.33333333333333337
M1-CN045,806.4,0.3333333333333333,0.5773502691896258,3,0.33333333333333337
M1-CN045,806.6,0.3333333333333333,0.5773502691896258,3,0.33333333333333337
M1-CN045,806.8,0.2222222222222222,0.3849001794597505,3,0.22222222222222224
M1-CN045,807.0,0.2222222222222222,0.3849001794597505,3,0.22222222222222224
M1-CN045,807.2,0.2222222222222222,0.3849001794597505,3,0.22222222222222224
M1-CN045,807.4,0.3333333333333333,0.5773502691896258,3,0.33333333333333337
M1-CN045,807.6,0.3333333333333333,0.5773502691896258,3,0.33333333333333337
M1-CN045,807.8,0.3333333333333333,0.5773502691896258,3,0.33333333333333337
M1-CN045,808.0,0.3333333333333333,0.5773502691896258,3,0.33333333333333337
M1-CN045,808.2,0.3333333333333333,0.5773502691896258,3,0.33333333333333337
M1-CN045,808.4,0.3333333333333333,0.5773502691896258,3,0.33333333333333337
M1-CN045,808.6,0.3333333333333333,0.5773502691896258,3,0.33333333333333337
M1-CN045,808.8,0.3333333333333333,0.5773502691896258,3,0.33333333333333337
M1-CN045,809.0,0.3333333333333333,0.5773502691896258,3,0.33333333333333337
M1-CN045,809.2,0.3333333333333333,0.5773502691896258,3,0.33333333333333337
M1-CN045,809.4,0.3333333333333333,0.5773502691896258,3,0.33333333333333337
M1-CN045,809.6,0.3333333333333333,0.5773502691896258,3,0.33333333333333337
M1-CN045,809.8,0.3333333333333333,0.5773502691896258,3,0.33333333333333337
M1-CN045,810.0,0.2222222222222222,0.3849001794597505,3,0.22222222222222224
M1-CN045,810.2,0.2222222222222222,0.3849001794597505,3,0.22222222222222224
M1-CN045,810.4,0.2222222222222222,0.3849001794597505,3,0.22222222222222224
M1-CN045,810.6,0.3333333333333333,0.5773502691896258,3,0.33333333333333337
M1-CN045,810.8,0.3333333333333333,0.5773502691896258,3,0.33333333333333337
M1-CN045,811.0,0.3333333333333333,0.5773502691896258,3,0.33333333333333337
M1-CN045,811.2,0.3333333333333333,0.5773502691896258,3,0.33333333333333337
M1-CN045,811.4,0.2222222222222222,0.3849001794597505,3,0.22222222222222224
M1-CN045,811.6,0.2222222222222222,0.3849001794597505,3,0.22222222222222224
M1-CN045,811.8,0.2222222222222222,0.3849001794597505,3,0.22222222222222224
M1-CN045,812.0,0.3333333333333333,0.5773502691896258,3,0.33333333333333337
M1-CN045,812.2,0.3333333333333333,0.5773502691896258,3,0.33333333333333337
M1-CN045,812.4,0.3333333333333333,0.5773502691896258,3,0.33333333333333337
M1-CN045,812.6,0.3333333333333333,0.5773502691896258,3,0.33333333333333337
M1-CN045,812.8,0.3333333333333333,0.5773502691896258,3,0.33333333333333337
M1-CN045,813.0,0.3333333333333333,0.5773502691896258,3,0.33333333333333337
M1-CN045,813.2,0.3333333333333333,0.5773502691896258,3,0.33333333333333337
M1-CN045,813.4,0.3333333333333333,0.5773502691896258,3,0.33333333333333337
M1-CN045,813.6,0.2222222222222222,0.3849001794597505,3,0.22222222222222224
M1-CN045,813.8,0.2222222222222222,0.3849001794597505,3,0.22222222222222224
M1-CN045,814.0,0.2222222222222222,0.3849001794597505,3,0.22222222222222224
M1-CN045,814.2,0.3333333333333333,0.5773502691896258,3,0.33333333333333337
M1-CN045,814.4,0.3333333333333333,0.5773502691896258,3,0.33333333333333337
M1-CN045,814.6,0.3333333333333333,0.5773502691896258,3,0.33333333333333337
M1-CN045,814.8,0.2222222222222222,0.3849001794597505,3,0.22222222222222224
M1-CN045,815.0,0.2222222222222222,0.3849001794597505,3,0.22222222222222224
M1-CN045,815.2,0.1111111111111111,0.19245008972987526,3,0.11111111111111112
M1-CN045,815.4,0.1111111111111111,0.19245008972987526,3,0.11111111111111112
M1-CN045,815.6,0.1111111111111111,0.19245008972987526,3,0.11111111111111112
M1-CN045,815.8,0.2222222222222222,0.3849001794597505,3,0.22222222222222224
M1-CN045,816.0,0.3333333333333333,0.5773502691896258,3,0.33333333333333337
M1-CN045,816.2,0.3333333333333333,0.5773502691896258,3,0.33333333333333337
M1-CN045,816.4,0.2222222222222222,0.3849001794597505,3,0.22222222222222224
M1-CN045,816.6,0.2222222222222222,0.3849001794597505,3,0.22222222222222224
M1-CN045,816.8,0.1111111111111111,0.19245008972987526,3,0.11111111111111112
M1-CN045,817.0,0.2222222222222222,0.3849001794597505,3,0.22222222222222224
M1-CN045,817.2,0.2222222222222222,0.3849001794597505,3,0.22222222222222224
M1-CN045,817.4,0.3333333333333333,0.5773502691896258,3,0.33333333333333337
M1-CN045,817.6,0.3333333333333333,0.5773502691896258,3,0.33333333333333337
M1-CN045,817.8,0.3333333333333333,0.5773502691896258,3,0.33333333333333337
M1-CN045,818.0,0.3333333333333333,0.5773502691896258,3,0.33333333333333337
M1-CN045,818.2,0.3333333333333333,0.5773502691896258,3,0.33333333333333337
M1-CN045,818.4,0.3333333333333333,0.5773502691896258,3,0.33333333333333337
M1-CN045,818.6,0.3333333333333333,0.5773502691896258,3,0.33333333333333337
M1-CN045,818.8,0.3333333333333333,0.5773502691896258,3,0.33333333333333337
M1-CN045,819.0,0.3333333333333333,0.5773502691896258,3,0.33333333333333337
M1-CN045,819.2,0.3333333333333333,0.5773502691896258,3,0.33333333333333337
M1-CN045,819.4,0.3333333333333333,0.5773502691896258,3,0.33333333333333337
M1-CN045,819.6,0.3333333333333333,0.5773502691896258,3,0.33333333333333337
M1-CN045,819.8,0.3333333333333333,0.5773502691896258,3,0.33333333333333337
M1-CN045,820.0,0.2222222222222222,0.3849001794597505,3,0.22222222222222224
M1-CN045,820.2,0.2222222222222222,0.3849001794597505,3,0.22222222222222224
M1-CN045,820.4,0.2222222222222222,0.3849001794597505,3,0.22222222222222224
M1-CN045,820.6,0.2222222222222222,0.3849001794597505,3,0.22222222222222224
M1-CN045,820.8,0.2222222222222222,0.3849001794597505,3,0.22222222222222224
M1-CN045,821.0,0.2222222222222222,0.3849001794597505,3,0.22222222222222224
M1-CN045,821.2,0.3333333333333333,0.5773502691896258,3,0.33333333333333337
M1-CN045,821.4,0.2222222222222222,0.3849001794597505,3,0.22222222222222224
M1-CN045,821.6,0.1111111111111111,0.19245008972987526,3,0.11111111111111112
M1-CN045,821.8,0.1111111111111111,0.19245008972987526,3,0.11111111111111112
M1-CN045,822.0,0.2222222222222222,0.3849001794597505,3,0.22222222222222224
M1-CN045,822.2,0.2222222222222222,0.3849001794597505,3,0.22222222222222224
M1-CN045,822.4,0.2222222222222222,0.3849001794597505,3,0.22222222222222224
M1-CN045,822.6,0.2222222222222222,0.3849001794597505,3,0.22222222222222224
M1-CN045,822.8,0.3333333333333333,0.5773502691896258,3,0.33333333333333337
M1-CN045,823.0,0.2222222222222222,0.3849001794597505,3,0.22222222222222224
M1-CN045,823.2,0.2222222222222222,0.3849001794597505,3,0.22222222222222224
M1-CN045,823.4,0.2222222222222222,0.3849001794597505,3,0.22222222222222224
M1-CN045,823.6,0.2222222222222222,0.3849001794597505,3,0.22222222222222224
M1-CN045,823.8,0.2222222222222222,0.3849001794597505,3,0.22222222222222224
M1-CN045,824.0,0.1111111111111111,0.19245008972987526,3,0.11111111111111112
M1-CN045,824.2,0.2222222222222222,0.3849001794597505,3,0.22222222222222224
M1-CN045,824.4,0.2222222222222222,0.3849001794597505,3,0.22222222222222224
M1-CN045,824.6,0.3333333333333333,0.5773502691896258,3,0.33333333333333337
M1-CN045,824.8,0.2222222222222222,0.3849001794597505,3,0.22222222222222224
M1-CN045,825.0,0.2222222222222222,0.3849001794597505,3,0.22222222222222224
M1-CN045,825.2,0.2222222222222222,0.3849001794597505,3,0.22222222222222224
M1-CN045,825.4,0.2222222222222222,0.3849001794597505,3,0.22222222222222224
M1-CN045,825.6,0.2222222222222222,0.3849001794597505,3,0.22222222222222224
M1-CN045,825.8,0.2222222222222222,0.3849001794597505,3,0.22222222222222224
M1-CN045,826.0,0.3333333333333333,0.5773502691896258,3,0.33333333333333337
M1-CN045,826.2,0.3333333333333333,0.5773502691896258,3,0.33333333333333337
M1-CN045,826.4,0.2222222222222222,0.3849001794597505,3,0.22222222222222224
M1-CN045,826.6,0.2222222222222222,0.3849001794597505,3,0.22222222222222224
M1-CN045,826.8,0.2222222222222222,0.3849001794597505,3,0.22222222222222224
M1-CN045,827.0,0.2222222222222222,0.3849001794597505,3,0.22222222222222224
M1-CN045,827.2,0.2222222222222222,0.3849001794597505,3,0.22222222222222224
M1-CN045,827.4,0.2222222222222222,0.3849001794597505,3,0.22222222222222224
M1-CN045,827.6,0.2222222222222222,0.3849001794597505,3,0.22222222222222224
M1-CN045,827.8,0.2222222222222222,0.3849001794597505,3,0.22222222222222224
M1-CN045,828.0,0.2222222222222222,0.3849001794597505,3,0.22222222222222224
M1-CN045,828.2,0.3333333333333333,0.5773502691896258,3,0.33333333333333337
M1-CN045,828.4,0.3333333333333333,0.5773502691896258,3,0.33333333333333337
M1-CN045,828.6,0.3333333333333333,0.5773502691896258,3,0.33333333333333337
M1-CN045,828.8,0.3333333333333333,0.5773502691896258,3,0.33333333333333337
M1-CN045,829.0,0.3333333333333333,0.5773502691896258,3,0.33333333333333337
M1-CN045,829.2,0.3333333333333333,0.5773502691896258,3,0.33333333333333337
M1-CN045,829.4,0.3333333333333333,0.5773502691896258,3,0.33333333333333337
M1-CN045,829.6,0.3333333333333333,0.5773502691896258,3,0.33333333333333337
M1-CN045,829.8,0.3333333333333333,0.5773502691896258,3,0.33333333333333337
M1-CN045,830.0,0.3333333333333333,0.5773502691896258,3,0.33333333333333337
M1-CN045,830.2,0.3333333333333333,0.5773502691896258,3,0.33333333333333337
M1-CN045,830.4,0.3333333333333333,0.5773502691896258,3,0.33333333333333337
M1-CN045,830.6,0.3333333333333333,0.5773502691896258,3,0.33333333333333337
M1-CN045,830.8,0.3333333333333333,0.5773502691896258,3,0.33333333333333337
M1-CN045,831.0,0.2222222222222222,0.3849001794597505,3,0.22222222222222224
M1-CN045,831.2,0.2222222222222222,0.3849001794597505,3,0.22222222222222224
M1-CN045,831.4,0.1111111111111111,0.19245008972987526,3,0.11111111111111112
M1-CN045,831.6,0.2222222222222222,0.3849001794597505,3,0.22222222222222224
M1-CN045,831.8,0.2222222222222222,0.3849001794597505,3,0.22222222222222224
M1-CN045,832.0,0.3333333333333333,0.5773502691896258,3,0.33333333333333337
M1-CN045,832.2,0.3333333333333333,0.5773502691896258,3,0.33333333333333337
M1-CN045,832.4,0.3333333333333333,0.5773502691896258,3,0.33333333333333337
M1-CN045,832.6,0.3333333333333333,0.5773502691896258,3,0.33333333333333337
M1-CN045,832.8,0.2222222222222222,0.3849001794597505,3,0.22222222222222224
M1-CN045,833.0,0.2222222222222222,0.3849001794597505,3,0.22222222222222224
M1-CN045,833.2,0.2222222222222222,0.3849001794597505,3,0.22222222222222224
M1-CN045,833.4,0.3333333333333333,0.5773502691896258,3,0.33333333333333337
M1-CN045,833.6,0.2222222222222222,0.3849001794597505,3,0.22222222222222224
M1-CN045,833.8,0.2222222222222222,0.3849001794597505,3,0.22222222222222224
M1-CN045,834.0,0.2222222222222222,0.3849001794597505,3,0.22222222222222224
M1-CN045,834.2,0.3333333333333333,0.5773502691896258,3,0.33333333333333337
M1-CN045,834.4,0.2222222222222222,0.3849001794597505,3,0.22222222222222224
M1-CN045,834.6,0.2222222222222222,0.3849001794597505,3,0.22222222222222224
M1-CN045,834.8,0.2222222222222222,0.3849001794597505,3,0.22222222222222224
M1-CN045,835.0,0.3333333333333333,0.5773502691896258,3,0.33333333333333337
M1-CN045,835.2,0.3333333333333333,0.5773502691896258,3,0.33333333333333337
M1-CN045,835.4,0.2222222222222222,0.3849001794597505,3,0.22222222222222224
M1-CN045,835.6,0.2222222222222222,0.3849001794597505,3,0.22222222222222224
M1-CN045,835.8,0.2222222222222222,0.3849001794597505,3,0.22222222222222224
M1-CN045,836.0,0.3333333333333333,0.5773502691896258,3,0.33333333333333337
M1-CN045,836.2,0.3333333333333333,0.5773502691896258,3,0.33333333333333337
M1-CN045,836.4,0.3333333333333333,0.5773502691896258,3,0.33333333333333337
M1-CN045,836.6,0.2222222222222222,0.3849001794597505,3,0.22222222222222224
M1-CN045,836.8,0.2222222222222222,0.3849001794597505,3,0.22222222222222224
M1-CN045,837.0,0.2222222222222222,0.3849001794597505,3,0.22222222222222224
M1-CN045,837.2,0.2222222222222222,0.3849001794597505,3,0.22222222222222224
M1-CN045,837.4,0.2222222222222222,0.3849001794597505,3,0.22222222222222224
M1-CN045,837.6,0.1111111111111111,0.19245008972987526,3,0.11111111111111112
M1-CN045,837.8,0.2222222222222222,0.3849001794597505,3,0.22222222222222224
M1-CN045,838.0,0.2222222222222222,0.3849001794597505,3,0.22222222222222224
M1-CN045,838.2,0.2222222222222222,0.3849001794597505,3,0.22222222222222224
M1-CN045,838.4,0.2222222222222222,0.3849001794597505,3,0.22222222222222224
M1-CN045,838.6,0.2222222222222222,0.3849001794597505,3,0.22222222222222224
M1-CN045,838.8,0.3333333333333333,0.5773502691896258,3,0.33333333333333337
M1-CN045,839.0,0.3333333333333333,0.5773502691896258,3,0.33333333333333337
M1-CN045,839.2,0.3333333333333333,0.5773502691896258,3,0.33333333333333337
M1-CN045,839.4,0.3333333333333333,0.5773502691896258,3,0.33333333333333337
M1-CN045,839.6,0.3333333333333333,0.5773502691896258,3,0.33333333333333337
M1-CN045,839.8,0.3333333333333333,0.5773502691896258,3,0.33333333333333337
M1-CN045,840.0,0.3333333333333333,0.5773502691896258,3,0.33333333333333337
M1-CN045,840.2,0.3333333333333333,0.5773502691896258,3,0.33333333333333337
M1-CN045,840.4,0.2222222222222222,0.3849001794597505,3,0.22222222222222224
M1-CN045,840.6,0.1111111111111111,0.19245008972987526,3,0.11111111111111112
M1-CN045,840.8,0.1111111111111111,0.19245008972987526,3,0.11111111111111112
M1-CN045,841.0,0.2222222222222222,0.3849001794597505,3,0.22222222222222224
M1-CN045,841.2,0.3333333333333333,0.5773502691896258,3,0.33333333333333337
M1-CN045,841.4,0.3333333333333333,0.5773502691896258,3,0.33333333333333337
M1-CN045,841.6,0.3333333333333333,0.5773502691896258,3,0.33333333333333337
M1-CN045,841.8,0.3333333333333333,0.5773502691896258,3,0.33333333333333337
M1-CN045,842.0,0.3333333333333333,0.5773502691896258,3,0.33333333333333337
M1-CN045,842.2,0.3333333333333333,0.5773502691896258,3,0.33333333333333337
M1-CN045,842.4,0.3333333333333333,0.5773502691896258,3,0.33333333333333337
M1-CN045,842.6,0.3333333333333333,0.5773502691896258,3,0.33333333333333337
M1-CN045,842.8,0.3333333333333333,0.5773502691896258,3,0.33333333333333337
M1-CN045,843.0,0.3333333333333333,0.5773502691896258,3,0.33333333333333337
M1-CN045,843.2,0.3333333333333333,0.5773502691896258,3,0.33333333333333337
M1-CN045,843.4,0.3333333333333333,0.5773502691896258,3,0.33333333333333337
M1-CN045,843.6,0.3333333333333333,0.5773502691896258,3,0.33333333333333337
M1-CN045,843.8,0.3333333333333333,0.5773502691896258,3,0.33333333333333337
M1-CN045,844.0,0.3333333333333333,0.5773502691896258,3,0.33333333333333337
M1-CN045,844.2,0.3333333333333333,0.5773502691896258,3,0.33333333333333337
M1-CN045,844.4,0.3333333333333333,0.5773502691896258,3,0.33333333333333337
M1-CN045,844.6,0.3333333333333333,0.5773502691896258,3,0.33333333333333337
M1-CN045,844.8,0.3333333333333333,0.5773502691896258,3,0.33333333333333337
M1-CN045,845.0,0.3333333333333333,0.5773502691896258,3,0.33333333333333337
M1-CN045,845.2,0.3333333333333333,0.5773502691896258,3,0.33333333333333337
M1-CN045,845.4,0.3333333333333333,0.5773502691896258,3,0.33333333333333337
M1-CN045,845.6,0.3333333333333333,0.5773502691896258,3,0.33333333333333337
M1-CN045,845.8,0.3333333333333333,0.5773502691896258,3,0.33333333333333337
M1-CN045,846.0,0.3333333333333333,0.5773502691896258,3,0.33333333333333337
M1-CN045,846.2,0.2222222222222222,0.3849001794597505,3,0.22222222222222224
M1-CN045,846.4,0.2222222222222222,0.3849001794597505,3,0.22222222222222224
M1-CN045,846.6,0.2222222222222222,0.3849001794597505,3,0.22222222222222224
M1-CN045,846.8,0.3333333333333333,0.5773502691896258,3,0.33333333333333337
M1-CN045,847.0,0.2222222222222222,0.3849001794597505,3,0.22222222222222224
M1-CN045,847.2,0.2222222222222222,0.3849001794597505,3,0.22222222222222224
M1-CN045,847.4,0.2222222222222222,0.3849001794597505,3,0.22222222222222224
M1-CN045,847.6,0.2222222222222222,0.3849001794597505,3,0.22222222222222224
M1-CN045,847.8,0.2222222222222222,0.3849001794597505,3,0.22222222222222224
M1-CN045,848.0,0.2222222222222222,0.3849001794597505,3,0.22222222222222224
M1-CN045,848.2,0.3333333333333333,0.5773502691896258,3,0.33333333333333337
M1-CN045,848.4,0.3333333333333333,0.5773502691896258,3,0.33333333333333337
M1-CN045,848.6,0.3333333333333333,0.5773502691896258,3,0.33333333333333337
M1-CN045,848.8,0.2222222222222222,0.3849001794597505,3,0.22222222222222224
M1-CN045,849.0,0.2222222222222222,0.3849001794597505,3,0.22222222222222224
M1-CN045,849.2,0.2222222222222222,0.3849001794597505,3,0.22222222222222224
M1-CN045,849.4,0.3333333333333333,0.5773502691896258,3,0.33333333333333337
M1-CN045,849.6,0.3333333333333333,0.5773502691896258,3,0.33333333333333337
M1-CN045,849.8,0.3333333333333333,0.5773502691896258,3,0.33333333333333337
M1-CN045,850.0,0.2222222222222222,0.3849001794597505,3,0.22222222222222224
M1-CN045,850.2,0.2222222222222222,0.3849001794597505,3,0.22222222222222224
M1-CN045,850.4,0.2222222222222222,0.3849001794597505,3,0.22222222222222224
M1-CN045,850.6,0.2222222222222222,0.3849001794597505,3,0.22222222222222224
M1-CN045,850.8,0.2222222222222222,0.3849001794597505,3,0.22222222222222224
M1-CN045,851.0,0.2222222222222222,0.3849001794597505,3,0.22222222222222224
M1-CN045,851.2,0.3333333333333333,0.5773502691896258,3,0.33333333333333337
M1-CN045,851.4,0.3333333333333333,0.5773502691896258,3,0.33333333333333337
M1-CN045,851.6,0.3333333333333333,0.5773502691896258,3,0.33333333333333337
M1-CN045,851.8,0.3333333333333333,0.5773502691896258,3,0.33333333333333337
M1-CN045,852.0,0.2222222222222222,0.3849001794597505,3,0.22222222222222224
M1-CN045,852.2,0.2222222222222222,0.3849001794597505,3,0.22222222222222224
M1-CN045,852.4,0.2222222222222222,0.3849001794597505,3,0.22222222222222224
M1-CN045,852.6,0.3333333333333333,0.5773502691896258,3,0.33333333333333337
M1-CN045,852.8,0.3333333333333333,0.5773502691896258,3,0.33333333333333337
M1-CN045,853.0,0.3333333333333333,0.5773502691896258,3,0.33333333333333337
M1-CN045,853.2,0.3333333333333333,0.5773502691896258,3,0.33333333333333337
M1-CN045,853.4,0.3333333333333333,0.5773502691896258,3,0.33333333333333337
M1-CN045,853.6,0.3333333333333333,0.5773502691896258,3,0.33333333333333337
M1-CN045,853.8,0.3333333333333333,0.5773502691896258,3,0.33333333333333337
M1-CN045,854.0,0.3333333333333333,0.5773502691896258,3,0.33333333333333337
M1-CN045,854.2,0.3333333333333333,0.5773502691896258,3,0.33333333333333337
M1-CN045,854.4,0.3333333333333333,0.5773502691896258,3,0.33333333333333337
M1-CN045,854.6,0.3333333333333333,0.5773502691896258,3,0.33333333333333337
M1-CN045,854.8,0.3333333333333333,0.5773502691896258,3,0.33333333333333337
M1-CN045,855.0,0.3333333333333333,0.5773502691896258,3,0.33333333333333337
M1-CN045,855.2,0.3333333333333333,0.5773502691896258,3,0.33333333333333337
M1-CN045,855.4,0.3333333333333333,0.5773502691896258,3,0.33333333333333337
M1-CN045,855.6,0.2222222222222222,0.3849001794597505,3,0.22222222222222224
M1-CN045,855.8,0.2222222222222222,0.3849001794597505,3,0.22222222222222224
M1-CN045,856.0,0.2222222222222222,0.3849001794597505,3,0.22222222222222224
M1-CN045,856.2,0.3333333333333333,0.5773502691896258,3,0.33333333333333337
M1-CN045,856.4,0.2222222222222222,0.3849001794597505,3,0.22222222222222224
M1-CN045,856.6,0.2222222222222222,0.3849001794597505,3,0.22222222222222224
M1-CN045,856.8,0.2222222222222222,0.3849001794597505,3,0.22222222222222224
M1-CN045,857.0,0.3333333333333333,0.5773502691896258,3,0.33333333333333337
M1-CN045,857.2,0.3333333333333333,0.5773502691896258,3,0.33333333333333337
M1-CN045,857.4,0.3333333333333333,0.5773502691896258,3,0.33333333333333337
M1-CN045,857.6,0.3333333333333333,0.5773502691896258,3,0.33333333333333337
M1-CN045,857.8,0.3333333333333333,0.5773502691896258,3,0.33333333333333337
M1-CN045,858.0,0.3333333333333333,0.5773502691896258,3,0.33333333333333337
M1-CN045,858.2,0.3333333333333333,0.5773502691896258,3,0.33333333333333337
M1-CN045,858.4,0.3333333333333333,0.5773502691896258,3,0.33333333333333337
M1-CN045,858.6,0.3333333333333333,0.5773502691896258,3,0.33333333333333337
M1-CN045,858.8,0.3333333333333333,0.5773502691896258,3,0.33333333333333337
M1-CN045,859.0,0.3333333333333333,0.5773502691896258,3,0.33333333333333337
M1-CN045,859.2,0.3333333333333333,0.5773502691896258,3,0.33333333333333337
M1-CN045,859.4,0.3333333333333333,0.5773502691896258,3,0.33333333333333337
M1-CN045,859.6,0.3333333333333333,0.5773502691896258,3,0.33333333333333337
M1-CN045,859.8,0.2222222222222222,0.3849001794597505,3,0.22222222222222224
M1-CN045,860.0,0.2222222222222222,0.3849001794597505,3,0.22222222222222224
M1-CN045,860.2,0.2222222222222222,0.3849001794597505,3,0.22222222222222224
M1-CN045,860.4,0.3333333333333333,0.5773502691896258,3,0.33333333333333337
M1-CN045,860.6,0.3333333333333333,0.5773502691896258,3,0.33333333333333337
M1-CN045,860.8,0.3333333333333333,0.5773502691896258,3,0.33333333333333337
M1-CN045,861.0,0.3333333333333333,0.5773502691896258,3,0.33333333333333337
M1-CN045,861.2,0.3333333333333333,0.5773502691896258,3,0.33333333333333337
M1-CN045,861.4,0.3333333333333333,0.5773502691896258,3,0.33333333333333337
M1-CN045,861.6,0.3333333333333333,0.5773502691896258,3,0.33333333333333337
M1-CN045,861.8,0.3333333333333333,0.5773502691896258,3,0.33333333333333337
M1-CN045,862.0,0.3333333333333333,0.5773502691896258,3,0.33333333333333337
M1-CN045,862.2,0.3333333333333333,0.5773502691896258,3,0.33333333333333337
M1-CN045,862.4,0.3333333333333333,0.5773502691896258,3,0.33333333333333337
M1-CN045,862.6,0.3333333333333333,0.5773502691896258,3,0.33333333333333337
M1-CN045,862.8,0.3333333333333333,0.5773502691896258,3,0.33333333333333337
M1-CN045,863.0,0.3333333333333333,0.5773502691896258,3,0.33333333333333337
M1-CN045,863.2,0.3333333333333333,0.5773502691896258,3,0.33333333333333337
M1-CN045,863.4,0.3333333333333333,0.5773502691896258,3,0.33333333333333337
M1-CN045,863.6,0.3333333333333333,0.5773502691896258,3,0.33333333333333337
M1-CN045,863.8,0.3333333333333333,0.5773502691896258,3,0.33333333333333337
M1-CN045,864.0,0.3333333333333333,0.5773502691896258,3,0.33333333333333337
M1-CN045,864.2,0.3333333333333333,0.5773502691896258,3,0.33333333333333337
M1-CN045,864.4,0.2222222222222222,0.3849001794597505,3,0.22222222222222224
M1-CN045,864.6,0.2222222222222222,0.3849001794597505,3,0.22222222222222224
M1-CN045,864.8,0.2222222222222222,0.3849001794597505,3,0.22222222222222224
M1-CN045,865.0,0.2222222222222222,0.3849001794597505,3,0.22222222222222224
M1-CN045,865.2,0.2222222222222222,0.3849001794597505,3,0.22222222222222224
M1-CN045,865.4,0.2222222222222222,0.3849001794597505,3,0.22222222222222224
M1-CN045,865.6,0.3333333333333333,0.5773502691896258,3,0.33333333333333337
M1-CN045,865.8,0.3333333333333333,0.5773502691896258,3,0.33333333333333337
M1-CN045,866.0,0.3333333333333333,0.5773502691896258,3,0.33333333333333337
M1-CN045,866.2,0.2222222222222222,0.3849001794597505,3,0.22222222222222224
M1-CN045,866.4,0.2222222222222222,0.3849001794597505,3,0.22222222222222224
M1-CN045,866.6,0.2222222222222222,0.3849001794597505,3,0.22222222222222224
M1-CN045,866.8,0.3333333333333333,0.5773502691896258,3,0.33333333333333337
M1-CN045,867.0,0.3333333333333333,0.5773502691896258,3,0.33333333333333337
M1-CN045,867.2,0.2222222222222222,0.3849001794597505,3,0.22222222222222224
M1-CN045,867.4,0.1111111111111111,0.19245008972987526,3,0.11111111111111112
M1-CN045,867.6,0.1111111111111111,0.19245008972987526,3,0.11111111111111112
M1-CN045,867.8,0.1111111111111111,0.19245008972987526,3,0.11111111111111112
M1-CN045,868.0,0.2222222222222222,0.3849001794597505,3,0.22222222222222224
M1-CN045,868.2,0.2222222222222222,0.3849001794597505,3,0.22222222222222224
M1-CN045,868.4,0.3333333333333333,0.5773502691896258,3,0.33333333333333337
M1-CN045,868.6,0.3333333333333333,0.5773502691896258,3,0.33333333333333337
M1-CN045,868.8,0.3333333333333333,0.5773502691896258,3,0.33333333333333337
M1-CN045,869.0,0.3333333333333333,0.5773502691896258,3,0.33333333333333337
M1-CN045,869.2,0.3333333333333333,0.5773502691896258,3,0.33333333333333337
M1-CN045,869.4,0.3333333333333333,0.5773502691896258,3,0.33333333333333337
M1-CN045,869.6,0.3333333333333333,0.5773502691896258,3,0.33333333333333337
M1-CN045,869.8,0.3333333333333333,0.5773502691896258,3,0.33333333333333337
M1-CN045,870.0,0.3333333333333333,0.5773502691896258,3,0.33333333333333337
M1-CN045,870.2,0.3333333333333333,0.5773502691896258,3,0.33333333333333337
M1-CN045,870.4,0.3333333333333333,0.5773502691896258,3,0.33333333333333337
M1-CN045,870.6,0.3333333333333333,0.5773502691896258,3,0.33333333333333337
M1-CN045,870.8,0.3333333333333333,0.5773502691896258,3,0.33333333333333337
M1-CN045,871.0,0.3333333333333333,0.5773502691896258,3,0.33333333333333337
M1-CN045,871.2,0.3333333333333333,0.5773502691896258,3,0.33333333333333337
M1-CN045,871.4,0.3333333333333333,0.5773502691896258,3,0.33333333333333337
M1-CN045,871.6,0.3333333333333333,0.5773502691896258,3,0.33333333333333337
M1-CN045,871.8,0.3333333333333333,0.5773502691896258,3,0.33333333333333337
M1-CN045,872.0,0.3333333333333333,0.5773502691896258,3,0.33333333333333337
M1-CN045,872.2,0.3333333333333333,0.5773502691896258,3,0.33333333333333337
M1-CN045,872.4,0.3333333333333333,0.5773502691896258,3,0.33333333333333337
M1-CN045,872.6,0.3333333333333333,0.5773502691896258,3,0.33333333333333337
M1-CN045,872.8,0.3333333333333333,0.5773502691896258,3,0.33333333333333337
M1-CN045,873.0,0.3333333333333333,0.5773502691896258,3,0.33333333333333337
M1-CN045,873.2,0.3333333333333333,0.5773502691896258,3,0.33333333333333337
M1-CN045,873.4,0.3333333333333333,0.5773502691896258,3,0.33333333333333337
M1-CN045,873.6,0.3333333333333333,0.5773502691896258,3,0.33333333333333337
M1-CN045,873.8,0.3333333333333333,0.5773502691896258,3,0.33333333333333337
M1-CN045,874.0,0.3333333333333333,0.5773502691896258,3,0.33333333333333337
M1-CN045,874.2,0.3333333333333333,0.5773502691896258,3,0.33333333333333337
M1-CN045,874.4,0.3333333333333333,0.5773502691896258,3,0.33333333333333337
M1-CN045,874.6,0.3333333333333333,0.5773502691896258,3,0.33333333333333337
M1-CN045,874.8,0.3333333333333333,0.5773502691896258,3,0.33333333333333337
M1-CN045,875.0,0.3333333333333333,0.5773502691896258,3,0.33333333333333337
M1-CN045,875.2,0.3333333333333333,0.5773502691896258,3,0.33333333333333337
M1-CN045,875.4,0.3333333333333333,0.5773502691896258,3,0.33333333333333337
M1-CN045,875.6,0.3333333333333333,0.5773502691896258,3,0.33333333333333337
M1-CN045,875.8,0.2222222222222222,0.3849001794597505,3,0.22222222222222224
M1-CN045,876.0,0.2222222222222222,0.3849001794597505,3,0.22222222222222224
M1-CN045,876.2,0.2222222222222222,0.3849001794597505,3,0.22222222222222224
M1-CN045,876.4,0.3333333333333333,0.5773502691896258,3,0.33333333333333337
M1-CN045,876.6,0.3333333333333333,0.5773502691896258,3,0.33333333333333337
M1-CN045,876.8,0.3333333333333333,0.5773502691896258,3,0.33333333333333337
M1-CN045,877.0,0.3333333333333333,0.5773502691896258,3,0.33333333333333337
M1-CN045,877.2,0.3333333333333333,0.5773502691896258,3,0.33333333333333337
M1-CN045,877.4,0.2222222222222222,0.3849001794597505,3,0.22222222222222224
M1-CN045,877.6,0.2222222222222222,0.3849001794597505,3,0.22222222222222224
M1-CN045,877.8,0.1111111111111111,0.19245008972987526,3,0.11111111111111112
M1-CN045,878.0,0.2222222222222222,0.3849001794597505,3,0.22222222222222224
M1-CN045,878.2,0.1111111111111111,0.19245008972987526,3,0.11111111111111112
M1-CN045,878.4,0.2222222222222222,0.3849001794597505,3,0.22222222222222224
M1-CN045,878.6,0.2222222222222222,0.3849001794597505,3,0.22222222222222224
M1-CN045,878.8,0.3333333333333333,0.5773502691896258,3,0.33333333333333337
M1-CN045,879.0,0.3333333333333333,0.5773502691896258,3,0.33333333333333337
M1-CN045,879.2,0.3333333333333333,0.5773502691896258,3,0.33333333333333337
M1-CN045,879.4,0.3333333333333333,0.5773502691896258,3,0.33333333333333337
M1-CN045,879.6,0.3333333333333333,0.5773502691896258,3,0.33333333333333337
M1-CN045,879.8,0.3333333333333333,0.5773502691896258,3,0.33333333333333337
M1-CN045,880.0,0.3333333333333333,0.5773502691896258,3,0.33333333333333337
M1-CN045,880.2,0.3333333333333333,0.5773502691896258,3,0.33333333333333337
M1-CN045,880.4,0.3333333333333333,0.5773502691896258,3,0.33333333333333337
M1-CN045,880.6,0.3333333333333333,0.5773502691896258,3,0.33333333333333337
M1-CN045,880.8,0.3333333333333333,0.5773502691896258,3,0.33333333333333337
M1-CN045,881.0,0.3333333333333333,0.5773502691896258,3,0.33333333333333337
M1-CN045,881.2,0.3333333333333333,0.5773502691896258,3,0.33333333333333337
M1-CN045,881.4,0.3333333333333333,0.5773502691896258,3,0.33333333333333337
M1-CN045,881.6,0.3333333333333333,0.5773502691896258,3,0.33333333333333337
M1-CN045,881.8,0.3333333333333333,0.5773502691896258,3,0.33333333333333337
M1-CN045,882.0,0.3333333333333333,0.5773502691896258,3,0.33333333333333337
M1-CN045,882.2,0.3333333333333333,0.5773502691896258,3,0.33333333333333337
M1-CN045,882.4,0.3333333333333333,0.5773502691896258,3,0.33333333333333337
M1-CN045,882.6,0.3333333333333333,0.5773502691896258,3,0.33333333333333337
M1-CN045,882.8,0.3333333333333333,0.5773502691896258,3,0.33333333333333337
M1-CN045,883.0,0.3333333333333333,0.5773502691896258,3,0.33333333333333337
M1-CN045,883.2,0.3333333333333333,0.5773502691896258,3,0.33333333333333337
M1-CN045,883.4,0.3333333333333333,0.5773502691896258,3,0.33333333333333337
M1-CN045,883.6,0.3333333333333333,0.5773502691896258,3,0.33333333333333337
M1-CN045,883.8,0.3333333333333333,0.5773502691896258,3,0.33333333333333337
M1-CN045,884.0,0.3333333333333333,0.5773502691896258,3,0.33333333333333337
M1-CN045,884.2,0.3333333333333333,0.5773502691896258,3,0.33333333333333337
M1-CN045,884.4,0.3333333333333333,0.5773502691896258,3,0.33333333333333337
M1-CN045,884.6,0.3333333333333333,0.5773502691896258,3,0.33333333333333337
M1-CN045,884.8,0.2222222222222222,0.3849001794597505,3,0.22222222222222224
M1-CN045,885.0,0.2222222222222222,0.3849001794597505,3,0.22222222222222224
M1-CN045,885.2,0.1111111111111111,0.19245008972987526,3,0.11111111111111112
M1-CN045,885.4,0.2222222222222222,0.3849001794597505,3,0.22222222222222224
M1-CN045,885.6,0.2222222222222222,0.3849001794597505,3,0.22222222222222224
M1-CN045,885.8,0.3333333333333333,0.5773502691896258,3,0.33333333333333337
M1-CN045,886.0,0.3333333333333333,0.5773502691896258,3,0.33333333333333337
M1-CN045,886.2,0.3333333333333333,0.5773502691896258,3,0.33333333333333337
M1-CN045,886.4,0.2222222222222222,0.3849001794597505,3,0.22222222222222224
M1-CN045,886.6,0.1111111111111111,0.19245008972987526,3,0.11111111111111112
M1-CN045,886.8,0.1111111111111111,0.19245008972987526,3,0.11111111111111112
M1-CN045,887.0,0.2222222222222222,0.3849001794597505,3,0.22222222222222224
M1-CN045,887.2,0.2222222222222222,0.3849001794597505,3,0.22222222222222224
M1-CN045,887.4,0.2222222222222222,0.3849001794597505,3,0.22222222222222224
M1-CN045,887.6,0.2222222222222222,0.3849001794597505,3,0.22222222222222224
M1-CN045,887.8,0.2222222222222222,0.3849001794597505,3,0.22222222222222224
M1-CN045,888.0,0.1111111111111111,0.19245008972987526,3,0.11111111111111112
M1-CN045,888.2,0.1111111111111111,0.19245008972987526,3,0.11111111111111112
M1-CN045,888.4,0.2222222222222222,0.3849001794597505,3,0.22222222222222224
M1-CN045,888.6,0.3333333333333333,0.5773502691896258,3,0.33333333333333337
M1-CN045,888.8,0.3333333333333333,0.5773502691896258,3,0.33333333333333337
M1-CN045,889.0,0.3333333333333333,0.5773502691896258,3,0.33333333333333337
M1-CN045,889.2,0.3333333333333333,0.5773502691896258,3,0.33333333333333337
M1-CN045,889.4,0.3333333333333333,0.5773502691896258,3,0.33333333333333337
M1-CN045,889.6,0.3333333333333333,0.5773502691896258,3,0.33333333333333337
M1-CN045,889.8,0.2222222222222222,0.3849001794597505,3,0.22222222222222224
M1-CN045,890.0,0.2222222222222222,0.3849001794597505,3,0.22222222222222224
M1-CN045,890.2,0.2222222222222222,0.3849001794597505,3,0.22222222222222224
M1-CN045,890.4,0.3333333333333333,0.5773502691896258,3,0.33333333333333337
M1-CN045,890.6,0.3333333333333333,0.5773502691896258,3,0.33333333333333337
M1-CN045,890.8,0.3333333333333333,0.5773502691896258,3,0.33333333333333337
M1-CN045,891.0,0.3333333333333333,0.5773502691896258,3,0.33333333333333337
M1-CN045,891.2,0.3333333333333333,0.5773502691896258,3,0.33333333333333337
M1-CN045,891.4,0.3333333333333333,0.5773502691896258,3,0.33333333333333337
M1-CN045,891.6,0.3333333333333333,0.5773502691896258,3,0.33333333333333337
M1-CN045,891.8,0.3333333333333333,0.5773502691896258,3,0.33333333333333337
M1-CN045,892.0,0.3333333333333333,0.5773502691896258,3,0.33333333333333337
M1-CN045,892.2,0.3333333333333333,0.5773502691896258,3,0.33333333333333337
M1-CN045,892.4,0.3333333333333333,0.5773502691896258,3,0.33333333333333337
M1-CN045,892.6,0.3333333333333333,0.5773502691896258,3,0.33333333333333337
M1-CN045,892.8,0.3333333333333333,0.5773502691896258,3,0.33333333333333337
M1-CN045,893.0,0.3333333333333333,0.5773502691896258,3,0.33333333333333337
M1-CN045,893.2,0.3333333333333333,0.5773502691896258,3,0.33333333333333337
M1-CN045,893.4,0.3333333333333333,0.5773502691896258,3,0.33333333333333337
M1-CN045,893.6,0.3333333333333333,0.5773502691896258,3,0.33333333333333337
M1-CN045,893.8,0.3333333333333333,0.5773502691896258,3,0.33333333333333337
M1-CN045,894.0,0.2222222222222222,0.3849001794597505,3,0.22222222222222224
M1-CN045,894.2,0.1111111111111111,0.19245008972987526,3,0.11111111111111112
M1-CN045,894.4,0.1111111111111111,0.19245008972987526,3,0.11111111111111112
M1-CN045,894.6,0.2222222222222222,0.3849001794597505,3,0.22222222222222224
M1-CN045,894.8,0.3333333333333333,0.5773502691896258,3,0.33333333333333337
M1-CN045,895.0,0.3333333333333333,0.5773502691896258,3,0.33333333333333337
M1-CN045,895.2,0.3333333333333333,0.5773502691896258,3,0.33333333333333337
M1-CN045,895.4,0.3333333333333333,0.5773502691896258,3,0.33333333333333337
M1-CN045,895.6,0.3333333333333333,0.5773502691896258,3,0.33333333333333337
M1-CN045,895.8,0.3333333333333333,0.5773502691896258,3,0.33333333333333337
M1-CN045,896.0,0.2222222222222222,0.3849001794597505,3,0.22222222222222224
M1-CN045,896.2,0.2222222222222222,0.3849001794597505,3,0.22222222222222224
M1-CN045,896.4,0.2222222222222222,0.3849001794597505,3,0.22222222222222224
M1-CN045,896.6,0.3333333333333333,0.5773502691896258,3,0.33333333333333337
M1-CN045,896.8,0.3333333333333333,0.5773502691896258,3,0.33333333333333337
M1-CN045,897.0,0.3333333333333333,0.5773502691896258,3,0.33333333333333337
M1-CN045,897.2,0.3333333333333333,0.5773502691896258,3,0.33333333333333337
M1-CN045,897.4,0.3333333333333333,0.5773502691896258,3,0.33333333333333337
M1-CN045,897.6,0.3333333333333333,0.5773502691896258,3,0.33333333333333337
M1-CN045,897.8,0.3333333333333333,0.5773502691896258,3,0.33333333333333337
M1-CN045,898.0,0.3333333333333333,0.5773502691896258,3,0.33333333333333337
M1-CN045,898.2,0.3333333333333333,0.5773502691896258,3,0.33333333333333337
M1-CN045,898.4,0.3333333333333333,0.5773502691896258,3,0.33333333333333337
M1-CN045,898.6,0.3333333333333333,0.5773502691896258,3,0.33333333333333337
M1-CN045,898.8,0.3333333333333333,0.5773502691896258,3,0.33333333333333337
M1-CN045,899.0,0.3333333333333333,0.5773502691896258,3,0.33333333333333337
M1-CN045,899.2,0.3333333333333333,0.5773502691896258,3,0.33333333333333337
M1-CN045,899.4,0.3333333333333333,0.5773502691896258,3,0.33333333333333337
M1-CN045,899.6,0.3333333333333333,0.5773502691896258,3,0.33333333333333337
M1-CN045,899.8,0.3333333333333333,0.5773502691896258,3,0.33333333333333337
M1-CN045,900.0,0.3333333333333333,0.5773502691896258,3,0.33333333333333337
M1-CN045,900.2,0.3333333333333333,0.5773502691896258,3,0.33333333333333337
M1-CN045,900.4,0.3333333333333333,0.5773502691896258,3,0.33333333333333337
M1-CN045,900.6,0.3333333333333333,0.5773502691896258,3,0.33333333333333337
M1-CN045,900.8,0.3333333333333333,0.5773502691896258,3,0.33333333333333337
M1-CN045,901.0,0.2222222222222222,0.3849001794597505,3,0.22222222222222224
M1-CN045,901.2,0.2222222222222222,0.3849001794597505,3,0.22222222222222224
M1-CN045,901.4,0.2222222222222222,0.3849001794597505,3,0.22222222222222224
M1-CN045,901.6,0.2222222222222222,0.3849001794597505,3,0.22222222222222224
M1-CN045,901.8,0.2222222222222222,0.3849001794597505,3,0.22222222222222224
M1-CN045,902.0,0.1111111111111111,0.19245008972987526,3,0.11111111111111112
M1-CN045,902.2,0.2222222222222222,0.3849001794597505,3,0.22222222222222224
M1-CN045,902.4,0.2222222222222222,0.3849001794597505,3,0.22222222222222224
M1-CN045,902.6,0.3333333333333333,0.5773502691896258,3,0.33333333333333337
M1-CN045,902.8,0.3333333333333333,0.5773502691896258,3,0.33333333333333337
M1-CN045,903.0,0.3333333333333333,0.5773502691896258,3,0.33333333333333337
M1-CN045,903.2,0.2222222222222222,0.3849001794597505,3,0.22222222222222224
M1-CN045,903.4,0.1111111111111111,0.19245008972987526,3,0.11111111111111112
M1-CN045,903.6,0.1111111111111111,0.19245008972987526,3,0.11111111111111112
M1-CN045,903.8,0.1111111111111111,0.19245008972987526,3,0.11111111111111112
M1-CN045,904.0,0.2222222222222222,0.3849001794597505,3,0.22222222222222224
M1-CN045,904.2,0.1111111111111111,0.19245008972987526,3,0.11111111111111112
M1-CN045,904.4,0.2222222222222222,0.3849001794597505,3,0.22222222222222224
M1-CN045,904.6,0.1111111111111111,0.19245008972987526,3,0.11111111111111112
M1-CN045,904.8,0.2222222222222222,0.3849001794597505,3,0.22222222222222224
M1-CN045,905.0,0.2222222222222222,0.3849001794597505,3,0.22222222222222224
M1-CN045,905.2,0.2222222222222222,0.3849001794597505,3,0.22222222222222224
M1-CN045,905.4,0.2222222222222222,0.3849001794597505,3,0.22222222222222224
M1-CN045,905.6,0.2222222222222222,0.3849001794597505,3,0.22222222222222224
M1-CN045,905.8,0.2222222222222222,0.3849001794597505,3,0.22222222222222224
M1-CN045,906.0,0.1111111111111111,0.19245008972987526,3,0.11111111111111112
M1-CN045,906.2,0.1111111111111111,0.19245008972987526,3,0.11111111111111112
M1-CN045,906.4,0.2222222222222222,0.3849001794597505,3,0.22222222222222224
M1-CN045,906.6,0.2222222222222222,0.3849001794597505,3,0.22222222222222224
M1-CN045,906.8,0.2222222222222222,0.3849001794597505,3,0.22222222222222224
M1-CN045,907.0,0.2222222222222222,0.3849001794597505,3,0.22222222222222224
M1-CN045,907.2,0.3333333333333333,0.5773502691896258,3,0.33333333333333337
M1-CN045,907.4,0.3333333333333333,0.5773502691896258,3,0.33333333333333337
M1-CN045,907.6,0.3333333333333333,0.5773502691896258,3,0.33333333333333337
M1-CN045,907.8,0.3333333333333333,0.5773502691896258,3,0.33333333333333337
M1-CN045,908.0,0.2222222222222222,0.3849001794597505,3,0.22222222222222224
M1-CN045,908.2,0.1111111111111111,0.19245008972987526,3,0.11111111111111112
M1-CN045,908.4,0.1111111111111111,0.19245008972987526,3,0.11111111111111112
M1-CN045,908.6,0.2222222222222222,0.3849001794597505,3,0.22222222222222224
M1-CN045,908.8,0.3333333333333333,0.5773502691896258,3,0.33333333333333337
M1-CN045,909.0,0.2222222222222222,0.3849001794597505,3,0.22222222222222224
M1-CN045,909.2,0.2222222222222222,0.3849001794597505,3,0.22222222222222224
M1-CN045,909.4,0.2222222222222222,0.3849001794597505,3,0.22222222222222224
M1-CN045,909.6,0.3333333333333333,0.5773502691896258,3,0.33333333333333337
M1-CN045,909.8,0.3333333333333333,0.5773502691896258,3,0.33333333333333337
M1-CN045,910.0,0.3333333333333333,0.5773502691896258,3,0.33333333333333337
M1-CN045,910.2,0.2222222222222222,0.3849001794597505,3,0.22222222222222224
M1-CN045,910.4,0.2222222222222222,0.3849001794597505,3,0.22222222222222224
M1-CN045,910.6,0.2222222222222222,0.3849001794597505,3,0.22222222222222224
M1-CN045,910.8,0.3333333333333333,0.5773502691896258,3,0.33333333333333337
M1-CN045,911.0,0.3333333333333333,0.5773502691896258,3,0.33333333333333337
M1-CN045,911.2,0.3333333333333333,0.5773502691896258,3,0.33333333333333337
M1-CN045,911.4,0.2222222222222222,0.3849001794597505,3,0.22222222222222224
M1-CN045,911.6,0.2222222222222222,0.3849001794597505,3,0.22222222222222224
M1-CN045,911.8,0.1111111111111111,0.19245008972987526,3,0.11111111111111112
M1-CN045,912.0,0.1111111111111111,0.19245008972987526,3,0.11111111111111112
M1-CN045,912.2,0.1111111111111111,0.19245008972987526,3,0.11111111111111112
M1-CN045,912.4,0.2222222222222222,0.3849001794597505,3,0.22222222222222224
M1-CN045,912.6,0.3333333333333333,0.5773502691896258,3,0.33333333333333337
M1-CN045,912.8,0.3333333333333333,0.5773502691896258,3,0.33333333333333337
M1-CN045,913.0,0.3333333333333333,0.5773502691896258,3,0.33333333333333337
M1-CN045,913.2,0.2222222222222222,0.3849001794597505,3,0.22222222222222224
M1-CN045,913.4,0.2222222222222222,0.3849001794597505,3,0.22222222222222224
M1-CN045,913.6,0.2222222222222222,0.3849001794597505,3,0.22222222222222224
M1-CN045,913.8,0.3333333333333333,0.5773502691896258,3,0.33333333333333337
M1-CN045,914.0,0.3333333333333333,0.5773502691896258,3,0.33333333333333337
M1-CN045,914.2,0.3333333333333333,0.5773502691896258,3,0.33333333333333337
M1-CN045,914.4,0.2222222222222222,0.3849001794597505,3,0.22222222222222224
M1-CN045,914.6,0.2222222222222222,0.3849001794597505,3,0.22222222222222224
M1-CN045,914.8,0.2222222222222222,0.3849001794597505,3,0.22222222222222224
M1-CN045,915.0,0.2222222222222222,0.3849001794597505,3,0.22222222222222224
M1-CN045,915.2,0.2222222222222222,0.3849001794597505,3,0.22222222222222224
M1-CN045,915.4,0.2222222222222222,0.3849001794597505,3,0.22222222222222224
M1-CN045,915.6,0.3333333333333333,0.5773502691896258,3,0.33333333333333337
M1-CN045,915.8,0.3333333333333333,0.5773502691896258,3,0.33333333333333337
M1-CN045,916.0,0.3333333333333333,0.5773502691896258,3,0.33333333333333337
M1-CN045,916.2,0.2222222222222222,0.3849001794597505,3,0.22222222222222224
M1-CN045,916.4,0.1111111111111111,0.19245008972987526,3,0.11111111111111112
M1-CN045,916.6,0.1111111111111111,0.19245008972987526,3,0.11111111111111112
M1-CN045,916.8,0.1111111111111111,0.19245008972987526,3,0.11111111111111112
M1-CN045,917.0,0.2222222222222222,0.3849001794597505,3,0.22222222222222224
M1-CN045,917.2,0.1111111111111111,0.19245008972987526,3,0.11111111111111112
M1-CN045,917.4,0.2222222222222222,0.3849001794597505,3,0.22222222222222224
M1-CN045,917.6,0.1111111111111111,0.19245008972987526,3,0.11111111111111112
M1-CN045,917.8,0.2222222222222222,0.3849001794597505,3,0.22222222222222224
M1-CN045,918.0,0.2222222222222222,0.3849001794597505,3,0.22222222222222224
M1-CN045,918.2,0.2222222222222222,0.3849001794597505,3,0.22222222222222224
M1-CN045,918.4,0.2222222222222222,0.3849001794597505,3,0.22222222222222224
M1-CN045,918.6,0.2222222222222222,0.3849001794597505,3,0.22222222222222224
M1-CN045,918.8,0.3333333333333333,0.5773502691896258,3,0.33333333333333337
M1-CN045,919.0,0.3333333333333333,0.5773502691896258,3,0.33333333333333337
M1-CN045,919.2,0.3333333333333333,0.5773502691896258,3,0.33333333333333337
M1-CN045,919.4,0.2222222222222222,0.3849001794597505,3,0.22222222222222224
M1-CN045,919.6,0.1111111111111111,0.19245008972987526,3,0.11111111111111112
M1-CN045,919.8,0.1111111111111111,0.19245008972987526,3,0.11111111111111112
M1-CN045,920.0,0.2222222222222222,0.3849001794597505,3,0.22222222222222224
M1-CN045,920.2,0.3333333333333333,0.5773502691896258,3,0.33333333333333337
M1-CN045,920.4,0.3333333333333333,0.5773502691896258,3,0.33333333333333337
M1-CN045,920.6,0.3333333333333333,0.5773502691896258,3,0.33333333333333337
M1-CN045,920.8,0.2222222222222222,0.3849001794597505,3,0.22222222222222224
M1-CN045,921.0,0.2222222222222222,0.3849001794597505,3,0.22222222222222224
M1-CN045,921.2,0.2222222222222222,0.3849001794597505,3,0.22222222222222224
M1-CN045,921.4,0.3333333333333333,0.5773502691896258,3,0.33333333333333337
M1-CN045,921.6,0.3333333333333333,0.5773502691896258,3,0.33333333333333337
M1-CN045,921.8,0.3333333333333333,0.5773502691896258,3,0.33333333333333337
M1-CN045,922.0,0.3333333333333333,0.5773502691896258,3,0.33333333333333337
M1-CN045,922.2,0.3333333333333333,0.5773502691896258,3,0.33333333333333337
M1-CN045,922.4,0.3333333333333333,0.5773502691896258,3,0.33333333333333337
M1-CN045,922.6,0.2222222222222222,0.3849001794597505,3,0.22222222222222224
M1-CN045,922.8,0.2222222222222222,0.3849001794597505,3,0.22222222222222224
M1-CN045,923.0,0.2222222222222222,0.3849001794597505,3,0.22222222222222224
M1-CN045,923.2,0.2222222222222222,0.3849001794597505,3,0.22222222222222224
M1-CN045,923.4,0.1111111111111111,0.19245008972987526,3,0.11111111111111112
M1-CN045,923.6,0.1111111111111111,0.19245008972987526,3,0.11111111111111112
M1-CN045,923.8,0.2222222222222222,0.3849001794597505,3,0.22222222222222224
M1-CN045,924.0,0.2222222222222222,0.3849001794597505,3,0.22222222222222224
M1-CN045,924.2,0.1111111111111111,0.19245008972987526,3,0.11111111111111112
M1-CN045,924.4,0.1111111111111111,0.19245008972987526,3,0.11111111111111112
M1-CN045,924.6,0.2222222222222222,0.3849001794597505,3,0.22222222222222224
M1-CN045,924.8,0.3333333333333333,0.5773502691896258,3,0.33333333333333337
M1-CN045,925.0,0.2222222222222222,0.3849001794597505,3,0.22222222222222224
M1-CN045,925.2,0.2222222222222222,0.3849001794597505,3,0.22222222222222224
M1-CN045,925.4,0.2222222222222222,0.3849001794597505,3,0.22222222222222224
M1-CN045,925.6,0.3333333333333333,0.5773502691896258,3,0.33333333333333337
M1-CN045,925.8,0.3333333333333333,0.5773502691896258,3,0.33333333333333337
M1-CN045,926.0,0.3333333333333333,0.5773502691896258,3,0.33333333333333337
M1-CN045,926.2,0.3333333333333333,0.5773502691896258,3,0.33333333333333337
M1-CN045,926.4,0.3333333333333333,0.5773502691896258,3,0.33333333333333337
M1-CN045,926.6,0.3333333333333333,0.5773502691896258,3,0.33333333333333337
M1-CN045,926.8,0.2222222222222222,0.3849001794597505,3,0.22222222222222224
M1-CN045,927.0,0.2222222222222222,0.3849001794597505,3,0.22222222222222224
M1-CN045,927.2,0.2222222222222222,0.3849001794597505,3,0.22222222222222224
M1-CN045,927.4,0.3333333333333333,0.5773502691896258,3,0.33333333333333337
M1-CN045,927.6,0.3333333333333333,0.5773502691896258,3,0.33333333333333337
M1-CN045,927.8,0.3333333333333333,0.5773502691896258,3,0.33333333333333337
M1-CN045,928.0,0.3333333333333333,0.5773502691896258,3,0.33333333333333337
M1-CN045,928.2,0.3333333333333333,0.5773502691896258,3,0.33333333333333337
M1-CN045,928.4,0.3333333333333333,0.5773502691896258,3,0.33333333333333337
M1-CN045,928.6,0.2222222222222222,0.3849001794597505,3,0.22222222222222224
M1-CN045,928.8,0.2222222222222222,0.3849001794597505,3,0.22222222222222224
M1-CN045,929.0,0.2222222222222222,0.3849001794597505,3,0.22222222222222224
M1-CN045,929.2,0.3333333333333333,0.5773502691896258,3,0.33333333333333337
M1-CN045,929.4,0.3333333333333333,0.5773502691896258,3,0.33333333333333337
M1-CN045,929.6,0.3333333333333333,0.5773502691896258,3,0.33333333333333337
M1-CN045,929.8,0.3333333333333333,0.5773502691896258,3,0.33333333333333337
M1-CN045,930.0,0.3333333333333333,0.5773502691896258,3,0.33333333333333337
M1-CN045,930.2,0.3333333333333333,0.5773502691896258,3,0.33333333333333337
M1-CN045,930.4,0.2222222222222222,0.3849001794597505,3,0.22222222222222224
M1-CN045,930.6,0.2222222222222222,0.3849001794597505,3,0.22222222222222224
M1-CN045,930.8,0.2222222222222222,0.3849001794597505,3,0.22222222222222224
M1-CN045,931.0,0.3333333333333333,0.5773502691896258,3,0.33333333333333337
M1-CN045,931.2,0.3333333333333333,0.5773502691896258,3,0.33333333333333337
M1-CN045,931.4,0.3333333333333333,0.5773502691896258,3,0.33333333333333337
M1-CN045,931.6,0.3333333333333333,0.5773502691896258,3,0.33333333333333337
M1-CN045,931.8,0.3333333333333333,0.5773502691896258,3,0.33333333333333337
M1-CN045,932.0,0.3333333333333333,0.5773502691896258,3,0.33333333333333337
M1-CN045,932.2,0.3333333333333333,0.5773502691896258,3,0.33333333333333337
M1-CN045,932.4,0.3333333333333333,0.5773502691896258,3,0.33333333333333337
M1-CN045,932.6,0.3333333333333333,0.5773502691896258,3,0.33333333333333337
M1-CN045,932.8,0.3333333333333333,0.5773502691896258,3,0.33333333333333337
M1-CN045,933.0,0.3333333333333333,0.5773502691896258,3,0.33333333333333337
M1-CN045,933.2,0.3333333333333333,0.5773502691896258,3,0.33333333333333337
M1-CN045,933.4,0.3333333333333333,0.5773502691896258,3,0.33333333333333337
M1-CN045,933.6,0.3333333333333333,0.5773502691896258,3,0.33333333333333337
M1-CN045,933.8,0.3333333333333333,0.5773502691896258,3,0.33333333333333337
M1-CN045,934.0,0.3333333333333333,0.5773502691896258,3,0.33333333333333337
M1-CN045,934.2,0.3333333333333333,0.5773502691896258,3,0.33333333333333337
M1-CN045,934.4,0.3333333333333333,0.5773502691896258,3,0.33333333333333337
M1-CN045,934.6,0.3333333333333333,0.5773502691896258,3,0.33333333333333337
M1-CN045,934.8,0.3333333333333333,0.5773502691896258,3,0.33333333333333337
M1-CN045,935.0,0.3333333333333333,0.5773502691896258,3,0.33333333333333337
M1-CN045,935.2,0.3333333333333333,0.5773502691896258,3,0.33333333333333337
M1-CN045,935.4,0.3333333333333333,0.5773502691896258,3,0.33333333333333337
M1-CN045,935.6,0.3333333333333333,0.5773502691896258,3,0.33333333333333337
M1-CN045,935.8,0.3333333333333333,0.5773502691896258,3,0.33333333333333337
M1-CN045,936.0,0.3333333333333333,0.5773502691896258,3,0.33333333333333337
M1-CN045,936.2,0.3333333333333333,0.5773502691896258,3,0.33333333333333337
M1-CN045,936.4,0.3333333333333333,0.5773502691896258,3,0.33333333333333337
M1-CN045,936.6,0.3333333333333333,0.5773502691896258,3,0.33333333333333337
M1-CN045,936.8,0.3333333333333333,0.5773502691896258,3,0.33333333333333337
M1-CN045,937.0,0.3333333333333333,0.5773502691896258,3,0.33333333333333337
M1-CN045,937.2,0.2222222222222222,0.3849001794597505,3,0.22222222222222224
M1-CN045,937.4,0.1111111111111111,0.19245008972987526,3,0.11111111111111112
M1-CN045,937.6,0.1111111111111111,0.19245008972987526,3,0.11111111111111112
M1-CN045,937.8,0.2222222222222222,0.3849001794597505,3,0.22222222222222224
M1-CN045,938.0,0.3333333333333333,0.5773502691896258,3,0.33333333333333337
M1-CN045,938.2,0.3333333333333333,0.5773502691896258,3,0.33333333333333337
M1-CN045,938.4,0.3333333333333333,0.5773502691896258,3,0.33333333333333337
M1-CN045,938.6,0.3333333333333333,0.5773502691896258,3,0.33333333333333337
M1-CN045,938.8,0.2222222222222222,0.3849001794597505,3,0.22222222222222224
M1-CN045,939.0,0.2222222222222222,0.3849001794597505,3,0.22222222222222224
M1-CN045,939.2,0.2222222222222222,0.3849001794597505,3,0.22222222222222224
M1-CN045,939.4,0.3333333333333333,0.5773502691896258,3,0.33333333333333337
M1-CN045,939.6,0.3333333333333333,0.5773502691896258,3,0.33333333333333337
M1-CN045,939.8,0.3333333333333333,0.5773502691896258,3,0.33333333333333337
M1-CN045,940.0,0.3333333333333333,0.5773502691896258,3,0.33333333333333337
M1-CN045,940.2,0.2222222222222222,0.3849001794597505,3,0.22222222222222224
M1-CN045,940.4,0.1111111111111111,0.19245008972987526,3,0.11111111111111112
M1-CN045,940.6,0.1111111111111111,0.19245008972987526,3,0.11111111111111112
M1-CN045,940.8,0.2222222222222222,0.3849001794597505,3,0.22222222222222224
M1-CN045,941.0,0.3333333333333333,0.5773502691896258,3,0.33333333333333337
M1-CN045,941.2,0.3333333333333333,0.5773502691896258,3,0.33333333333333337
M1-CN045,941.4,0.3333333333333333,0.5773502691896258,3,0.33333333333333337
M1-CN045,941.6,0.3333333333333333,0.5773502691896258,3,0.33333333333333337
M1-CN045,941.8,0.3333333333333333,0.5773502691896258,3,0.33333333333333337
M1-CN045,942.0,0.2222222222222222,0.3849001794597505,3,0.22222222222222224
M1-CN045,942.2,0.2222222222222222,0.3849001794597505,3,0.22222222222222224
M1-CN045,942.4,0.2222222222222222,0.3849001794597505,3,0.22222222222222224
M1-CN045,942.6,0.3333333333333333,0.5773502691896258,3,0.33333333333333337
M1-CN045,942.8,0.3333333333333333,0.5773502691896258,3,0.33333333333333337
M1-CN045,943.0,0.3333333333333333,0.5773502691896258,3,0.33333333333333337
M1-CN045,943.2,0.2222222222222222,0.3849001794597505,3,0.22222222222222224
M1-CN045,943.4,0.2222222222222222,0.3849001794597505,3,0.22222222222222224
M1-CN045,943.6,0.1111111111111111,0.19245008972987526,3,0.11111111111111112
M1-CN045,943.8,0.1111111111111111,0.19245008972987526,3,0.11111111111111112
M1-CN045,944.0,0.0,0.0,3,0.0
M1-CN045,944.2,0.1111111111111111,0.19245008972987526,3,0.11111111111111112
M1-CN045,944.4,0.2222222222222222,0.3849001794597505,3,0.22222222222222224
M1-CN045,944.6,0.3333333333333333,0.5773502691896258,3,0.33333333333333337
M1-CN045,944.8,0.3333333333333333,0.5773502691896258,3,0.33333333333333337
M1-CN045,945.0,0.3333333333333333,0.5773502691896258,3,0.33333333333333337
M1-CN045,945.2,0.3333333333333333,0.5773502691896258,3,0.33333333333333337
M1-CN045,945.4,0.3333333333333333,0.5773502691896258,3,0.33333333333333337
M1-CN045,945.6,0.3333333333333333,0.5773502691896258,3,0.33333333333333337
M1-CN045,945.8,0.2222222222222222,0.3849001794597505,3,0.22222222222222224
M1-CN045,946.0,0.1111111111111111,0.19245008972987526,3,0.11111111111111112
M1-CN045,946.2,0.1111111111111111,0.19245008972987526,3,0.11111111111111112
M1-CN045,946.4,0.2222222222222222,0.3849001794597505,3,0.22222222222222224
M1-CN045,946.6,0.3333333333333333,0.5773502691896258,3,0.33333333333333337
M1-CN045,946.8,0.3333333333333333,0.5773502691896258,3,0.33333333333333337
M1-CN045,947.0,0.2222222222222222,0.3849001794597505,3,0.22222222222222224
M1-CN045,947.2,0.2222222222222222,0.3849001794597505,3,0.22222222222222224
M1-CN045,947.4,0.2222222222222222,0.3849001794597505,3,0.22222222222222224
M1-CN045,947.6,0.3333333333333333,0.5773502691896258,3,0.33333333333333337
M1-CN045,947.8,0.3333333333333333,0.5773502691896258,3,0.33333333333333337
M1-CN045,948.0,0.3333333333333333,0.5773502691896258,3,0.33333333333333337
M1-CN045,948.2,0.3333333333333333,0.5773502691896258,3,0.33333333333333337
M1-CN045,948.4,0.3333333333333333,0.5773502691896258,3,0.33333333333333337
M1-CN045,948.6,0.3333333333333333,0.5773502691896258,3,0.33333333333333337
M1-CN045,948.8,0.3333333333333333,0.5773502691896258,3,0.33333333333333337
M1-CN045,949.0,0.3333333333333333,0.5773502691896258,3,0.33333333333333337
M1-CN045,949.2,0.3333333333333333,0.5773502691896258,3,0.33333333333333337
M1-CN045,949.4,0.3333333333333333,0.5773502691896258,3,0.33333333333333337
M1-CN045,949.6,0.3333333333333333,0.5773502691896258,3,0.33333333333333337
M1-CN045,949.8,0.3333333333333333,0.5773502691896258,3,0.33333333333333337
M1-CN045,950.0,0.3333333333333333,0.5773502691896258,3,0.33333333333333337
M1-CN045,950.2,0.3333333333333333,0.5773502691896258,3,0.33333333333333337
M1-CN045,950.4,0.3333333333333333,0.5773502691896258,3,0.33333333333333337
M1-CN045,950.6,0.3333333333333333,0.5773502691896258,3,0.33333333333333337
M1-CN045,950.8,0.3333333333333333,0.5773502691896258,3,0.33333333333333337
M1-CN045,951.0,0.3333333333333333,0.5773502691896258,3,0.33333333333333337
M1-CN045,951.2,0.2222222222222222,0.3849001794597505,3,0.22222222222222224
M1-CN045,951.4,0.2222222222222222,0.3849001794597505,3,0.22222222222222224
M1-CN045,951.6,0.2222222222222222,0.3849001794597505,3,0.22222222222222224
M1-CN045,951.8,0.3333333333333333,0.5773502691896258,3,0.33333333333333337
M1-CN045,952.0,0.3333333333333333,0.5773502691896258,3,0.33333333333333337
M1-CN045,952.2,0.3333333333333333,0.5773502691896258,3,0.33333333333333337
M1-CN045,952.4,0.3333333333333333,0.5773502691896258,3,0.33333333333333337
M1-CN045,952.6,0.2222222222222222,0.3849001794597505,3,0.22222222222222224
M1-CN045,952.8,0.2222222222222222,0.3849001794597505,3,0.22222222222222224
M1-CN045,953.0,0.2222222222222222,0.3849001794597505,3,0.22222222222222224
M1-CN045,953.2,0.2222222222222222,0.3849001794597505,3,0.22222222222222224
M1-CN045,953.4,0.2222222222222222,0.3849001794597505,3,0.22222222222222224
M1-CN045,953.6,0.2222222222222222,0.3849001794597505,3,0.22222222222222224
M1-CN045,953.8,0.3333333333333333,0.5773502691896258,3,0.33333333333333337
M1-CN045,954.0,0.3333333333333333,0.5773502691896258,3,0.33333333333333337
M1-CN045,954.2,0.3333333333333333,0.5773502691896258,3,0.33333333333333337
M1-CN045,954.4,0.3333333333333333,0.5773502691896258,3,0.33333333333333337
M1-CN045,954.6,0.3333333333333333,0.5773502691896258,3,0.33333333333333337
M1-CN045,954.8,0.3333333333333333,0.5773502691896258,3,0.33333333333333337
M1-CN045,955.0,0.3333333333333333,0.5773502691896258,3,0.33333333333333337
M1-CN045,955.2,0.3333333333333333,0.5773502691896258,3,0.33333333333333337
M1-CN045,955.4,0.3333333333333333,0.5773502691896258,3,0.33333333333333337
M1-CN045,955.6,0.3333333333333333,0.5773502691896258,3,0.33333333333333337
M1-CN045,955.8,0.2222222222222222,0.3849001794597505,3,0.22222222222222224
M1-CN045,956.0,0.2222222222222222,0.3849001794597505,3,0.22222222222222224
M1-CN045,956.2,0.2222222222222222,0.3849001794597505,3,0.22222222222222224
M1-CN045,956.4,0.3333333333333333,0.5773502691896258,3,0.33333333333333337
M1-CN045,956.6,0.3333333333333333,0.5773502691896258,3,0.33333333333333337
M1-CN045,956.8,0.3333333333333333,0.5773502691896258,3,0.33333333333333337
M1-CN045,957.0,0.3333333333333333,0.5773502691896258,3,0.33333333333333337
M1-CN045,957.2,0.3333333333333333,0.5773502691896258,3,0.33333333333333337
M1-CN045,957.4,0.3333333333333333,0.5773502691896258,3,0.33333333333333337
M1-CN045,957.6,0.3333333333333333,0.5773502691896258,3,0.33333333333333337
M1-CN045,957.8,0.3333333333333333,0.5773502691896258,3,0.33333333333333337
M1-CN045,958.0,0.3333333333333333,0.5773502691896258,3,0.33333333333333337
M1-CN045,958.2,0.3333333333333333,0.5773502691896258,3,0.33333333333333337
M1-CN045,958.4,0.3333333333333333,0.5773502691896258,3,0.33333333333333337
M1-CN045,958.6,0.3333333333333333,0.5773502691896258,3,0.33333333333333337
M1-CN045,958.8,0.3333333333333333,0.5773502691896258,3,0.33333333333333337
M1-CN045,959.0,0.3333333333333333,0.5773502691896258,3,0.33333333333333337
M1-CN045,959.2,0.3333333333333333,0.5773502691896258,3,0.33333333333333337
M1-CN045,959.4,0.3333333333333333,0.5773502691896258,3,0.33333333333333337
M1-CN045,959.6,0.3333333333333333,0.5773502691896258,3,0.33333333333333337
M1-CN045,959.8,0.3333333333333333,0.5773502691896258,3,0.33333333333333337
M1-CN045,960.0,0.3333333333333333,0.5773502691896258,3,0.33333333333333337
M1-CN045,960.2,0.3333333333333333,0.5773502691896258,3,0.33333333333333337
M1-CN045,960.4,0.3333333333333333,0.5773502691896258,3,0.33333333333333337
M1-CN045,960.6,0.3333333333333333,0.5773502691896258,3,0.33333333333333337
M1-CN045,960.8,0.3333333333333333,0.5773502691896258,3,0.33333333333333337
M1-CN045,961.0,0.3333333333333333,0.5773502691896258,3,0.33333333333333337
M1-CN045,961.2,0.3333333333333333,0.5773502691896258,3,0.33333333333333337
M1-CN045,961.4,0.3333333333333333,0.5773502691896258,3,0.33333333333333337
M1-CN045,961.6,0.3333333333333333,0.5773502691896258,3,0.33333333333333337
M1-CN045,961.8,0.3333333333333333,0.5773502691896258,3,0.33333333333333337
M1-CN045,962.0,0.3333333333333333,0.5773502691896258,3,0.33333333333333337
M1-CN045,962.2,0.3333333333333333,0.5773502691896258,3,0.33333333333333337
M1-CN045,962.4,0.3333333333333333,0.5773502691896258,3,0.33333333333333337
M1-CN045,962.6,0.3333333333333333,0.5773502691896258,3,0.33333333333333337
M1-CN045,962.8,0.3333333333333333,0.5773502691896258,3,0.33333333333333337
M1-CN045,963.0,0.3333333333333333,0.5773502691896258,3,0.33333333333333337
M1-CN045,963.2,0.3333333333333333,0.5773502691896258,3,0.33333333333333337
M1-CN045,963.4,0.3333333333333333,0.5773502691896258,3,0.33333333333333337
M1-CN045,963.6,0.3333333333333333,0.5773502691896258,3,0.33333333333333337
M1-CN045,963.8,0.3333333333333333,0.5773502691896258,3,0.33333333333333337
M1-CN045,964.0,0.3333333333333333,0.5773502691896258,3,0.33333333333333337
M1-CN045,964.2,0.3333333333333333,0.5773502691896258,3,0.33333333333333337
M1-CN045,964.4,0.3333333333333333,0.5773502691896258,3,0.33333333333333337
M1-CN045,964.6,0.3333333333333333,0.5773502691896258,3,0.33333333333333337
M1-CN045,964.8,0.3333333333333333,0.5773502691896258,3,0.33333333333333337
M1-CN045,965.0,0.3333333333333333,0.5773502691896258,3,0.33333333333333337
M1-CN045,965.2,0.3333333333333333,0.5773502691896258,3,0.33333333333333337
M1-CN045,965.4,0.3333333333333333,0.5773502691896258,3,0.33333333333333337
M1-CN045,965.6,0.3333333333333333,0.5773502691896258,3,0.33333333333333337
M1-CN045,965.8,0.3333333333333333,0.5773502691896258,3,0.33333333333333337
M1-CN045,966.0,0.3333333333333333,0.5773502691896258,3,0.33333333333333337
M1-CN045,966.2,0.3333333333333333,0.5773502691896258,3,0.33333333333333337
M1-CN045,966.4,0.3333333333333333,0.5773502691896258,3,0.33333333333333337
M1-CN045,966.6,0.3333333333333333,0.5773502691896258,3,0.33333333333333337
M1-CN045,966.8,0.3333333333333333,0.5773502691896258,3,0.33333333333333337
M1-CN045,967.0,0.2222222222222222,0.3849001794597505,3,0.22222222222222224
M1-CN045,967.2,0.2222222222222222,0.3849001794597505,3,0.22222222222222224
M1-CN045,967.4,0.2222222222222222,0.3849001794597505,3,0.22222222222222224
M1-CN045,967.6,0.3333333333333333,0.5773502691896258,3,0.33333333333333337
M1-CN045,967.8,0.3333333333333333,0.5773502691896258,3,0.33333333333333337
M1-CN045,968.0,0.3333333333333333,0.5773502691896258,3,0.33333333333333337
M1-CN045,968.2,0.3333333333333333,0.5773502691896258,3,0.33333333333333337
M1-CN045,968.4,0.3333333333333333,0.5773502691896258,3,0.33333333333333337
M1-CN045,968.6,0.3333333333333333,0.5773502691896258,3,0.33333333333333337
M1-CN045,968.8,0.3333333333333333,0.5773502691896258,3,0.33333333333333337
M1-CN045,969.0,0.3333333333333333,0.5773502691896258,3,0.33333333333333337
M1-CN045,969.2,0.3333333333333333,0.5773502691896258,3,0.33333333333333337
M1-CN045,969.4,0.3333333333333333,0.5773502691896258,3,0.33333333333333337
M1-CN045,969.6,0.3333333333333333,0.5773502691896258,3,0.33333333333333337
M1-CN045,969.8,0.3333333333333333,0.5773502691896258,3,0.33333333333333337
M1-CN045,970.0,0.3333333333333333,0.5773502691896258,3,0.33333333333333337
M1-CN045,970.2,0.3333333333333333,0.5773502691896258,3,0.33333333333333337
M1-CN045,970.4,0.3333333333333333,0.5773502691896258,3,0.33333333333333337
M1-CN045,970.6,0.3333333333333333,0.5773502691896258,3,0.33333333333333337
M1-CN045,970.8,0.3333333333333333,0.5773502691896258,3,0.33333333333333337
M1-CN045,971.0,0.3333333333333333,0.5773502691896258,3,0.33333333333333337
M1-CN045,971.2,0.3333333333333333,0.5773502691896258,3,0.33333333333333337
M1-CN045,971.4,0.3333333333333333,0.5773502691896258,3,0.33333333333333337
M1-CN045,971.6,0.3333333333333333,0.5773502691896258,3,0.33333333333333337
M1-CN045,971.8,0.2222222222222222,0.3849001794597505,3,0.22222222222222224
M1-CN045,972.0,0.2222222222222222,0.3849001794597505,3,0.22222222222222224
M1-CN045,972.2,0.2222222222222222,0.3849001794597505,3,0.22222222222222224
M1-CN045,972.4,0.3333333333333333,0.5773502691896258,3,0.33333333333333337
M1-CN045,972.6,0.3333333333333333,0.5773502691896258,3,0.33333333333333337
M1-CN045,972.8,0.3333333333333333,0.5773502691896258,3,0.33333333333333337
M1-CN045,973.0,0.3333333333333333,0.5773502691896258,3,0.33333333333333337
M1-CN045,973.2,0.3333333333333333,0.5773502691896258,3,0.33333333333333337
M1-CN045,973.4,0.3333333333333333,0.5773502691896258,3,0.33333333333333337
M1-CN045,973.6,0.2222222222222222,0.3849001794597505,3,0.22222222222222224
M1-CN045,973.8,0.1111111111111111,0.19245008972987526,3,0.11111111111111112
M1-CN045,974.0,0.1111111111111111,0.19245008972987526,3,0.11111111111111112
M1-CN045,974.2,0.2222222222222222,0.3849001794597505,3,0.22222222222222224
M1-CN045,974.4,0.3333333333333333,0.5773502691896258,3,0.33333333333333337
M1-CN045,974.6,0.3333333333333333,0.5773502691896258,3,0.33333333333333337
M1-CN045,974.8,0.2222222222222222,0.3849001794597505,3,0.22222222222222224
M1-CN045,975.0,0.2222222222222222,0.3849001794597505,3,0.22222222222222224
M1-CN045,975.2,0.2222222222222222,0.3849001794597505,3,0.22222222222222224
M1-CN045,975.4,0.3333333333333333,0.5773502691896258,3,0.33333333333333337
M1-CN045,975.6,0.2222222222222222,0.3849001794597505,3,0.22222222222222224
M1-CN045,975.8,0.2222222222222222,0.3849001794597505,3,0.22222222222222224
M1-CN045,976.0,0.2222222222222222,0.3849001794597505,3,0.22222222222222224
M1-CN045,976.2,0.3333333333333333,0.5773502691896258,3,0.33333333333333337
M1-CN045,976.4,0.3333333333333333,0.5773502691896258,3,0.33333333333333337
M1-CN045,976.6,0.3333333333333333,0.5773502691896258,3,0.33333333333333337
M1-CN045,976.8,0.3333333333333333,0.5773502691896258,3,0.33333333333333337
M1-CN045,977.0,0.3333333333333333,0.5773502691896258,3,0.33333333333333337
M1-CN045,977.2,0.2222222222222222,0.3849001794597505,3,0.22222222222222224
M1-CN045,977.4,0.2222222222222222,0.3849001794597505,3,0.22222222222222224
M1-CN045,977.6,0.2222222222222222,0.3849001794597505,3,0.22222222222222224
M1-CN045,977.8,0.3333333333333333,0.5773502691896258,3,0.33333333333333337
M1-CN045,978.0,0.3333333333333333,0.5773502691896258,3,0.33333333333333337
M1-CN045,978.2,0.3333333333333333,0.5773502691896258,3,0.33333333333333337
M1-CN045,978.4,0.3333333333333333,0.5773502691896258,3,0.33333333333333337
M1-CN045,978.6,0.3333333333333333,0.5773502691896258,3,0.33333333333333337
M1-CN045,978.8,0.3333333333333333,0.5773502691896258,3,0.33333333333333337
M1-CN045,979.0,0.3333333333333333,0.5773502691896258,3,0.33333333333333337
M1-CN045,979.2,0.3333333333333333,0.5773502691896258,3,0.33333333333333337
M1-CN045,979.4,0.3333333333333333,0.5773502691896258,3,0.33333333333333337
M1-CN045,979.6,0.3333333333333333,0.5773502691896258,3,0.33333333333333337
M1-CN045,979.8,0.3333333333333333,0.5773502691896258,3,0.33333333333333337
M1-CN045,980.0,0.3333333333333333,0.5773502691896258,3,0.33333333333333337
M1-CN045,980.2,0.3333333333333333,0.5773502691896258,3,0.33333333333333337
M1-CN045,980.4,0.3333333333333333,0.5773502691896258,3,0.33333333333333337
M1-CN045,980.6,0.3333333333333333,0.5773502691896258,3,0.33333333333333337
M1-CN045,980.8,0.3333333333333333,0.5773502691896258,3,0.33333333333333337
M1-CN045,981.0,0.3333333333333333,0.5773502691896258,3,0.33333333333333337
M1-CN045,981.2,0.3333333333333333,0.5773502691896258,3,0.33333333333333337
M1-CN045,981.4,0.3333333333333333,0.5773502691896258,3,0.33333333333333337
M1-CN045,981.6,0.3333333333333333,0.5773502691896258,3,0.33333333333333337
M1-CN045,981.8,0.3333333333333333,0.5773502691896258,3,0.33333333333333337
M1-CN045,982.0,0.3333333333333333,0.5773502691896258,3,0.33333333333333337
M1-CN045,982.2,0.2222222222222222,0.3849001794597505,3,0.22222222222222224
M1-CN045,982.4,0.2222222222222222,0.3849001794597505,3,0.22222222222222224
M1-CN045,982.6,0.2222222222222222,0.3849001794597505,3,0.22222222222222224
M1-CN045,982.8,0.2222222222222222,0.3849001794597505,3,0.22222222222222224
M1-CN045,983.0,0.2222222222222222,0.3849001794597505,3,0.22222222222222224
M1-CN045,983.2,0.2222222222222222,0.3849001794597505,3,0.22222222222222224
M1-CN045,983.4,0.3333333333333333,0.5773502691896258,3,0.33333333333333337
M1-CN045,983.6,0.2222222222222222,0.3849001794597505,3,0.22222222222222224
M1-CN045,983.8,0.2222222222222222,0.3849001794597505,3,0.22222222222222224
M1-CN045,984.0,0.2222222222222222,0.3849001794597505,3,0.22222222222222224
M1-CN045,984.2,0.3333333333333333,0.5773502691896258,3,0.33333333333333337
M1-CN045,984.4,0.2222222222222222,0.3849001794597505,3,0.22222222222222224
M1-CN045,984.6,0.2222222222222222,0.3849001794597505,3,0.22222222222222224
M1-CN045,984.8,0.2222222222222222,0.3849001794597505,3,0.22222222222222224
M1-CN045,985.0,0.3333333333333333,0.5773502691896258,3,0.33333333333333337
M1-CN045,985.2,0.3333333333333333,0.5773502691896258,3,0.33333333333333337
M1-CN045,985.4,0.2222222222222222,0.3849001794597505,3,0.22222222222222224
M1-CN045,985.6,0.2222222222222222,0.3849001794597505,3,0.22222222222222224
M1-CN045,985.8,0.2222222222222222,0.3849001794597505,3,0.22222222222222224
M1-CN045,986.0,0.3333333333333333,0.5773502691896258,3,0.33333333333333337
M1-CN045,986.2,0.3333333333333333,0.5773502691896258,3,0.33333333333333337
M1-CN045,986.4,0.3333333333333333,0.5773502691896258,3,0.33333333333333337
M1-CN045,986.6,0.3333333333333333,0.5773502691896258,3,0.33333333333333337
M1-CN045,986.8,0.3333333333333333,0.5773502691896258,3,0.33333333333333337
M1-CN045,987.0,0.3333333333333333,0.5773502691896258,3,0.33333333333333337
M1-CN045,987.2,0.3333333333333333,0.5773502691896258,3,0.33333333333333337
M1-CN045,987.4,0.3333333333333333,0.5773502691896258,3,0.33333333333333337
M1-CN045,987.6,0.3333333333333333,0.5773502691896258,3,0.33333333333333337
M1-CN045,987.8,0.3333333333333333,0.5773502691896258,3,0.33333333333333337
M1-CN045,988.0,0.3333333333333333,0.5773502691896258,3,0.33333333333333337
M1-CN045,988.2,0.3333333333333333,0.5773502691896258,3,0.33333333333333337
M1-CN045,988.4,0.3333333333333333,0.5773502691896258,3,0.33333333333333337
M1-CN045,988.6,0.3333333333333333,0.5773502691896258,3,0.33333333333333337
M1-CN045,988.8,0.3333333333333333,0.5773502691896258,3,0.33333333333333337
M1-CN045,989.0,0.3333333333333333,0.5773502691896258,3,0.33333333333333337
M1-CN045,989.2,0.2222222222222222,0.3849001794597505,3,0.22222222222222224
M1-CN045,989.4,0.2222222222222222,0.3849001794597505,3,0.22222222222222224
M1-CN045,989.6,0.2222222222222222,0.3849001794597505,3,0.22222222222222224
M1-CN045,989.8,0.3333333333333333,0.5773502691896258,3,0.33333333333333337
M1-CN045,990.0,0.3333333333333333,0.5773502691896258,3,0.33333333333333337
M1-CN045,990.2,0.3333333333333333,0.5773502691896258,3,0.33333333333333337
M1-CN045,990.4,0.3333333333333333,0.5773502691896258,3,0.33333333333333337
M1-CN045,990.6,0.3333333333333333,0.5773502691896258,3,0.33333333333333337
M1-CN045,990.8,0.3333333333333333,0.5773502691896258,3,0.33333333333333337
M1-CN045,991.0,0.3333333333333333,0.5773502691896258,3,0.33333333333333337
M1-CN045,991.2,0.3333333333333333,0.5773502691896258,3,0.33333333333333337
M1-CN045,991.4,0.3333333333333333,0.5773502691896258,3,0.33333333333333337
M1-CN045,991.6,0.3333333333333333,0.5773502691896258,3,0.33333333333333337
M1-CN045,991.8,0.3333333333333333,0.5773502691896258,3,0.33333333333333337
M1-CN045,992.0,0.3333333333333333,0.5773502691896258,3,0.33333333333333337
M1-CN045,992.2,0.3333333333333333,0.5773502691896258,3,0.33333333333333337
M1-CN045,992.4,0.3333333333333333,0.5773502691896258,3,0.33333333333333337
M1-CN045,992.6,0.3333333333333333,0.5773502691896258,3,0.33333333333333337
M1-CN045,992.8,0.3333333333333333,0.5773502691896258,3,0.33333333333333337
M1-CN045,993.0,0.3333333333333333,0.5773502691896258,3,0.33333333333333337
M1-CN045,993.2,0.3333333333333333,0.5773502691896258,3,0.33333333333333337
M1-CN045,993.4,0.3333333333333333,0.5773502691896258,3,0.33333333333333337
M1-CN045,993.6,0.3333333333333333,0.5773502691896258,3,0.33333333333333337
M1-CN045,993.8,0.3333333333333333,0.5773502691896258,3,0.33333333333333337
M1-CN045,994.0,0.3333333333333333,0.5773502691896258,3,0.33333333333333337
M1-CN045,994.2,0.2222222222222222,0.3849001794597505,3,0.22222222222222224
M1-CN045,994.4,0.2222222222222222,0.3849001794597505,3,0.22222222222222224
M1-CN045,994.6,0.2222222222222222,0.3849001794597505,3,0.22222222222222224
M1-CN045,994.8,0.3333333333333333,0.5773502691896258,3,0.33333333333333337
M1-CN045,995.0,0.3333333333333333,0.5773502691896258,3,0.33333333333333337
M1-CN045,995.2,0.3333333333333333,0.5773502691896258,3,0.33333333333333337
M1-CN045,995.4,0.3333333333333333,0.5773502691896258,3,0.33333333333333337
M1-CN045,995.6,0.3333333333333333,0.5773502691896258,3,0.33333333333333337
M1-CN045,995.8,0.3333333333333333,0.5773502691896258,3,0.33333333333333337
M1-CN045,996.0,0.3333333333333333,0.5773502691896258,3,0.33333333333333337
M1-CN045,996.2,0.3333333333333333,0.5773502691896258,3,0.33333333333333337
M1-CN045,996.4,0.3333333333333333,0.5773502691896258,3,0.33333333333333337
M1-CN045,996.6,0.3333333333333333,0.5773502691896258,3,0.33333333333333337
M1-CN045,996.8,0.3333333333333333,0.5773502691896258,3,0.33333333333333337
M1-CN045,997.0,0.3333333333333333,0.5773502691896258,3,0.33333333333333337
M1-CN045,997.2,0.3333333333333333,0.5773502691896258,3,0.33333333333333337
M1-CN045,997.4,0.3333333333333333,0.5773502691896258,3,0.33333333333333337
M1-CN045,997.6,0.3333333333333333,0.5773502691896258,3,0.33333333333333337
M1-CN045,997.8,0.3333333333333333,0.5773502691896258,3,0.33333333333333337
M1-CN045,998.0,0.3333333333333333,0.5773502691896258,3,0.33333333333333337
M1-CN045,998.2,0.3333333333333333,0.5773502691896258,3,0.33333333333333337
M1-CN045,998.4,0.3333333333333333,0.5773502691896258,3,0.33333333333333337
M1-CN045,998.6,0.3333333333333333,0.5773502691896258,3,0.33333333333333337
M1-CN045,998.8,0.3333333333333333,0.5773502691896258,3,0.33333333333333337
M1-CN045,999.0,0.3333333333333333,0.5773502691896258,3,0.33333333333333337
M1-CN045,999.2,0.3333333333333333,0.5773502691896258,3,0.33333333333333337
M1-CN045,999.4,0.3333333333333333,0.5773502691896258,3,0.33333333333333337
M1-CN045,999.6,0.3333333333333333,0.5773502691896258,3,0.33333333333333337
M1-CN045,999.8,0.3333333333333333,0.5773502691896258,3,0.33333333333333337
M1-CN045,1000.0,0.3333333333333333,0.5773502691896258,3,0.33333333333333337
M1-Clemastine,0.0,0.6666666666666666,0.5773502691896258,3,0.33333333333333337
M1-Clemastine,0.2,0.6666666666666666,0.5773502691896258,3,0.33333333333333337
M1-Clemastine,0.4,0.6666666666666666,0.5773502691896258,3,0.33333333333333337
M1-Clemastine,0.6,0.5555555555555555,0.5091750772173156,3,0.2939723678960657
M1-Clemastine,0.8,0.5555555555555555,0.5091750772173156,3,0.2939723678960657
M1-Clemastine,1.0,0.4444444444444444,0.3849001794597505,3,0.22222222222222224
M1-Clemastine,1.2,0.6666666666666666,0.33333333333333337,3,0.1924500897298753
M1-Clemastine,1.4,0.6666666666666666,0.33333333333333337,3,0.1924500897298753
M1-Clemastine,1.6,0.7777777777777777,0.3849001794597505,3,0.22222222222222224
M1-Clemastine,1.8,0.5555555555555555,0.5091750772173156,3,0.2939723678960657
M1-Clemastine,2.0,0.5555555555555555,0.5091750772173156,3,0.2939723678960657
M1-Clemastine,2.2,0.5555555555555555,0.5091750772173156,3,0.2939723678960657
M1-Clemastine,2.4,0.6666666666666666,0.5773502691896258,3,0.33333333333333337
M1-Clemastine,2.6,0.5555555555555555,0.5091750772173156,3,0.2939723678960657
M1-Clemastine,2.8,0.5555555555555555,0.5091750772173156,3,0.2939723678960657
M1-Clemastine,3.0,0.5555555555555555,0.5091750772173156,3,0.2939723678960657
M1-Clemastine,3.2,0.6666666666666666,0.5773502691896258,3,0.33333333333333337
M1-Clemastine,3.4,0.6666666666666666,0.5773502691896258,3,0.33333333333333337
M1-Clemastine,3.6,0.6666666666666666,0.5773502691896258,3,0.33333333333333337
M1-Clemastine,3.8,0.6666666666666666,0.5773502691896258,3,0.33333333333333337
M1-Clemastine,4.0,0.6666666666666666,0.5773502691896258,3,0.33333333333333337
M1-Clemastine,4.2,0.6666666666666666,0.5773502691896258,3,0.33333333333333337
M1-Clemastine,4.4,0.6666666666666666,0.5773502691896258,3,0.33333333333333337
M1-Clemastine,4.6,0.6666666666666666,0.5773502691896258,3,0.33333333333333337
M1-Clemastine,4.8,0.5555555555555555,0.5091750772173156,3,0.2939723678960657
M1-Clemastine,5.0,0.5555555555555555,0.5091750772173156,3,0.2939723678960657
M1-Clemastine,5.2,0.5555555555555555,0.5091750772173156,3,0.2939723678960657
M1-Clemastine,5.4,0.6666666666666666,0.5773502691896258,3,0.33333333333333337
M1-Clemastine,5.6,0.5555555555555555,0.5091750772173156,3,0.2939723678960657
M1-Clemastine,5.8,0.5555555555555555,0.5091750772173156,3,0.2939723678960657
M1-Clemastine,6.0,0.5555555555555555,0.5091750772173156,3,0.2939723678960657
M1-Clemastine,6.2,0.5555555555555555,0.5091750772173156,3,0.2939723678960657
M1-Clemastine,6.4,0.5555555555555555,0.5091750772173156,3,0.2939723678960657
M1-Clemastine,6.6,0.5555555555555555,0.5091750772173156,3,0.2939723678960657
M1-Clemastine,6.8,0.6666666666666666,0.5773502691896258,3,0.33333333333333337
M1-Clemastine,7.0,0.5555555555555555,0.5091750772173156,3,0.2939723678960657
M1-Clemastine,7.2,0.4444444444444444,0.5091750772173156,3,0.2939723678960657
M1-Clemastine,7.4,0.4444444444444444,0.5091750772173156,3,0.2939723678960657
M1-Clemastine,7.6,0.4444444444444444,0.5091750772173156,3,0.2939723678960657
M1-Clemastine,7.8,0.4444444444444444,0.5091750772173156,3,0.2939723678960657
M1-Clemastine,8.0,0.3333333333333333,0.3333333333333333,3,0.19245008972987526
M1-Clemastine,8.2,0.4444444444444444,0.3849001794597505,3,0.22222222222222224
M1-Clemastine,8.4,0.3333333333333333,0.3333333333333333,3,0.19245008972987526
M1-Clemastine,8.6,0.3333333333333333,0.3333333333333333,3,0.19245008972987526
M1-Clemastine,8.8,0.2222222222222222,0.3849001794597505,3,0.22222222222222224
M1-Clemastine,9.0,0.3333333333333333,0.5773502691896258,3,0.33333333333333337
M1-Clemastine,9.2,0.3333333333333333,0.3333333333333333,3,0.19245008972987526
M1-Clemastine,9.4,0.3333333333333333,0.3333333333333333,3,0.19245008972987526
M1-Clemastine,9.6,0.4444444444444444,0.3849001794597505,3,0.22222222222222224
M1-Clemastine,9.8,0.5555555555555555,0.5091750772173156,3,0.2939723678960657
M1-Clemastine,10.0,0.5555555555555555,0.5091750772173156,3,0.2939723678960657
M1-Clemastine,10.2,0.5555555555555555,0.5091750772173156,3,0.2939723678960657
M1-Clemastine,10.4,0.4444444444444444,0.5091750772173156,3,0.2939723678960657
M1-Clemastine,10.6,0.4444444444444444,0.5091750772173156,3,0.2939723678960657
M1-Clemastine,10.8,0.3333333333333333,0.5773502691896258,3,0.33333333333333337
M1-Clemastine,11.0,0.3333333333333333,0.5773502691896258,3,0.33333333333333337
M1-Clemastine,11.2,0.3333333333333333,0.5773502691896258,3,0.33333333333333337
M1-Clemastine,11.4,0.3333333333333333,0.5773502691896258,3,0.33333333333333337
M1-Clemastine,11.6,0.3333333333333333,0.5773502691896258,3,0.33333333333333337
M1-Clemastine,11.8,0.3333333333333333,0.5773502691896258,3,0.33333333333333337
M1-Clemastine,12.0,0.2222222222222222,0.3849001794597505,3,0.22222222222222224
M1-Clemastine,12.2,0.2222222222222222,0.3849001794597505,3,0.22222222222222224
M1-Clemastine,12.4,0.2222222222222222,0.3849001794597505,3,0.22222222222222224
M1-Clemastine,12.6,0.3333333333333333,0.5773502691896258,3,0.33333333333333337
M1-Clemastine,12.8,0.3333333333333333,0.5773502691896258,3,0.33333333333333337
M1-Clemastine,13.0,0.3333333333333333,0.5773502691896258,3,0.33333333333333337
M1-Clemastine,13.2,0.3333333333333333,0.5773502691896258,3,0.33333333333333337
M1-Clemastine,13.4,0.2222222222222222,0.3849001794597505,3,0.22222222222222224
M1-Clemastine,13.6,0.1111111111111111,0.19245008972987526,3,0.11111111111111112
M1-Clemastine,13.8,0.1111111111111111,0.19245008972987526,3,0.11111111111111112
M1-Clemastine,14.0,0.2222222222222222,0.3849001794597505,3,0.22222222222222224
M1-Clemastine,14.2,0.3333333333333333,0.5773502691896258,3,0.33333333333333337
M1-Clemastine,14.4,0.3333333333333333,0.5773502691896258,3,0.33333333333333337
M1-Clemastine,14.6,0.3333333333333333,0.5773502691896258,3,0.33333333333333337
M1-Clemastine,14.8,0.3333333333333333,0.5773502691896258,3,0.33333333333333337
M1-Clemastine,15.0,0.3333333333333333,0.5773502691896258,3,0.33333333333333337
M1-Clemastine,15.2,0.3333333333333333,0.5773502691896258,3,0.33333333333333337
M1-Clemastine,15.4,0.3333333333333333,0.5773502691896258,3,0.33333333333333337
M1-Clemastine,15.6,0.3333333333333333,0.5773502691896258,3,0.33333333333333337
M1-Clemastine,15.8,0.3333333333333333,0.5773502691896258,3,0.33333333333333337
M1-Clemastine,16.0,0.3333333333333333,0.5773502691896258,3,0.33333333333333337
M1-Clemastine,16.2,0.3333333333333333,0.5773502691896258,3,0.33333333333333337
M1-Clemastine,16.4,0.3333333333333333,0.5773502691896258,3,0.33333333333333337
M1-Clemastine,16.6,0.3333333333333333,0.5773502691896258,3,0.33333333333333337
M1-Clemastine,16.8,0.3333333333333333,0.5773502691896258,3,0.33333333333333337
M1-Clemastine,17.0,0.3333333333333333,0.5773502691896258,3,0.33333333333333337
M1-Clemastine,17.2,0.3333333333333333,0.5773502691896258,3,0.33333333333333337
M1-Clemastine,17.4,0.3333333333333333,0.5773502691896258,3,0.33333333333333337
M1-Clemastine,17.6,0.2222222222222222,0.3849001794597505,3,0.22222222222222224
M1-Clemastine,17.8,0.1111111111111111,0.19245008972987526,3,0.11111111111111112
M1-Clemastine,18.0,0.0,0.0,3,0.0
M1-Clemastine,18.2,0.1111111111111111,0.19245008972987526,3,0.11111111111111112
M1-Clemastine,18.4,0.2222222222222222,0.3849001794597505,3,0.22222222222222224
M1-Clemastine,18.6,0.3333333333333333,0.5773502691896258,3,0.33333333333333337
M1-Clemastine,18.8,0.3333333333333333,0.5773502691896258,3,0.33333333333333337
M1-Clemastine,19.0,0.3333333333333333,0.5773502691896258,3,0.33333333333333337
M1-Clemastine,19.2,0.3333333333333333,0.5773502691896258,3,0.33333333333333337
M1-Clemastine,19.4,0.3333333333333333,0.5773502691896258,3,0.33333333333333337
M1-Clemastine,19.6,0.2222222222222222,0.3849001794597505,3,0.22222222222222224
M1-Clemastine,19.8,0.1111111111111111,0.19245008972987526,3,0.11111111111111112
M1-Clemastine,20.0,0.1111111111111111,0.19245008972987526,3,0.11111111111111112
M1-Clemastine,20.2,0.2222222222222222,0.3849001794597505,3,0.22222222222222224
M1-Clemastine,20.4,0.3333333333333333,0.5773502691896258,3,0.33333333333333337
M1-Clemastine,20.6,0.3333333333333333,0.5773502691896258,3,0.33333333333333337
M1-Clemastine,20.8,0.3333333333333333,0.5773502691896258,3,0.33333333333333337
M1-Clemastine,21.0,0.2222222222222222,0.3849001794597505,3,0.22222222222222224
M1-Clemastine,21.2,0.2222222222222222,0.3849001794597505,3,0.22222222222222224
M1-Clemastine,21.4,0.2222222222222222,0.3849001794597505,3,0.22222222222222224
M1-Clemastine,21.6,0.3333333333333333,0.5773502691896258,3,0.33333333333333337
M1-Clemastine,21.8,0.2222222222222222,0.3849001794597505,3,0.22222222222222224
M1-Clemastine,22.0,0.2222222222222222,0.3849001794597505,3,0.22222222222222224
M1-Clemastine,22.2,0.1111111111111111,0.19245008972987526,3,0.11111111111111112
M1-Clemastine,22.4,0.2222222222222222,0.3849001794597505,3,0.22222222222222224
M1-Clemastine,22.6,0.2222222222222222,0.3849001794597505,3,0.22222222222222224
M1-Clemastine,22.8,0.2222222222222222,0.3849001794597505,3,0.22222222222222224
M1-Clemastine,23.0,0.2222222222222222,0.3849001794597505,3,0.22222222222222224
M1-Clemastine,23.2,0.2222222222222222,0.3849001794597505,3,0.22222222222222224
M1-Clemastine,23.4,0.3333333333333333,0.5773502691896258,3,0.33333333333333337
M1-Clemastine,23.6,0.3333333333333333,0.5773502691896258,3,0.33333333333333337
M1-Clemastine,23.8,0.3333333333333333,0.5773502691896258,3,0.33333333333333337
M1-Clemastine,24.0,0.3333333333333333,0.5773502691896258,3,0.33333333333333337
M1-Clemastine,24.2,0.3333333333333333,0.5773502691896258,3,0.33333333333333337
M1-Clemastine,24.4,0.3333333333333333,0.5773502691896258,3,0.33333333333333337
M1-Clemastine,24.6,0.3333333333333333,0.5773502691896258,3,0.33333333333333337
M1-Clemastine,24.8,0.3333333333333333,0.5773502691896258,3,0.33333333333333337
M1-Clemastine,25.0,0.3333333333333333,0.5773502691896258,3,0.33333333333333337
M1-Clemastine,25.2,0.3333333333333333,0.5773502691896258,3,0.33333333333333337
M1-Clemastine,25.4,0.3333333333333333,0.5773502691896258,3,0.33333333333333337
M1-Clemastine,25.6,0.3333333333333333,0.5773502691896258,3,0.33333333333333337
M1-Clemastine,25.8,0.3333333333333333,0.5773502691896258,3,0.33333333333333337
M1-Clemastine,26.0,0.3333333333333333,0.5773502691896258,3,0.33333333333333337
M1-Clemastine,26.2,0.3333333333333333,0.5773502691896258,3,0.33333333333333337
M1-Clemastine,26.4,0.3333333333333333,0.5773502691896258,3,0.33333333333333337
M1-Clemastine,26.6,0.2222222222222222,0.3849001794597505,3,0.22222222222222224
M1-Clemastine,26.8,0.2222222222222222,0.3849001794597505,3,0.22222222222222224
M1-Clemastine,27.0,0.2222222222222222,0.3849001794597505,3,0.22222222222222224
M1-Clemastine,27.2,0.3333333333333333,0.5773502691896258,3,0.33333333333333337
M1-Clemastine,27.4,0.3333333333333333,0.5773502691896258,3,0.33333333333333337
M1-Clemastine,27.6,0.3333333333333333,0.5773502691896258,3,0.33333333333333337
M1-Clemastine,27.8,0.3333333333333333,0.5773502691896258,3,0.33333333333333337
M1-Clemastine,28.0,0.2222222222222222,0.3849001794597505,3,0.22222222222222224
M1-Clemastine,28.2,0.2222222222222222,0.3849001794597505,3,0.22222222222222224
M1-Clemastine,28.4,0.2222222222222222,0.3849001794597505,3,0.22222222222222224
M1-Clemastine,28.6,0.2222222222222222,0.3849001794597505,3,0.22222222222222224
M1-Clemastine,28.8,0.2222222222222222,0.3849001794597505,3,0.22222222222222224
M1-Clemastine,29.0,0.2222222222222222,0.3849001794597505,3,0.22222222222222224
M1-Clemastine,29.2,0.3333333333333333,0.5773502691896258,3,0.33333333333333337
M1-Clemastine,29.4,0.2222222222222222,0.3849001794597505,3,0.22222222222222224
M1-Clemastine,29.6,0.2222222222222222,0.3849001794597505,3,0.22222222222222224
M1-Clemastine,29.8,0.2222222222222222,0.3849001794597505,3,0.22222222222222224
M1-Clemastine,30.0,0.3333333333333333,0.5773502691896258,3,0.33333333333333337
M1-Clemastine,30.2,0.3333333333333333,0.5773502691896258,3,0.33333333333333337
M1-Clemastine,30.4,0.3333333333333333,0.5773502691896258,3,0.33333333333333337
M1-Clemastine,30.6,0.3333333333333333,0.5773502691896258,3,0.33333333333333337
M1-Clemastine,30.8,0.3333333333333333,0.5773502691896258,3,0.33333333333333337
M1-Clemastine,31.0,0.3333333333333333,0.5773502691896258,3,0.33333333333333337
M1-Clemastine,31.2,0.3333333333333333,0.5773502691896258,3,0.33333333333333337
M1-Clemastine,31.4,0.3333333333333333,0.5773502691896258,3,0.33333333333333337
M1-Clemastine,31.6,0.2222222222222222,0.3849001794597505,3,0.22222222222222224
M1-Clemastine,31.8,0.1111111111111111,0.19245008972987526,3,0.11111111111111112
M1-Clemastine,32.0,0.1111111111111111,0.19245008972987526,3,0.11111111111111112
M1-Clemastine,32.2,0.2222222222222222,0.3849001794597505,3,0.22222222222222224
M1-Clemastine,32.4,0.3333333333333333,0.5773502691896258,3,0.33333333333333337
M1-Clemastine,32.6,0.3333333333333333,0.5773502691896258,3,0.33333333333333337
M1-Clemastine,32.8,0.3333333333333333,0.5773502691896258,3,0.33333333333333337
M1-Clemastine,33.0,0.3333333333333333,0.5773502691896258,3,0.33333333333333337
M1-Clemastine,33.2,0.2222222222222222,0.3849001794597505,3,0.22222222222222224
M1-Clemastine,33.4,0.2222222222222222,0.3849001794597505,3,0.22222222222222224
M1-Clemastine,33.6,0.1111111111111111,0.19245008972987526,3,0.11111111111111112
M1-Clemastine,33.8,0.2222222222222222,0.3849001794597505,3,0.22222222222222224
M1-Clemastine,34.0,0.1111111111111111,0.19245008972987526,3,0.11111111111111112
M1-Clemastine,34.2,0.2222222222222222,0.3849001794597505,3,0.22222222222222224
M1-Clemastine,34.4,0.2222222222222222,0.3849001794597505,3,0.22222222222222224
M1-Clemastine,34.6,0.3333333333333333,0.5773502691896258,3,0.33333333333333337
M1-Clemastine,34.8,0.3333333333333333,0.5773502691896258,3,0.33333333333333337
M1-Clemastine,35.0,0.2222222222222222,0.3849001794597505,3,0.22222222222222224
M1-Clemastine,35.2,0.2222222222222222,0.3849001794597505,3,0.22222222222222224
M1-Clemastine,35.4,0.2222222222222222,0.3849001794597505,3,0.22222222222222224
M1-Clemastine,35.6,0.3333333333333333,0.5773502691896258,3,0.33333333333333337
M1-Clemastine,35.8,0.3333333333333333,0.5773502691896258,3,0.33333333333333337
M1-Clemastine,36.0,0.3333333333333333,0.5773502691896258,3,0.33333333333333337
M1-Clemastine,36.2,0.2222222222222222,0.3849001794597505,3,0.22222222222222224
M1-Clemastine,36.4,0.2222222222222222,0.3849001794597505,3,0.22222222222222224
M1-Clemastine,36.6,0.1111111111111111,0.19245008972987526,3,0.11111111111111112
M1-Clemastine,36.8,0.2222222222222222,0.3849001794597505,3,0.22222222222222224
M1-Clemastine,37.0,0.2222222222222222,0.3849001794597505,3,0.22222222222222224
M1-Clemastine,37.2,0.3333333333333333,0.5773502691896258,3,0.33333333333333337
M1-Clemastine,37.4,0.3333333333333333,0.5773502691896258,3,0.33333333333333337
M1-Clemastine,37.6,0.3333333333333333,0.5773502691896258,3,0.33333333333333337
M1-Clemastine,37.8,0.3333333333333333,0.5773502691896258,3,0.33333333333333337
M1-Clemastine,38.0,0.2222222222222222,0.3849001794597505,3,0.22222222222222224
M1-Clemastine,38.2,0.1111111111111111,0.19245008972987526,3,0.11111111111111112
M1-Clemastine,38.4,0.1111111111111111,0.19245008972987526,3,0.11111111111111112
M1-Clemastine,38.6,0.2222222222222222,0.3849001794597505,3,0.22222222222222224
M1-Clemastine,38.8,0.3333333333333333,0.5773502691896258,3,0.33333333333333337
M1-Clemastine,39.0,0.2222222222222222,0.3849001794597505,3,0.22222222222222224
M1-Clemastine,39.2,0.1111111111111111,0.19245008972987526,3,0.11111111111111112
M1-Clemastine,39.4,0.1111111111111111,0.19245008972987526,3,0.11111111111111112
M1-Clemastine,39.6,0.1111111111111111,0.19245008972987526,3,0.11111111111111112
M1-Clemastine,39.8,0.1111111111111111,0.19245008972987526,3,0.11111111111111112
M1-Clemastine,40.0,0.1111111111111111,0.19245008972987526,3,0.11111111111111112
M1-Clemastine,40.2,0.2222222222222222,0.3849001794597505,3,0.22222222222222224
M1-Clemastine,40.4,0.3333333333333333,0.5773502691896258,3,0.33333333333333337
M1-Clemastine,40.6,0.3333333333333333,0.5773502691896258,3,0.33333333333333337
M1-Clemastine,40.8,0.3333333333333333,0.5773502691896258,3,0.33333333333333337
M1-Clemastine,41.0,0.3333333333333333,0.5773502691896258,3,0.33333333333333337
M1-Clemastine,41.2,0.3333333333333333,0.5773502691896258,3,0.33333333333333337
M1-Clemastine,41.4,0.3333333333333333,0.5773502691896258,3,0.33333333333333337
M1-Clemastine,41.6,0.3333333333333333,0.5773502691896258,3,0.33333333333333337
M1-Clemastine,41.8,0.2222222222222222,0.3849001794597505,3,0.22222222222222224
M1-Clemastine,42.0,0.1111111111111111,0.19245008972987526,3,0.11111111111111112
M1-Clemastine,42.2,0.0,0.0,3,0.0
M1-Clemastine,42.4,0.1111111111111111,0.19245008972987526,3,0.11111111111111112
M1-Clemastine,42.6,0.2222222222222222,0.3849001794597505,3,0.22222222222222224
M1-Clemastine,42.8,0.2222222222222222,0.3849001794597505,3,0.22222222222222224
M1-Clemastine,43.0,0.2222222222222222,0.3849001794597505,3,0.22222222222222224
M1-Clemastine,43.2,0.2222222222222222,0.3849001794597505,3,0.22222222222222224
M1-Clemastine,43.4,0.3333333333333333,0.5773502691896258,3,0.33333333333333337
M1-Clemastine,43.6,0.3333333333333333,0.5773502691896258,3,0.33333333333333337
M1-Clemastine,43.8,0.3333333333333333,0.5773502691896258,3,0.33333333333333337
M1-Clemastine,44.0,0.2222222222222222,0.3849001794597505,3,0.22222222222222224
M1-Clemastine,44.2,0.1111111111111111,0.19245008972987526,3,0.11111111111111112
M1-Clemastine,44.4,0.0,0.0,3,0.0
M1-Clemastine,44.6,0.1111111111111111,0.19245008972987526,3,0.11111111111111112
M1-Clemastine,44.8,0.2222222222222222,0.3849001794597505,3,0.22222222222222224
M1-Clemastine,45.0,0.3333333333333333,0.5773502691896258,3,0.33333333333333337
M1-Clemastine,45.2,0.3333333333333333,0.5773502691896258,3,0.33333333333333337
M1-Clemastine,45.4,0.3333333333333333,0.5773502691896258,3,0.33333333333333337
M1-Clemastine,45.6,0.3333333333333333,0.5773502691896258,3,0.33333333333333337
M1-Clemastine,45.8,0.3333333333333333,0.5773502691896258,3,0.33333333333333337
M1-Clemastine,46.0,0.3333333333333333,0.5773502691896258,3,0.33333333333333337
M1-Clemastine,46.2,0.3333333333333333,0.5773502691896258,3,0.33333333333333337
M1-Clemastine,46.4,0.3333333333333333,0.5773502691896258,3,0.33333333333333337
M1-Clemastine,46.6,0.3333333333333333,0.5773502691896258,3,0.33333333333333337
M1-Clemastine,46.8,0.3333333333333333,0.5773502691896258,3,0.33333333333333337
M1-Clemastine,47.0,0.3333333333333333,0.5773502691896258,3,0.33333333333333337
M1-Clemastine,47.2,0.3333333333333333,0.5773502691896258,3,0.33333333333333337
M1-Clemastine,47.4,0.3333333333333333,0.5773502691896258,3,0.33333333333333337
M1-Clemastine,47.6,0.3333333333333333,0.5773502691896258,3,0.33333333333333337
M1-Clemastine,47.8,0.3333333333333333,0.5773502691896258,3,0.33333333333333337
M1-Clemastine,48.0,0.3333333333333333,0.5773502691896258,3,0.33333333333333337
M1-Clemastine,48.2,0.2222222222222222,0.3849001794597505,3,0.22222222222222224
M1-Clemastine,48.4,0.1111111111111111,0.19245008972987526,3,0.11111111111111112
M1-Clemastine,48.6,0.1111111111111111,0.19245008972987526,3,0.11111111111111112
M1-Clemastine,48.8,0.2222222222222222,0.3849001794597505,3,0.22222222222222224
M1-Clemastine,49.0,0.3333333333333333,0.5773502691896258,3,0.33333333333333337
M1-Clemastine,49.2,0.3333333333333333,0.5773502691896258,3,0.33333333333333337
M1-Clemastine,49.4,0.3333333333333333,0.5773502691896258,3,0.33333333333333337
M1-Clemastine,49.6,0.3333333333333333,0.5773502691896258,3,0.33333333333333337
M1-Clemastine,49.8,0.3333333333333333,0.5773502691896258,3,0.33333333333333337
M1-Clemastine,50.0,0.3333333333333333,0.5773502691896258,3,0.33333333333333337
M1-Clemastine,50.2,0.3333333333333333,0.5773502691896258,3,0.33333333333333337
M1-Clemastine,50.4,0.3333333333333333,0.5773502691896258,3,0.33333333333333337
M1-Clemastine,50.6,0.3333333333333333,0.5773502691896258,3,0.33333333333333337
M1-Clemastine,50.8,0.3333333333333333,0.5773502691896258,3,0.33333333333333337
M1-Clemastine,51.0,0.3333333333333333,0.5773502691896258,3,0.33333333333333337
M1-Clemastine,51.2,0.3333333333333333,0.5773502691896258,3,0.33333333333333337
M1-Clemastine,51.4,0.3333333333333333,0.5773502691896258,3,0.33333333333333337
M1-Clemastine,51.6,0.3333333333333333,0.5773502691896258,3,0.33333333333333337
M1-Clemastine,51.8,0.3333333333333333,0.5773502691896258,3,0.33333333333333337
M1-Clemastine,52.0,0.3333333333333333,0.5773502691896258,3,0.33333333333333337
M1-Clemastine,52.2,0.3333333333333333,0.5773502691896258,3,0.33333333333333337
M1-Clemastine,52.4,0.3333333333333333,0.5773502691896258,3,0.33333333333333337
M1-Clemastine,52.6,0.3333333333333333,0.5773502691896258,3,0.33333333333333337
M1-Clemastine,52.8,0.3333333333333333,0.5773502691896258,3,0.33333333333333337
M1-Clemastine,53.0,0.3333333333333333,0.5773502691896258,3,0.33333333333333337
M1-Clemastine,53.2,0.3333333333333333,0.5773502691896258,3,0.33333333333333337
M1-Clemastine,53.4,0.2222222222222222,0.3849001794597505,3,0.22222222222222224
M1-Clemastine,53.6,0.2222222222222222,0.3849001794597505,3,0.22222222222222224
M1-Clemastine,53.8,0.2222222222222222,0.3849001794597505,3,0.22222222222222224
M1-Clemastine,54.0,0.3333333333333333,0.5773502691896258,3,0.33333333333333337
M1-Clemastine,54.2,0.3333333333333333,0.5773502691896258,3,0.33333333333333337
M1-Clemastine,54.4,0.3333333333333333,0.5773502691896258,3,0.33333333333333337
M1-Clemastine,54.6,0.3333333333333333,0.5773502691896258,3,0.33333333333333337
M1-Clemastine,54.8,0.3333333333333333,0.5773502691896258,3,0.33333333333333337
M1-Clemastine,55.0,0.2222222222222222,0.3849001794597505,3,0.22222222222222224
M1-Clemastine,55.2,0.2222222222222222,0.3849001794597505,3,0.22222222222222224
M1-Clemastine,55.4,0.2222222222222222,0.3849001794597505,3,0.22222222222222224
M1-Clemastine,55.6,0.3333333333333333,0.5773502691896258,3,0.33333333333333337
M1-Clemastine,55.8,0.3333333333333333,0.5773502691896258,3,0.33333333333333337
M1-Clemastine,56.0,0.3333333333333333,0.5773502691896258,3,0.33333333333333337
M1-Clemastine,56.2,0.3333333333333333,0.5773502691896258,3,0.33333333333333337
M1-Clemastine,56.4,0.3333333333333333,0.5773502691896258,3,0.33333333333333337
M1-Clemastine,56.6,0.3333333333333333,0.5773502691896258,3,0.33333333333333337
M1-Clemastine,56.8,0.3333333333333333,0.5773502691896258,3,0.33333333333333337
M1-Clemastine,57.0,0.3333333333333333,0.5773502691896258,3,0.33333333333333337
M1-Clemastine,57.2,0.3333333333333333,0.5773502691896258,3,0.33333333333333337
M1-Clemastine,57.4,0.2222222222222222,0.3849001794597505,3,0.22222222222222224
M1-Clemastine,57.6,0.2222222222222222,0.3849001794597505,3,0.22222222222222224
M1-Clemastine,57.8,0.2222222222222222,0.3849001794597505,3,0.22222222222222224
M1-Clemastine,58.0,0.3333333333333333,0.5773502691896258,3,0.33333333333333337
M1-Clemastine,58.2,0.3333333333333333,0.5773502691896258,3,0.33333333333333337
M1-Clemastine,58.4,0.3333333333333333,0.5773502691896258,3,0.33333333333333337
M1-Clemastine,58.6,0.3333333333333333,0.5773502691896258,3,0.33333333333333337
M1-Clemastine,58.8,0.3333333333333333,0.5773502691896258,3,0.33333333333333337
M1-Clemastine,59.0,0.3333333333333333,0.5773502691896258,3,0.33333333333333337
M1-Clemastine,59.2,0.3333333333333333,0.5773502691896258,3,0.33333333333333337
M1-Clemastine,59.4,0.3333333333333333,0.5773502691896258,3,0.33333333333333337
M1-Clemastine,59.6,0.3333333333333333,0.5773502691896258,3,0.33333333333333337
M1-Clemastine,59.8,0.3333333333333333,0.5773502691896258,3,0.33333333333333337
M1-Clemastine,60.0,0.3333333333333333,0.5773502691896258,3,0.33333333333333337
M1-Clemastine,60.2,0.3333333333333333,0.5773502691896258,3,0.33333333333333337
M1-Clemastine,60.4,0.3333333333333333,0.5773502691896258,3,0.33333333333333337
M1-Clemastine,60.6,0.3333333333333333,0.5773502691896258,3,0.33333333333333337
M1-Clemastine,60.8,0.3333333333333333,0.5773502691896258,3,0.33333333333333337
M1-Clemastine,61.0,0.3333333333333333,0.5773502691896258,3,0.33333333333333337
M1-Clemastine,61.2,0.3333333333333333,0.5773502691896258,3,0.33333333333333337
M1-Clemastine,61.4,0.3333333333333333,0.5773502691896258,3,0.33333333333333337
M1-Clemastine,61.6,0.3333333333333333,0.5773502691896258,3,0.33333333333333337
M1-Clemastine,61.8,0.3333333333333333,0.5773502691896258,3,0.33333333333333337
M1-Clemastine,62.0,0.3333333333333333,0.5773502691896258,3,0.33333333333333337
M1-Clemastine,62.2,0.2222222222222222,0.3849001794597505,3,0.22222222222222224
M1-Clemastine,62.4,0.2222222222222222,0.3849001794597505,3,0.22222222222222224
M1-Clemastine,62.6,0.2222222222222222,0.3849001794597505,3,0.22222222222222224
M1-Clemastine,62.8,0.3333333333333333,0.5773502691896258,3,0.33333333333333337
M1-Clemastine,63.0,0.3333333333333333,0.5773502691896258,3,0.33333333333333337
M1-Clemastine,63.2,0.3333333333333333,0.5773502691896258,3,0.33333333333333337
M1-Clemastine,63.4,0.3333333333333333,0.5773502691896258,3,0.33333333333333337
M1-Clemastine,63.6,0.2222222222222222,0.3849001794597505,3,0.22222222222222224
M1-Clemastine,63.8,0.2222222222222222,0.3849001794597505,3,0.22222222222222224
M1-Clemastine,64.0,0.2222222222222222,0.3849001794597505,3,0.22222222222222224
M1-Clemastine,64.2,0.3333333333333333,0.5773502691896258,3,0.33333333333333337
M1-Clemastine,64.4,0.3333333333333333,0.5773502691896258,3,0.33333333333333337
M1-Clemastine,64.6,0.3333333333333333,0.5773502691896258,3,0.33333333333333337
M1-Clemastine,64.8,0.2222222222222222,0.3849001794597505,3,0.22222222222222224
M1-Clemastine,65.0,0.2222222222222222,0.3849001794597505,3,0.22222222222222224
M1-Clemastine,65.2,0.1111111111111111,0.19245008972987526,3,0.11111111111111112
M1-Clemastine,65.4,0.2222222222222222,0.3849001794597505,3,0.22222222222222224
M1-Clemastine,65.6,0.2222222222222222,0.3849001794597505,3,0.22222222222222224
M1-Clemastine,65.8,0.2222222222222222,0.3849001794597505,3,0.22222222222222224
M1-Clemastine,66.0,0.2222222222222222,0.3849001794597505,3,0.22222222222222224
M1-Clemastine,66.2,0.1111111111111111,0.19245008972987526,3,0.11111111111111112
M1-Clemastine,66.4,0.2222222222222222,0.3849001794597505,3,0.22222222222222224
M1-Clemastine,66.6,0.1111111111111111,0.19245008972987526,3,0.11111111111111112
M1-Clemastine,66.8,0.2222222222222222,0.3849001794597505,3,0.22222222222222224
M1-Clemastine,67.0,0.1111111111111111,0.19245008972987526,3,0.11111111111111112
M1-Clemastine,67.2,0.1111111111111111,0.19245008972987526,3,0.11111111111111112
M1-Clemastine,67.4,0.1111111111111111,0.19245008972987526,3,0.11111111111111112
M1-Clemastine,67.6,0.2222222222222222,0.3849001794597505,3,0.22222222222222224
M1-Clemastine,67.8,0.3333333333333333,0.5773502691896258,3,0.33333333333333337
M1-Clemastine,68.0,0.3333333333333333,0.5773502691896258,3,0.33333333333333337
M1-Clemastine,68.2,0.3333333333333333,0.5773502691896258,3,0.33333333333333337
M1-Clemastine,68.4,0.2222222222222222,0.3849001794597505,3,0.22222222222222224
M1-Clemastine,68.6,0.2222222222222222,0.3849001794597505,3,0.22222222222222224
M1-Clemastine,68.8,0.2222222222222222,0.3849001794597505,3,0.22222222222222224
M1-Clemastine,69.0,0.3333333333333333,0.5773502691896258,3,0.33333333333333337
M1-Clemastine,69.2,0.3333333333333333,0.5773502691896258,3,0.33333333333333337
M1-Clemastine,69.4,0.3333333333333333,0.5773502691896258,3,0.33333333333333337
M1-Clemastine,69.6,0.3333333333333333,0.5773502691896258,3,0.33333333333333337
M1-Clemastine,69.8,0.3333333333333333,0.5773502691896258,3,0.33333333333333337
M1-Clemastine,70.0,0.3333333333333333,0.5773502691896258,3,0.33333333333333337
M1-Clemastine,70.2,0.3333333333333333,0.5773502691896258,3,0.33333333333333337
M1-Clemastine,70.4,0.3333333333333333,0.5773502691896258,3,0.33333333333333337
M1-Clemastine,70.6,0.3333333333333333,0.5773502691896258,3,0.33333333333333337
M1-Clemastine,70.8,0.3333333333333333,0.5773502691896258,3,0.33333333333333337
M1-Clemastine,71.0,0.3333333333333333,0.5773502691896258,3,0.33333333333333337
M1-Clemastine,71.2,0.3333333333333333,0.5773502691896258,3,0.33333333333333337
M1-Clemastine,71.4,0.3333333333333333,0.5773502691896258,3,0.33333333333333337
M1-Clemastine,71.6,0.3333333333333333,0.5773502691896258,3,0.33333333333333337
M1-Clemastine,71.8,0.3333333333333333,0.5773502691896258,3,0.33333333333333337
M1-Clemastine,72.0,0.3333333333333333,0.5773502691896258,3,0.33333333333333337
M1-Clemastine,72.2,0.3333333333333333,0.5773502691896258,3,0.33333333333333337
M1-Clemastine,72.4,0.2222222222222222,0.3849001794597505,3,0.22222222222222224
M1-Clemastine,72.6,0.2222222222222222,0.3849001794597505,3,0.22222222222222224
M1-Clemastine,72.8,0.2222222222222222,0.3849001794597505,3,0.22222222222222224
M1-Clemastine,73.0,0.3333333333333333,0.5773502691896258,3,0.33333333333333337
M1-Clemastine,73.2,0.3333333333333333,0.5773502691896258,3,0.33333333333333337
M1-Clemastine,73.4,0.3333333333333333,0.5773502691896258,3,0.33333333333333337
M1-Clemastine,73.6,0.3333333333333333,0.5773502691896258,3,0.33333333333333337
M1-Clemastine,73.8,0.3333333333333333,0.5773502691896258,3,0.33333333333333337
M1-Clemastine,74.0,0.3333333333333333,0.5773502691896258,3,0.33333333333333337
M1-Clemastine,74.2,0.3333333333333333,0.5773502691896258,3,0.33333333333333337
M1-Clemastine,74.4,0.3333333333333333,0.5773502691896258,3,0.33333333333333337
M1-Clemastine,74.6,0.2222222222222222,0.3849001794597505,3,0.22222222222222224
M1-Clemastine,74.8,0.2222222222222222,0.3849001794597505,3,0.22222222222222224
M1-Clemastine,75.0,0.2222222222222222,0.3849001794597505,3,0.22222222222222224
M1-Clemastine,75.2,0.3333333333333333,0.5773502691896258,3,0.33333333333333337
M1-Clemastine,75.4,0.2222222222222222,0.3849001794597505,3,0.22222222222222224
M1-Clemastine,75.6,0.2222222222222222,0.3849001794597505,3,0.22222222222222224
M1-Clemastine,75.8,0.2222222222222222,0.3849001794597505,3,0.22222222222222224
M1-Clemastine,76.0,0.3333333333333333,0.5773502691896258,3,0.33333333333333337
M1-Clemastine,76.2,0.3333333333333333,0.5773502691896258,3,0.33333333333333337
M1-Clemastine,76.4,0.3333333333333333,0.5773502691896258,3,0.33333333333333337
M1-Clemastine,76.6,0.3333333333333333,0.5773502691896258,3,0.33333333333333337
M1-Clemastine,76.8,0.3333333333333333,0.5773502691896258,3,0.33333333333333337
M1-Clemastine,77.0,0.3333333333333333,0.5773502691896258,3,0.33333333333333337
M1-Clemastine,77.2,0.3333333333333333,0.5773502691896258,3,0.33333333333333337
M1-Clemastine,77.4,0.3333333333333333,0.5773502691896258,3,0.33333333333333337
M1-Clemastine,77.6,0.2222222222222222,0.3849001794597505,3,0.22222222222222224
M1-Clemastine,77.8,0.2222222222222222,0.3849001794597505,3,0.22222222222222224
M1-Clemastine,78.0,0.2222222222222222,0.3849001794597505,3,0.22222222222222224
M1-Clemastine,78.2,0.3333333333333333,0.5773502691896258,3,0.33333333333333337
M1-Clemastine,78.4,0.2222222222222222,0.3849001794597505,3,0.22222222222222224
M1-Clemastine,78.6,0.1111111111111111,0.19245008972987526,3,0.11111111111111112
M1-Clemastine,78.8,0.1111111111111111,0.19245008972987526,3,0.11111111111111112
M1-Clemastine,79.0,0.1111111111111111,0.19245008972987526,3,0.11111111111111112
M1-Clemastine,79.2,0.1111111111111111,0.19245008972987526,3,0.11111111111111112
M1-Clemastine,79.4,0.0,0.0,3,0.0
M1-Clemastine,79.6,0.0,0.0,3,0.0
M1-Clemastine,79.8,0.1111111111111111,0.19245008972987526,3,0.11111111111111112
M1-Clemastine,80.0,0.2222222222222222,0.3849001794597505,3,0.22222222222222224
M1-Clemastine,80.2,0.3333333333333333,0.5773502691896258,3,0.33333333333333337
M1-Clemastine,80.4,0.3333333333333333,0.5773502691896258,3,0.33333333333333337
M1-Clemastine,80.6,0.3333333333333333,0.5773502691896258,3,0.33333333333333337
M1-Clemastine,80.8,0.3333333333333333,0.5773502691896258,3,0.33333333333333337
M1-Clemastine,81.0,0.3333333333333333,0.5773502691896258,3,0.33333333333333337
M1-Clemastine,81.2,0.3333333333333333,0.5773502691896258,3,0.33333333333333337
M1-Clemastine,81.4,0.3333333333333333,0.5773502691896258,3,0.33333333333333337
M1-Clemastine,81.6,0.3333333333333333,0.5773502691896258,3,0.33333333333333337
M1-Clemastine,81.8,0.3333333333333333,0.5773502691896258,3,0.33333333333333337
M1-Clemastine,82.0,0.3333333333333333,0.5773502691896258,3,0.33333333333333337
M1-Clemastine,82.2,0.3333333333333333,0.5773502691896258,3,0.33333333333333337
M1-Clemastine,82.4,0.3333333333333333,0.5773502691896258,3,0.33333333333333337
M1-Clemastine,82.6,0.3333333333333333,0.5773502691896258,3,0.33333333333333337
M1-Clemastine,82.8,0.3333333333333333,0.5773502691896258,3,0.33333333333333337
M1-Clemastine,83.0,0.3333333333333333,0.5773502691896258,3,0.33333333333333337
M1-Clemastine,83.2,0.3333333333333333,0.5773502691896258,3,0.33333333333333337
M1-Clemastine,83.4,0.3333333333333333,0.5773502691896258,3,0.33333333333333337
M1-Clemastine,83.6,0.3333333333333333,0.5773502691896258,3,0.33333333333333337
M1-Clemastine,83.8,0.3333333333333333,0.5773502691896258,3,0.33333333333333337
M1-Clemastine,84.0,0.3333333333333333,0.5773502691896258,3,0.33333333333333337
M1-Clemastine,84.2,0.3333333333333333,0.5773502691896258,3,0.33333333333333337
M1-Clemastine,84.4,0.3333333333333333,0.5773502691896258,3,0.33333333333333337
M1-Clemastine,84.6,0.3333333333333333,0.5773502691896258,3,0.33333333333333337
M1-Clemastine,84.8,0.3333333333333333,0.5773502691896258,3,0.33333333333333337
M1-Clemastine,85.0,0.3333333333333333,0.5773502691896258,3,0.33333333333333337
M1-Clemastine,85.2,0.3333333333333333,0.5773502691896258,3,0.33333333333333337
M1-Clemastine,85.4,0.3333333333333333,0.5773502691896258,3,0.33333333333333337
M1-Clemastine,85.6,0.3333333333333333,0.5773502691896258,3,0.33333333333333337
M1-Clemastine,85.8,0.3333333333333333,0.5773502691896258,3,0.33333333333333337
M1-Clemastine,86.0,0.3333333333333333,0.5773502691896258,3,0.33333333333333337
M1-Clemastine,86.2,0.3333333333333333,0.5773502691896258,3,0.33333333333333337
M1-Clemastine,86.4,0.2222222222222222,0.3849001794597505,3,0.22222222222222224
M1-Clemastine,86.6,0.2222222222222222,0.3849001794597505,3,0.22222222222222224
M1-Clemastine,86.8,0.2222222222222222,0.3849001794597505,3,0.22222222222222224
M1-Clemastine,87.0,0.3333333333333333,0.5773502691896258,3,0.33333333333333337
M1-Clemastine,87.2,0.3333333333333333,0.5773502691896258,3,0.33333333333333337
M1-Clemastine,87.4,0.3333333333333333,0.5773502691896258,3,0.33333333333333337
M1-Clemastine,87.6,0.3333333333333333,0.5773502691896258,3,0.33333333333333337
M1-Clemastine,87.8,0.3333333333333333,0.5773502691896258,3,0.33333333333333337
M1-Clemastine,88.0,0.3333333333333333,0.5773502691896258,3,0.33333333333333337
M1-Clemastine,88.2,0.3333333333333333,0.5773502691896258,3,0.33333333333333337
M1-Clemastine,88.4,0.3333333333333333,0.5773502691896258,3,0.33333333333333337
M1-Clemastine,88.6,0.3333333333333333,0.5773502691896258,3,0.33333333333333337
M1-Clemastine,88.8,0.3333333333333333,0.5773502691896258,3,0.33333333333333337
M1-Clemastine,89.0,0.3333333333333333,0.5773502691896258,3,0.33333333333333337
M1-Clemastine,89.2,0.3333333333333333,0.5773502691896258,3,0.33333333333333337
M1-Clemastine,89.4,0.3333333333333333,0.5773502691896258,3,0.33333333333333337
M1-Clemastine,89.6,0.3333333333333333,0.5773502691896258,3,0.33333333333333337
M1-Clemastine,89.8,0.3333333333333333,0.5773502691896258,3,0.33333333333333337
M1-Clemastine,90.0,0.3333333333333333,0.5773502691896258,3,0.33333333333333337
M1-Clemastine,90.2,0.3333333333333333,0.5773502691896258,3,0.33333333333333337
M1-Clemastine,90.4,0.3333333333333333,0.5773502691896258,3,0.33333333333333337
M1-Clemastine,90.6,0.3333333333333333,0.5773502691896258,3,0.33333333333333337
M1-Clemastine,90.8,0.3333333333333333,0.5773502691896258,3,0.33333333333333337
M1-Clemastine,91.0,0.3333333333333333,0.5773502691896258,3,0.33333333333333337
M1-Clemastine,91.2,0.3333333333333333,0.5773502691896258,3,0.33333333333333337
M1-Clemastine,91.4,0.3333333333333333,0.5773502691896258,3,0.33333333333333337
M1-Clemastine,91.6,0.3333333333333333,0.5773502691896258,3,0.33333333333333337
M1-Clemastine,91.8,0.3333333333333333,0.5773502691896258,3,0.33333333333333337
M1-Clemastine,92.0,0.3333333333333333,0.5773502691896258,3,0.33333333333333337
M1-Clemastine,92.2,0.3333333333333333,0.5773502691896258,3,0.33333333333333337
M1-Clemastine,92.4,0.3333333333333333,0.5773502691896258,3,0.33333333333333337
M1-Clemastine,92.6,0.3333333333333333,0.5773502691896258,3,0.33333333333333337
M1-Clemastine,92.8,0.3333333333333333,0.5773502691896258,3,0.33333333333333337
M1-Clemastine,93.0,0.3333333333333333,0.5773502691896258,3,0.33333333333333337
M1-Clemastine,93.2,0.3333333333333333,0.5773502691896258,3,0.33333333333333337
M1-Clemastine,93.4,0.3333333333333333,0.5773502691896258,3,0.33333333333333337
M1-Clemastine,93.6,0.3333333333333333,0.5773502691896258,3,0.33333333333333337
M1-Clemastine,93.8,0.3333333333333333,0.5773502691896258,3,0.33333333333333337
M1-Clemastine,94.0,0.3333333333333333,0.5773502691896258,3,0.33333333333333337
M1-Clemastine,94.2,0.3333333333333333,0.5773502691896258,3,0.33333333333333337
M1-Clemastine,94.4,0.3333333333333333,0.5773502691896258,3,0.33333333333333337
M1-Clemastine,94.6,0.3333333333333333,0.5773502691896258,3,0.33333333333333337
M1-Clemastine,94.8,0.3333333333333333,0.5773502691896258,3,0.33333333333333337
M1-Clemastine,95.0,0.3333333333333333,0.5773502691896258,3,0.33333333333333337
M1-Clemastine,95.2,0.3333333333333333,0.5773502691896258,3,0.33333333333333337
M1-Clemastine,95.4,0.3333333333333333,0.5773502691896258,3,0.33333333333333337
M1-Clemastine,95.6,0.3333333333333333,0.5773502691896258,3,0.33333333333333337
M1-Clemastine,95.8,0.3333333333333333,0.5773502691896258,3,0.33333333333333337
M1-Clemastine,96.0,0.3333333333333333,0.5773502691896258,3,0.33333333333333337
M1-Clemastine,96.2,0.3333333333333333,0.5773502691896258,3,0.33333333333333337
M1-Clemastine,96.4,0.3333333333333333,0.5773502691896258,3,0.33333333333333337
M1-Clemastine,96.6,0.2222222222222222,0.3849001794597505,3,0.22222222222222224
M1-Clemastine,96.8,0.2222222222222222,0.3849001794597505,3,0.22222222222222224
M1-Clemastine,97.0,0.2222222222222222,0.3849001794597505,3,0.22222222222222224
M1-Clemastine,97.2,0.3333333333333333,0.5773502691896258,3,0.33333333333333337
M1-Clemastine,97.4,0.3333333333333333,0.5773502691896258,3,0.33333333333333337
M1-Clemastine,97.6,0.3333333333333333,0.5773502691896258,3,0.33333333333333337
M1-Clemastine,97.8,0.3333333333333333,0.5773502691896258,3,0.33333333333333337
M1-Clemastine,98.0,0.3333333333333333,0.5773502691896258,3,0.33333333333333337
M1-Clemastine,98.2,0.3333333333333333,0.5773502691896258,3,0.33333333333333337
M1-Clemastine,98.4,0.3333333333333333,0.5773502691896258,3,0.33333333333333337
M1-Clemastine,98.6,0.3333333333333333,0.5773502691896258,3,0.33333333333333337
M1-Clemastine,98.8,0.3333333333333333,0.5773502691896258,3,0.33333333333333337
M1-Clemastine,99.0,0.3333333333333333,0.5773502691896258,3,0.33333333333333337
M1-Clemastine,99.2,0.3333333333333333,0.5773502691896258,3,0.33333333333333337
M1-Clemastine,99.4,0.3333333333333333,0.5773502691896258,3,0.33333333333333337
M1-Clemastine,99.6,0.3333333333333333,0.5773502691896258,3,0.33333333333333337
M1-Clemastine,99.8,0.3333333333333333,0.5773502691896258,3,0.33333333333333337
M1-Clemastine,100.0,0.3333333333333333,0.5773502691896258,3,0.33333333333333337
M1-Clemastine,100.2,0.3333333333333333,0.5773502691896258,3,0.33333333333333337
M1-Clemastine,100.4,0.2222222222222222,0.3849001794597505,3,0.22222222222222224
M1-Clemastine,100.6,0.2222222222222222,0.3849001794597505,3,0.22222222222222224
M1-Clemastine,100.8,0.2222222222222222,0.3849001794597505,3,0.22222222222222224
M1-Clemastine,101.0,0.3333333333333333,0.5773502691896258,3,0.33333333333333337
M1-Clemastine,101.2,0.2222222222222222,0.3849001794597505,3,0.22222222222222224
M1-Clemastine,101.4,0.2222222222222222,0.3849001794597505,3,0.22222222222222224
M1-Clemastine,101.6,0.1111111111111111,0.19245008972987526,3,0.11111111111111112
M1-Clemastine,101.8,0.1111111111111111,0.19245008972987526,3,0.11111111111111112
M1-Clemastine,102.0,0.0,0.0,3,0.0
M1-Clemastine,102.2,0.1111111111111111,0.19245008972987526,3,0.11111111111111112
M1-Clemastine,102.4,0.1111111111111111,0.19245008972987526,3,0.11111111111111112
M1-Clemastine,102.6,0.2222222222222222,0.3849001794597505,3,0.22222222222222224
M1-Clemastine,102.8,0.2222222222222222,0.3849001794597505,3,0.22222222222222224
M1-Clemastine,103.0,0.3333333333333333,0.5773502691896258,3,0.33333333333333337
M1-Clemastine,103.2,0.3333333333333333,0.5773502691896258,3,0.33333333333333337
M1-Clemastine,103.4,0.3333333333333333,0.5773502691896258,3,0.33333333333333337
M1-Clemastine,103.6,0.3333333333333333,0.5773502691896258,3,0.33333333333333337
M1-Clemastine,103.8,0.3333333333333333,0.5773502691896258,3,0.33333333333333337
M1-Clemastine,104.0,0.3333333333333333,0.5773502691896258,3,0.33333333333333337
M1-Clemastine,104.2,0.2222222222222222,0.3849001794597505,3,0.22222222222222224
M1-Clemastine,104.4,0.2222222222222222,0.3849001794597505,3,0.22222222222222224
M1-Clemastine,104.6,0.1111111111111111,0.19245008972987526,3,0.11111111111111112
M1-Clemastine,104.8,0.1111111111111111,0.19245008972987526,3,0.11111111111111112
M1-Clemastine,105.0,0.1111111111111111,0.19245008972987526,3,0.11111111111111112
M1-Clemastine,105.2,0.2222222222222222,0.3849001794597505,3,0.22222222222222224
M1-Clemastine,105.4,0.3333333333333333,0.5773502691896258,3,0.33333333333333337
M1-Clemastine,105.6,0.3333333333333333,0.5773502691896258,3,0.33333333333333337
M1-Clemastine,105.8,0.3333333333333333,0.5773502691896258,3,0.33333333333333337
M1-Clemastine,106.0,0.3333333333333333,0.5773502691896258,3,0.33333333333333337
M1-Clemastine,106.2,0.3333333333333333,0.5773502691896258,3,0.33333333333333337
M1-Clemastine,106.4,0.3333333333333333,0.5773502691896258,3,0.33333333333333337
M1-Clemastine,106.6,0.3333333333333333,0.5773502691896258,3,0.33333333333333337
M1-Clemastine,106.8,0.3333333333333333,0.5773502691896258,3,0.33333333333333337
M1-Clemastine,107.0,0.3333333333333333,0.5773502691896258,3,0.33333333333333337
M1-Clemastine,107.2,0.2222222222222222,0.3849001794597505,3,0.22222222222222224
M1-Clemastine,107.4,0.2222222222222222,0.3849001794597505,3,0.22222222222222224
M1-Clemastine,107.6,0.2222222222222222,0.3849001794597505,3,0.22222222222222224
M1-Clemastine,107.8,0.3333333333333333,0.5773502691896258,3,0.33333333333333337
M1-Clemastine,108.0,0.3333333333333333,0.5773502691896258,3,0.33333333333333337
M1-Clemastine,108.2,0.3333333333333333,0.5773502691896258,3,0.33333333333333337
M1-Clemastine,108.4,0.3333333333333333,0.5773502691896258,3,0.33333333333333337
M1-Clemastine,108.6,0.3333333333333333,0.5773502691896258,3,0.33333333333333337
M1-Clemastine,108.8,0.3333333333333333,0.5773502691896258,3,0.33333333333333337
M1-Clemastine,109.0,0.3333333333333333,0.5773502691896258,3,0.33333333333333337
M1-Clemastine,109.2,0.3333333333333333,0.5773502691896258,3,0.33333333333333337
M1-Clemastine,109.4,0.3333333333333333,0.5773502691896258,3,0.33333333333333337
M1-Clemastine,109.6,0.3333333333333333,0.5773502691896258,3,0.33333333333333337
M1-Clemastine,109.8,0.3333333333333333,0.5773502691896258,3,0.33333333333333337
M1-Clemastine,110.0,0.3333333333333333,0.5773502691896258,3,0.33333333333333337
M1-Clemastine,110.2,0.2222222222222222,0.3849001794597505,3,0.22222222222222224
M1-Clemastine,110.4,0.2222222222222222,0.3849001794597505,3,0.22222222222222224
M1-Clemastine,110.6,0.2222222222222222,0.3849001794597505,3,0.22222222222222224
M1-Clemastine,110.8,0.2222222222222222,0.3849001794597505,3,0.22222222222222224
M1-Clemastine,111.0,0.2222222222222222,0.3849001794597505,3,0.22222222222222224
M1-Clemastine,111.2,0.2222222222222222,0.3849001794597505,3,0.22222222222222224
M1-Clemastine,111.4,0.3333333333333333,0.5773502691896258,3,0.33333333333333337
M1-Clemastine,111.6,0.3333333333333333,0.5773502691896258,3,0.33333333333333337
M1-Clemastine,111.8,0.3333333333333333,0.5773502691896258,3,0.33333333333333337
M1-Clemastine,112.0,0.3333333333333333,0.5773502691896258,3,0.33333333333333337
M1-Clemastine,112.2,0.3333333333333333,0.5773502691896258,3,0.33333333333333337
M1-Clemastine,112.4,0.3333333333333333,0.5773502691896258,3,0.33333333333333337
M1-Clemastine,112.6,0.3333333333333333,0.5773502691896258,3,0.33333333333333337
M1-Clemastine,112.8,0.3333333333333333,0.5773502691896258,3,0.33333333333333337
M1-Clemastine,113.0,0.3333333333333333,0.5773502691896258,3,0.33333333333333337
M1-Clemastine,113.2,0.3333333333333333,0.5773502691896258,3,0.33333333333333337
M1-Clemastine,113.4,0.3333333333333333,0.5773502691896258,3,0.33333333333333337
M1-Clemastine,113.6,0.3333333333333333,0.5773502691896258,3,0.33333333333333337
M1-Clemastine,113.8,0.3333333333333333,0.5773502691896258,3,0.33333333333333337
M1-Clemastine,114.0,0.3333333333333333,0.5773502691896258,3,0.33333333333333337
M1-Clemastine,114.2,0.3333333333333333,0.5773502691896258,3,0.33333333333333337
M1-Clemastine,114.4,0.3333333333333333,0.5773502691896258,3,0.33333333333333337
M1-Clemastine,114.6,0.2222222222222222,0.3849001794597505,3,0.22222222222222224
M1-Clemastine,114.8,0.2222222222222222,0.3849001794597505,3,0.22222222222222224
M1-Clemastine,115.0,0.2222222222222222,0.3849001794597505,3,0.22222222222222224
M1-Clemastine,115.2,0.3333333333333333,0.5773502691896258,3,0.33333333333333337
M1-Clemastine,115.4,0.3333333333333333,0.5773502691896258,3,0.33333333333333337
M1-Clemastine,115.6,0.3333333333333333,0.5773502691896258,3,0.33333333333333337
M1-Clemastine,115.8,0.3333333333333333,0.5773502691896258,3,0.33333333333333337
M1-Clemastine,116.0,0.3333333333333333,0.5773502691896258,3,0.33333333333333337
M1-Clemastine,116.2,0.3333333333333333,0.5773502691896258,3,0.33333333333333337
M1-Clemastine,116.4,0.2222222222222222,0.3849001794597505,3,0.22222222222222224
M1-Clemastine,116.6,0.2222222222222222,0.3849001794597505,3,0.22222222222222224
M1-Clemastine,116.8,0.2222222222222222,0.3849001794597505,3,0.22222222222222224
M1-Clemastine,117.0,0.3333333333333333,0.5773502691896258,3,0.33333333333333337
M1-Clemastine,117.2,0.3333333333333333,0.5773502691896258,3,0.33333333333333337
M1-Clemastine,117.4,0.3333333333333333,0.5773502691896258,3,0.33333333333333337
M1-Clemastine,117.6,0.3333333333333333,0.5773502691896258,3,0.33333333333333337
M1-Clemastine,117.8,0.3333333333333333,0.5773502691896258,3,0.33333333333333337
M1-Clemastine,118.0,0.2222222222222222,0.3849001794597505,3,0.22222222222222224
M1-Clemastine,118.2,0.2222222222222222,0.3849001794597505,3,0.22222222222222224
M1-Clemastine,118.4,0.2222222222222222,0.3849001794597505,3,0.22222222222222224
M1-Clemastine,118.6,0.3333333333333333,0.5773502691896258,3,0.33333333333333337
M1-Clemastine,118.8,0.2222222222222222,0.3849001794597505,3,0.22222222222222224
M1-Clemastine,119.0,0.2222222222222222,0.3849001794597505,3,0.22222222222222224
M1-Clemastine,119.2,0.2222222222222222,0.3849001794597505,3,0.22222222222222224
M1-Clemastine,119.4,0.3333333333333333,0.5773502691896258,3,0.33333333333333337
M1-Clemastine,119.6,0.3333333333333333,0.5773502691896258,3,0.33333333333333337
M1-Clemastine,119.8,0.3333333333333333,0.5773502691896258,3,0.33333333333333337
M1-Clemastine,120.0,0.2222222222222222,0.3849001794597505,3,0.22222222222222224
M1-Clemastine,120.2,0.2222222222222222,0.3849001794597505,3,0.22222222222222224
M1-Clemastine,120.4,0.2222222222222222,0.3849001794597505,3,0.22222222222222224
M1-Clemastine,120.6,0.3333333333333333,0.5773502691896258,3,0.33333333333333337
M1-Clemastine,120.8,0.3333333333333333,0.5773502691896258,3,0.33333333333333337
M1-Clemastine,121.0,0.3333333333333333,0.5773502691896258,3,0.33333333333333337
M1-Clemastine,121.2,0.3333333333333333,0.5773502691896258,3,0.33333333333333337
M1-Clemastine,121.4,0.3333333333333333,0.5773502691896258,3,0.33333333333333337
M1-Clemastine,121.6,0.3333333333333333,0.5773502691896258,3,0.33333333333333337
M1-Clemastine,121.8,0.3333333333333333,0.5773502691896258,3,0.33333333333333337
M1-Clemastine,122.0,0.3333333333333333,0.5773502691896258,3,0.33333333333333337
M1-Clemastine,122.2,0.3333333333333333,0.5773502691896258,3,0.33333333333333337
M1-Clemastine,122.4,0.3333333333333333,0.5773502691896258,3,0.33333333333333337
M1-Clemastine,122.6,0.3333333333333333,0.5773502691896258,3,0.33333333333333337
M1-Clemastine,122.8,0.2222222222222222,0.3849001794597505,3,0.22222222222222224
M1-Clemastine,123.0,0.2222222222222222,0.3849001794597505,3,0.22222222222222224
M1-Clemastine,123.2,0.1111111111111111,0.19245008972987526,3,0.11111111111111112
M1-Clemastine,123.4,0.2222222222222222,0.3849001794597505,3,0.22222222222222224
M1-Clemastine,123.6,0.2222222222222222,0.3849001794597505,3,0.22222222222222224
M1-Clemastine,123.8,0.3333333333333333,0.5773502691896258,3,0.33333333333333337
M1-Clemastine,124.0,0.3333333333333333,0.5773502691896258,3,0.33333333333333337
M1-Clemastine,124.2,0.3333333333333333,0.5773502691896258,3,0.33333333333333337
M1-Clemastine,124.4,0.2222222222222222,0.3849001794597505,3,0.22222222222222224
M1-Clemastine,124.6,0.1111111111111111,0.19245008972987526,3,0.11111111111111112
M1-Clemastine,124.8,0.0,0.0,3,0.0
M1-Clemastine,125.0,0.1111111111111111,0.19245008972987526,3,0.11111111111111112
M1-Clemastine,125.2,0.2222222222222222,0.3849001794597505,3,0.22222222222222224
M1-Clemastine,125.4,0.3333333333333333,0.5773502691896258,3,0.33333333333333337
M1-Clemastine,125.6,0.3333333333333333,0.5773502691896258,3,0.33333333333333337
M1-Clemastine,125.8,0.3333333333333333,0.5773502691896258,3,0.33333333333333337
M1-Clemastine,126.0,0.3333333333333333,0.5773502691896258,3,0.33333333333333337
M1-Clemastine,126.2,0.3333333333333333,0.5773502691896258,3,0.33333333333333337
M1-Clemastine,126.4,0.3333333333333333,0.5773502691896258,3,0.33333333333333337
M1-Clemastine,126.6,0.2222222222222222,0.3849001794597505,3,0.22222222222222224
M1-Clemastine,126.8,0.2222222222222222,0.3849001794597505,3,0.22222222222222224
M1-Clemastine,127.0,0.2222222222222222,0.3849001794597505,3,0.22222222222222224
M1-Clemastine,127.2,0.3333333333333333,0.5773502691896258,3,0.33333333333333337
M1-Clemastine,127.4,0.2222222222222222,0.3849001794597505,3,0.22222222222222224
M1-Clemastine,127.6,0.1111111111111111,0.19245008972987526,3,0.11111111111111112
M1-Clemastine,127.8,0.0,0.0,3,0.0
M1-Clemastine,128.0,0.1111111111111111,0.19245008972987526,3,0.11111111111111112
M1-Clemastine,128.2,0.2222222222222222,0.3849001794597505,3,0.22222222222222224
M1-Clemastine,128.4,0.3333333333333333,0.5773502691896258,3,0.33333333333333337
M1-Clemastine,128.6,0.3333333333333333,0.5773502691896258,3,0.33333333333333337
M1-Clemastine,128.8,0.3333333333333333,0.5773502691896258,3,0.33333333333333337
M1-Clemastine,129.0,0.3333333333333333,0.5773502691896258,3,0.33333333333333337
M1-Clemastine,129.2,0.3333333333333333,0.5773502691896258,3,0.33333333333333337
M1-Clemastine,129.4,0.3333333333333333,0.5773502691896258,3,0.33333333333333337
M1-Clemastine,129.6,0.3333333333333333,0.5773502691896258,3,0.33333333333333337
M1-Clemastine,129.8,0.3333333333333333,0.5773502691896258,3,0.33333333333333337
M1-Clemastine,130.0,0.3333333333333333,0.5773502691896258,3,0.33333333333333337
M1-Clemastine,130.2,0.3333333333333333,0.5773502691896258,3,0.33333333333333337
M1-Clemastine,130.4,0.3333333333333333,0.5773502691896258,3,0.33333333333333337
M1-Clemastine,130.6,0.3333333333333333,0.5773502691896258,3,0.33333333333333337
M1-Clemastine,130.8,0.3333333333333333,0.5773502691896258,3,0.33333333333333337
M1-Clemastine,131.0,0.3333333333333333,0.5773502691896258,3,0.33333333333333337
M1-Clemastine,131.2,0.3333333333333333,0.5773502691896258,3,0.33333333333333337
M1-Clemastine,131.4,0.3333333333333333,0.5773502691896258,3,0.33333333333333337
M1-Clemastine,131.6,0.3333333333333333,0.5773502691896258,3,0.33333333333333337
M1-Clemastine,131.8,0.3333333333333333,0.5773502691896258,3,0.33333333333333337
M1-Clemastine,132.0,0.3333333333333333,0.5773502691896258,3,0.33333333333333337
M1-Clemastine,132.2,0.3333333333333333,0.5773502691896258,3,0.33333333333333337
M1-Clemastine,132.4,0.3333333333333333,0.5773502691896258,3,0.33333333333333337
M1-Clemastine,132.6,0.3333333333333333,0.5773502691896258,3,0.33333333333333337
M1-Clemastine,132.8,0.2222222222222222,0.3849001794597505,3,0.22222222222222224
M1-Clemastine,133.0,0.2222222222222222,0.3849001794597505,3,0.22222222222222224
M1-Clemastine,133.2,0.2222222222222222,0.3849001794597505,3,0.22222222222222224
M1-Clemastine,133.4,0.3333333333333333,0.5773502691896258,3,0.33333333333333337
M1-Clemastine,133.6,0.3333333333333333,0.5773502691896258,3,0.33333333333333337
M1-Clemastine,133.8,0.3333333333333333,0.5773502691896258,3,0.33333333333333337
M1-Clemastine,134.0,0.3333333333333333,0.5773502691896258,3,0.33333333333333337
M1-Clemastine,134.2,0.3333333333333333,0.5773502691896258,3,0.33333333333333337
M1-Clemastine,134.4,0.3333333333333333,0.5773502691896258,3,0.33333333333333337
M1-Clemastine,134.6,0.3333333333333333,0.5773502691896258,3,0.33333333333333337
M1-Clemastine,134.8,0.3333333333333333,0.5773502691896258,3,0.33333333333333337
M1-Clemastine,135.0,0.3333333333333333,0.5773502691896258,3,0.33333333333333337
M1-Clemastine,135.2,0.3333333333333333,0.5773502691896258,3,0.33333333333333337
M1-Clemastine,135.4,0.3333333333333333,0.5773502691896258,3,0.33333333333333337
M1-Clemastine,135.6,0.3333333333333333,0.5773502691896258,3,0.33333333333333337
M1-Clemastine,135.8,0.3333333333333333,0.5773502691896258,3,0.33333333333333337
M1-Clemastine,136.0,0.3333333333333333,0.5773502691896258,3,0.33333333333333337
M1-Clemastine,136.2,0.3333333333333333,0.5773502691896258,3,0.33333333333333337
M1-Clemastine,136.4,0.3333333333333333,0.5773502691896258,3,0.33333333333333337
M1-Clemastine,136.6,0.3333333333333333,0.5773502691896258,3,0.33333333333333337
M1-Clemastine,136.8,0.3333333333333333,0.5773502691896258,3,0.33333333333333337
M1-Clemastine,137.0,0.3333333333333333,0.5773502691896258,3,0.33333333333333337
M1-Clemastine,137.2,0.3333333333333333,0.5773502691896258,3,0.33333333333333337
M1-Clemastine,137.4,0.3333333333333333,0.5773502691896258,3,0.33333333333333337
M1-Clemastine,137.6,0.3333333333333333,0.5773502691896258,3,0.33333333333333337
M1-Clemastine,137.8,0.3333333333333333,0.5773502691896258,3,0.33333333333333337
M1-Clemastine,138.0,0.3333333333333333,0.5773502691896258,3,0.33333333333333337
M1-Clemastine,138.2,0.3333333333333333,0.5773502691896258,3,0.33333333333333337
M1-Clemastine,138.4,0.3333333333333333,0.5773502691896258,3,0.33333333333333337
M1-Clemastine,138.6,0.3333333333333333,0.5773502691896258,3,0.33333333333333337
M1-Clemastine,138.8,0.3333333333333333,0.5773502691896258,3,0.33333333333333337
M1-Clemastine,139.0,0.3333333333333333,0.5773502691896258,3,0.33333333333333337
M1-Clemastine,139.2,0.3333333333333333,0.5773502691896258,3,0.33333333333333337
M1-Clemastine,139.4,0.3333333333333333,0.5773502691896258,3,0.33333333333333337
M1-Clemastine,139.6,0.2222222222222222,0.3849001794597505,3,0.22222222222222224
M1-Clemastine,139.8,0.2222222222222222,0.3849001794597505,3,0.22222222222222224
M1-Clemastine,140.0,0.2222222222222222,0.3849001794597505,3,0.22222222222222224
M1-Clemastine,140.2,0.3333333333333333,0.5773502691896258,3,0.33333333333333337
M1-Clemastine,140.4,0.3333333333333333,0.5773502691896258,3,0.33333333333333337
M1-Clemastine,140.6,0.3333333333333333,0.5773502691896258,3,0.33333333333333337
M1-Clemastine,140.8,0.3333333333333333,0.5773502691896258,3,0.33333333333333337
M1-Clemastine,141.0,0.3333333333333333,0.5773502691896258,3,0.33333333333333337
M1-Clemastine,141.2,0.3333333333333333,0.5773502691896258,3,0.33333333333333337
M1-Clemastine,141.4,0.3333333333333333,0.5773502691896258,3,0.33333333333333337
M1-Clemastine,141.6,0.3333333333333333,0.5773502691896258,3,0.33333333333333337
M1-Clemastine,141.8,0.3333333333333333,0.5773502691896258,3,0.33333333333333337
M1-Clemastine,142.0,0.3333333333333333,0.5773502691896258,3,0.33333333333333337
M1-Clemastine,142.2,0.3333333333333333,0.5773502691896258,3,0.33333333333333337
M1-Clemastine,142.4,0.3333333333333333,0.5773502691896258,3,0.33333333333333337
M1-Clemastine,142.6,0.3333333333333333,0.5773502691896258,3,0.33333333333333337
M1-Clemastine,142.8,0.3333333333333333,0.5773502691896258,3,0.33333333333333337
M1-Clemastine,143.0,0.3333333333333333,0.5773502691896258,3,0.33333333333333337
M1-Clemastine,143.2,0.3333333333333333,0.5773502691896258,3,0.33333333333333337
M1-Clemastine,143.4,0.3333333333333333,0.5773502691896258,3,0.33333333333333337
M1-Clemastine,143.6,0.3333333333333333,0.5773502691896258,3,0.33333333333333337
M1-Clemastine,143.8,0.3333333333333333,0.5773502691896258,3,0.33333333333333337
M1-Clemastine,144.0,0.3333333333333333,0.5773502691896258,3,0.33333333333333337
M1-Clemastine,144.2,0.3333333333333333,0.5773502691896258,3,0.33333333333333337
M1-Clemastine,144.4,0.3333333333333333,0.5773502691896258,3,0.33333333333333337
M1-Clemastine,144.6,0.3333333333333333,0.5773502691896258,3,0.33333333333333337
M1-Clemastine,144.8,0.3333333333333333,0.5773502691896258,3,0.33333333333333337
M1-Clemastine,145.0,0.3333333333333333,0.5773502691896258,3,0.33333333333333337
M1-Clemastine,145.2,0.3333333333333333,0.5773502691896258,3,0.33333333333333337
M1-Clemastine,145.4,0.3333333333333333,0.5773502691896258,3,0.33333333333333337
M1-Clemastine,145.6,0.3333333333333333,0.5773502691896258,3,0.33333333333333337
M1-Clemastine,145.8,0.3333333333333333,0.5773502691896258,3,0.33333333333333337
M1-Clemastine,146.0,0.3333333333333333,0.5773502691896258,3,0.33333333333333337
M1-Clemastine,146.2,0.3333333333333333,0.5773502691896258,3,0.33333333333333337
M1-Clemastine,146.4,0.3333333333333333,0.5773502691896258,3,0.33333333333333337
M1-Clemastine,146.6,0.3333333333333333,0.5773502691896258,3,0.33333333333333337
M1-Clemastine,146.8,0.3333333333333333,0.5773502691896258,3,0.33333333333333337
M1-Clemastine,147.0,0.3333333333333333,0.5773502691896258,3,0.33333333333333337
M1-Clemastine,147.2,0.3333333333333333,0.5773502691896258,3,0.33333333333333337
M1-Clemastine,147.4,0.3333333333333333,0.5773502691896258,3,0.33333333333333337
M1-Clemastine,147.6,0.3333333333333333,0.5773502691896258,3,0.33333333333333337
M1-Clemastine,147.8,0.3333333333333333,0.5773502691896258,3,0.33333333333333337
M1-Clemastine,148.0,0.3333333333333333,0.5773502691896258,3,0.33333333333333337
M1-Clemastine,148.2,0.3333333333333333,0.5773502691896258,3,0.33333333333333337
M1-Clemastine,148.4,0.3333333333333333,0.5773502691896258,3,0.33333333333333337
M1-Clemastine,148.6,0.3333333333333333,0.5773502691896258,3,0.33333333333333337
M1-Clemastine,148.8,0.3333333333333333,0.5773502691896258,3,0.33333333333333337
M1-Clemastine,149.0,0.3333333333333333,0.5773502691896258,3,0.33333333333333337
M1-Clemastine,149.2,0.3333333333333333,0.5773502691896258,3,0.33333333333333337
M1-Clemastine,149.4,0.3333333333333333,0.5773502691896258,3,0.33333333333333337
M1-Clemastine,149.6,0.3333333333333333,0.5773502691896258,3,0.33333333333333337
M1-Clemastine,149.8,0.3333333333333333,0.5773502691896258,3,0.33333333333333337
M1-Clemastine,150.0,0.3333333333333333,0.5773502691896258,3,0.33333333333333337
M1-Clemastine,150.2,0.3333333333333333,0.5773502691896258,3,0.33333333333333337
M1-Clemastine,150.4,0.3333333333333333,0.5773502691896258,3,0.33333333333333337
M1-Clemastine,150.6,0.3333333333333333,0.5773502691896258,3,0.33333333333333337
M1-Clemastine,150.8,0.3333333333333333,0.5773502691896258,3,0.33333333333333337
M1-Clemastine,151.0,0.3333333333333333,0.5773502691896258,3,0.33333333333333337
M1-Clemastine,151.2,0.2222222222222222,0.3849001794597505,3,0.22222222222222224
M1-Clemastine,151.4,0.2222222222222222,0.3849001794597505,3,0.22222222222222224
M1-Clemastine,151.6,0.2222222222222222,0.3849001794597505,3,0.22222222222222224
M1-Clemastine,151.8,0.3333333333333333,0.5773502691896258,3,0.33333333333333337
M1-Clemastine,152.0,0.2222222222222222,0.3849001794597505,3,0.22222222222222224
M1-Clemastine,152.2,0.1111111111111111,0.19245008972987526,3,0.11111111111111112
M1-Clemastine,152.4,0.1111111111111111,0.19245008972987526,3,0.11111111111111112
M1-Clemastine,152.6,0.2222222222222222,0.3849001794597505,3,0.22222222222222224
M1-Clemastine,152.8,0.3333333333333333,0.5773502691896258,3,0.33333333333333337
M1-Clemastine,153.0,0.3333333333333333,0.5773502691896258,3,0.33333333333333337
M1-Clemastine,153.2,0.3333333333333333,0.5773502691896258,3,0.33333333333333337
M1-Clemastine,153.4,0.3333333333333333,0.5773502691896258,3,0.33333333333333337
M1-Clemastine,153.6,0.3333333333333333,0.5773502691896258,3,0.33333333333333337
M1-Clemastine,153.8,0.3333333333333333,0.5773502691896258,3,0.33333333333333337
M1-Clemastine,154.0,0.2222222222222222,0.3849001794597505,3,0.22222222222222224
M1-Clemastine,154.2,0.2222222222222222,0.3849001794597505,3,0.22222222222222224
M1-Clemastine,154.4,0.2222222222222222,0.3849001794597505,3,0.22222222222222224
M1-Clemastine,154.6,0.3333333333333333,0.5773502691896258,3,0.33333333333333337
M1-Clemastine,154.8,0.3333333333333333,0.5773502691896258,3,0.33333333333333337
M1-Clemastine,155.0,0.3333333333333333,0.5773502691896258,3,0.33333333333333337
M1-Clemastine,155.2,0.3333333333333333,0.5773502691896258,3,0.33333333333333337
M1-Clemastine,155.4,0.3333333333333333,0.5773502691896258,3,0.33333333333333337
M1-Clemastine,155.6,0.3333333333333333,0.5773502691896258,3,0.33333333333333337
M1-Clemastine,155.8,0.3333333333333333,0.5773502691896258,3,0.33333333333333337
M1-Clemastine,156.0,0.3333333333333333,0.5773502691896258,3,0.33333333333333337
M1-Clemastine,156.2,0.3333333333333333,0.5773502691896258,3,0.33333333333333337
M1-Clemastine,156.4,0.3333333333333333,0.5773502691896258,3,0.33333333333333337
M1-Clemastine,156.6,0.3333333333333333,0.5773502691896258,3,0.33333333333333337
M1-Clemastine,156.8,0.3333333333333333,0.5773502691896258,3,0.33333333333333337
M1-Clemastine,157.0,0.3333333333333333,0.5773502691896258,3,0.33333333333333337
M1-Clemastine,157.2,0.3333333333333333,0.5773502691896258,3,0.33333333333333337
M1-Clemastine,157.4,0.3333333333333333,0.5773502691896258,3,0.33333333333333337
M1-Clemastine,157.6,0.3333333333333333,0.5773502691896258,3,0.33333333333333337
M1-Clemastine,157.8,0.3333333333333333,0.5773502691896258,3,0.33333333333333337
M1-Clemastine,158.0,0.3333333333333333,0.5773502691896258,3,0.33333333333333337
M1-Clemastine,158.2,0.3333333333333333,0.5773502691896258,3,0.33333333333333337
M1-Clemastine,158.4,0.3333333333333333,0.5773502691896258,3,0.33333333333333337
M1-Clemastine,158.6,0.3333333333333333,0.5773502691896258,3,0.33333333333333337
M1-Clemastine,158.8,0.3333333333333333,0.5773502691896258,3,0.33333333333333337
M1-Clemastine,159.0,0.3333333333333333,0.5773502691896258,3,0.33333333333333337
M1-Clemastine,159.2,0.3333333333333333,0.5773502691896258,3,0.33333333333333337
M1-Clemastine,159.4,0.3333333333333333,0.5773502691896258,3,0.33333333333333337
M1-Clemastine,159.6,0.3333333333333333,0.5773502691896258,3,0.33333333333333337
M1-Clemastine,159.8,0.3333333333333333,0.5773502691896258,3,0.33333333333333337
M1-Clemastine,160.0,0.3333333333333333,0.5773502691896258,3,0.33333333333333337
M1-Clemastine,160.2,0.3333333333333333,0.5773502691896258,3,0.33333333333333337
M1-Clemastine,160.4,0.3333333333333333,0.5773502691896258,3,0.33333333333333337
M1-Clemastine,160.6,0.3333333333333333,0.5773502691896258,3,0.33333333333333337
M1-Clemastine,160.8,0.3333333333333333,0.5773502691896258,3,0.33333333333333337
M1-Clemastine,161.0,0.3333333333333333,0.5773502691896258,3,0.33333333333333337
M1-Clemastine,161.2,0.3333333333333333,0.5773502691896258,3,0.33333333333333337
M1-Clemastine,161.4,0.3333333333333333,0.5773502691896258,3,0.33333333333333337
M1-Clemastine,161.6,0.3333333333333333,0.5773502691896258,3,0.33333333333333337
M1-Clemastine,161.8,0.3333333333333333,0.5773502691896258,3,0.33333333333333337
M1-Clemastine,162.0,0.3333333333333333,0.5773502691896258,3,0.33333333333333337
M1-Clemastine,162.2,0.3333333333333333,0.5773502691896258,3,0.33333333333333337
M1-Clemastine,162.4,0.3333333333333333,0.5773502691896258,3,0.33333333333333337
M1-Clemastine,162.6,0.3333333333333333,0.5773502691896258,3,0.33333333333333337
M1-Clemastine,162.8,0.3333333333333333,0.5773502691896258,3,0.33333333333333337
M1-Clemastine,163.0,0.3333333333333333,0.5773502691896258,3,0.33333333333333337
M1-Clemastine,163.2,0.3333333333333333,0.5773502691896258,3,0.33333333333333337
M1-Clemastine,163.4,0.3333333333333333,0.5773502691896258,3,0.33333333333333337
M1-Clemastine,163.6,0.3333333333333333,0.5773502691896258,3,0.33333333333333337
M1-Clemastine,163.8,0.3333333333333333,0.5773502691896258,3,0.33333333333333337
M1-Clemastine,164.0,0.3333333333333333,0.5773502691896258,3,0.33333333333333337
M1-Clemastine,164.2,0.3333333333333333,0.5773502691896258,3,0.33333333333333337
M1-Clemastine,164.4,0.3333333333333333,0.5773502691896258,3,0.33333333333333337
M1-Clemastine,164.6,0.3333333333333333,0.5773502691896258,3,0.33333333333333337
M1-Clemastine,164.8,0.3333333333333333,0.5773502691896258,3,0.33333333333333337
M1-Clemastine,165.0,0.3333333333333333,0.5773502691896258,3,0.33333333333333337
M1-Clemastine,165.2,0.3333333333333333,0.5773502691896258,3,0.33333333333333337
M1-Clemastine,165.4,0.3333333333333333,0.5773502691896258,3,0.33333333333333337
M1-Clemastine,165.6,0.3333333333333333,0.5773502691896258,3,0.33333333333333337
M1-Clemastine,165.8,0.2222222222222222,0.3849001794597505,3,0.22222222222222224
M1-Clemastine,166.0,0.2222222222222222,0.3849001794597505,3,0.22222222222222224
M1-Clemastine,166.2,0.2222222222222222,0.3849001794597505,3,0.22222222222222224
M1-Clemastine,166.4,0.2222222222222222,0.3849001794597505,3,0.22222222222222224
M1-Clemastine,166.6,0.2222222222222222,0.3849001794597505,3,0.22222222222222224
M1-Clemastine,166.8,0.2222222222222222,0.3849001794597505,3,0.22222222222222224
M1-Clemastine,167.0,0.3333333333333333,0.5773502691896258,3,0.33333333333333337
M1-Clemastine,167.2,0.3333333333333333,0.5773502691896258,3,0.33333333333333337
M1-Clemastine,167.4,0.3333333333333333,0.5773502691896258,3,0.33333333333333337
M1-Clemastine,167.6,0.3333333333333333,0.5773502691896258,3,0.33333333333333337
M1-Clemastine,167.8,0.3333333333333333,0.5773502691896258,3,0.33333333333333337
M1-Clemastine,168.0,0.3333333333333333,0.5773502691896258,3,0.33333333333333337
M1-Clemastine,168.2,0.3333333333333333,0.5773502691896258,3,0.33333333333333337
M1-Clemastine,168.4,0.3333333333333333,0.5773502691896258,3,0.33333333333333337
M1-Clemastine,168.6,0.3333333333333333,0.5773502691896258,3,0.33333333333333337
M1-Clemastine,168.8,0.3333333333333333,0.5773502691896258,3,0.33333333333333337
M1-Clemastine,169.0,0.3333333333333333,0.5773502691896258,3,0.33333333333333337
M1-Clemastine,169.2,0.3333333333333333,0.5773502691896258,3,0.33333333333333337
M1-Clemastine,169.4,0.3333333333333333,0.5773502691896258,3,0.33333333333333337
M1-Clemastine,169.6,0.3333333333333333,0.5773502691896258,3,0.33333333333333337
M1-Clemastine,169.8,0.3333333333333333,0.5773502691896258,3,0.33333333333333337
M1-Clemastine,170.0,0.3333333333333333,0.5773502691896258,3,0.33333333333333337
M1-Clemastine,170.2,0.3333333333333333,0.5773502691896258,3,0.33333333333333337
M1-Clemastine,170.4,0.3333333333333333,0.5773502691896258,3,0.33333333333333337
M1-Clemastine,170.6,0.3333333333333333,0.5773502691896258,3,0.33333333333333337
M1-Clemastine,170.8,0.3333333333333333,0.5773502691896258,3,0.33333333333333337
M1-Clemastine,171.0,0.3333333333333333,0.5773502691896258,3,0.33333333333333337
M1-Clemastine,171.2,0.3333333333333333,0.5773502691896258,3,0.33333333333333337
M1-Clemastine,171.4,0.3333333333333333,0.5773502691896258,3,0.33333333333333337
M1-Clemastine,171.6,0.3333333333333333,0.5773502691896258,3,0.33333333333333337
M1-Clemastine,171.8,0.3333333333333333,0.5773502691896258,3,0.33333333333333337
M1-Clemastine,172.0,0.3333333333333333,0.5773502691896258,3,0.33333333333333337
M1-Clemastine,172.2,0.3333333333333333,0.5773502691896258,3,0.33333333333333337
M1-Clemastine,172.4,0.3333333333333333,0.5773502691896258,3,0.33333333333333337
M1-Clemastine,172.6,0.3333333333333333,0.5773502691896258,3,0.33333333333333337
M1-Clemastine,172.8,0.3333333333333333,0.5773502691896258,3,0.33333333333333337
M1-Clemastine,173.0,0.3333333333333333,0.5773502691896258,3,0.33333333333333337
M1-Clemastine,173.2,0.3333333333333333,0.5773502691896258,3,0.33333333333333337
M1-Clemastine,173.4,0.3333333333333333,0.5773502691896258,3,0.33333333333333337
M1-Clemastine,173.6,0.3333333333333333,0.5773502691896258,3,0.33333333333333337
M1-Clemastine,173.8,0.3333333333333333,0.5773502691896258,3,0.33333333333333337
M1-Clemastine,174.0,0.3333333333333333,0.5773502691896258,3,0.33333333333333337
M1-Clemastine,174.2,0.3333333333333333,0.5773502691896258,3,0.33333333333333337
M1-Clemastine,174.4,0.3333333333333333,0.5773502691896258,3,0.33333333333333337
M1-Clemastine,174.6,0.3333333333333333,0.5773502691896258,3,0.33333333333333337
M1-Clemastine,174.8,0.3333333333333333,0.5773502691896258,3,0.33333333333333337
M1-Clemastine,175.0,0.3333333333333333,0.5773502691896258,3,0.33333333333333337
M1-Clemastine,175.2,0.3333333333333333,0.5773502691896258,3,0.33333333333333337
M1-Clemastine,175.4,0.3333333333333333,0.5773502691896258,3,0.33333333333333337
M1-Clemastine,175.6,0.3333333333333333,0.5773502691896258,3,0.33333333333333337
M1-Clemastine,175.8,0.3333333333333333,0.5773502691896258,3,0.33333333333333337
M1-Clemastine,176.0,0.3333333333333333,0.5773502691896258,3,0.33333333333333337
M1-Clemastine,176.2,0.3333333333333333,0.5773502691896258,3,0.33333333333333337
M1-Clemastine,176.4,0.3333333333333333,0.5773502691896258,3,0.33333333333333337
M1-Clemastine,176.6,0.3333333333333333,0.5773502691896258,3,0.33333333333333337
M1-Clemastine,176.8,0.3333333333333333,0.5773502691896258,3,0.33333333333333337
M1-Clemastine,177.0,0.3333333333333333,0.5773502691896258,3,0.33333333333333337
M1-Clemastine,177.2,0.3333333333333333,0.5773502691896258,3,0.33333333333333337
M1-Clemastine,177.4,0.3333333333333333,0.5773502691896258,3,0.33333333333333337
M1-Clemastine,177.6,0.3333333333333333,0.5773502691896258,3,0.33333333333333337
M1-Clemastine,177.8,0.3333333333333333,0.5773502691896258,3,0.33333333333333337
M1-Clemastine,178.0,0.3333333333333333,0.5773502691896258,3,0.33333333333333337
M1-Clemastine,178.2,0.3333333333333333,0.5773502691896258,3,0.33333333333333337
M1-Clemastine,178.4,0.3333333333333333,0.5773502691896258,3,0.33333333333333337
M1-Clemastine,178.6,0.3333333333333333,0.5773502691896258,3,0.33333333333333337
M1-Clemastine,178.8,0.3333333333333333,0.5773502691896258,3,0.33333333333333337
M1-Clemastine,179.0,0.3333333333333333,0.5773502691896258,3,0.33333333333333337
M1-Clemastine,179.2,0.3333333333333333,0.5773502691896258,3,0.33333333333333337
M1-Clemastine,179.4,0.3333333333333333,0.5773502691896258,3,0.33333333333333337
M1-Clemastine,179.6,0.3333333333333333,0.5773502691896258,3,0.33333333333333337
M1-Clemastine,179.8,0.3333333333333333,0.5773502691896258,3,0.33333333333333337
M1-Clemastine,180.0,0.3333333333333333,0.5773502691896258,3,0.33333333333333337
M1-Clemastine,180.2,0.3333333333333333,0.5773502691896258,3,0.33333333333333337
M1-Clemastine,180.4,0.3333333333333333,0.5773502691896258,3,0.33333333333333337
M1-Clemastine,180.6,0.3333333333333333,0.5773502691896258,3,0.33333333333333337
M1-Clemastine,180.8,0.3333333333333333,0.5773502691896258,3,0.33333333333333337
M1-Clemastine,181.0,0.3333333333333333,0.5773502691896258,3,0.33333333333333337
M1-Clemastine,181.2,0.3333333333333333,0.5773502691896258,3,0.33333333333333337
M1-Clemastine,181.4,0.3333333333333333,0.5773502691896258,3,0.33333333333333337
M1-Clemastine,181.6,0.3333333333333333,0.5773502691896258,3,0.33333333333333337
M1-Clemastine,181.8,0.3333333333333333,0.5773502691896258,3,0.33333333333333337
M1-Clemastine,182.0,0.3333333333333333,0.5773502691896258,3,0.33333333333333337
M1-Clemastine,182.2,0.3333333333333333,0.5773502691896258,3,0.33333333333333337
M1-Clemastine,182.4,0.3333333333333333,0.5773502691896258,3,0.33333333333333337
M1-Clemastine,182.6,0.3333333333333333,0.5773502691896258,3,0.33333333333333337
M1-Clemastine,182.8,0.3333333333333333,0.5773502691896258,3,0.33333333333333337
M1-Clemastine,183.0,0.3333333333333333,0.5773502691896258,3,0.33333333333333337
M1-Clemastine,183.2,0.3333333333333333,0.5773502691896258,3,0.33333333333333337
M1-Clemastine,183.4,0.3333333333333333,0.5773502691896258,3,0.33333333333333337
M1-Clemastine,183.6,0.3333333333333333,0.5773502691896258,3,0.33333333333333337
M1-Clemastine,183.8,0.3333333333333333,0.5773502691896258,3,0.33333333333333337
M1-Clemastine,184.0,0.2222222222222222,0.3849001794597505,3,0.22222222222222224
M1-Clemastine,184.2,0.2222222222222222,0.3849001794597505,3,0.22222222222222224
M1-Clemastine,184.4,0.2222222222222222,0.3849001794597505,3,0.22222222222222224
M1-Clemastine,184.6,0.3333333333333333,0.5773502691896258,3,0.33333333333333337
M1-Clemastine,184.8,0.3333333333333333,0.5773502691896258,3,0.33333333333333337
M1-Clemastine,185.0,0.3333333333333333,0.5773502691896258,3,0.33333333333333337
M1-Clemastine,185.2,0.3333333333333333,0.5773502691896258,3,0.33333333333333337
M1-Clemastine,185.4,0.2222222222222222,0.3849001794597505,3,0.22222222222222224
M1-Clemastine,185.6,0.2222222222222222,0.3849001794597505,3,0.22222222222222224
M1-Clemastine,185.8,0.2222222222222222,0.3849001794597505,3,0.22222222222222224
M1-Clemastine,186.0,0.3333333333333333,0.5773502691896258,3,0.33333333333333337
M1-Clemastine,186.2,0.3333333333333333,0.5773502691896258,3,0.33333333333333337
M1-Clemastine,186.4,0.3333333333333333,0.5773502691896258,3,0.33333333333333337
M1-Clemastine,186.6,0.3333333333333333,0.5773502691896258,3,0.33333333333333337
M1-Clemastine,186.8,0.3333333333333333,0.5773502691896258,3,0.33333333333333337
M1-Clemastine,187.0,0.3333333333333333,0.5773502691896258,3,0.33333333333333337
M1-Clemastine,187.2,0.3333333333333333,0.5773502691896258,3,0.33333333333333337
M1-Clemastine,187.4,0.3333333333333333,0.5773502691896258,3,0.33333333333333337
M1-Clemastine,187.6,0.3333333333333333,0.5773502691896258,3,0.33333333333333337
M1-Clemastine,187.8,0.3333333333333333,0.5773502691896258,3,0.33333333333333337
M1-Clemastine,188.0,0.3333333333333333,0.5773502691896258,3,0.33333333333333337
M1-Clemastine,188.2,0.3333333333333333,0.5773502691896258,3,0.33333333333333337
M1-Clemastine,188.4,0.3333333333333333,0.5773502691896258,3,0.33333333333333337
M1-Clemastine,188.6,0.3333333333333333,0.5773502691896258,3,0.33333333333333337
M1-Clemastine,188.8,0.3333333333333333,0.5773502691896258,3,0.33333333333333337
M1-Clemastine,189.0,0.3333333333333333,0.5773502691896258,3,0.33333333333333337
M1-Clemastine,189.2,0.3333333333333333,0.5773502691896258,3,0.33333333333333337
M1-Clemastine,189.4,0.3333333333333333,0.5773502691896258,3,0.33333333333333337
M1-Clemastine,189.6,0.2222222222222222,0.3849001794597505,3,0.22222222222222224
M1-Clemastine,189.8,0.2222222222222222,0.3849001794597505,3,0.22222222222222224
M1-Clemastine,190.0,0.2222222222222222,0.3849001794597505,3,0.22222222222222224
M1-Clemastine,190.2,0.3333333333333333,0.5773502691896258,3,0.33333333333333337
M1-Clemastine,190.4,0.3333333333333333,0.5773502691896258,3,0.33333333333333337
M1-Clemastine,190.6,0.3333333333333333,0.5773502691896258,3,0.33333333333333337
M1-Clemastine,190.8,0.3333333333333333,0.5773502691896258,3,0.33333333333333337
M1-Clemastine,191.0,0.3333333333333333,0.5773502691896258,3,0.33333333333333337
M1-Clemastine,191.2,0.3333333333333333,0.5773502691896258,3,0.33333333333333337
M1-Clemastine,191.4,0.3333333333333333,0.5773502691896258,3,0.33333333333333337
M1-Clemastine,191.6,0.3333333333333333,0.5773502691896258,3,0.33333333333333337
M1-Clemastine,191.8,0.3333333333333333,0.5773502691896258,3,0.33333333333333337
M1-Clemastine,192.0,0.3333333333333333,0.5773502691896258,3,0.33333333333333337
M1-Clemastine,192.2,0.3333333333333333,0.5773502691896258,3,0.33333333333333337
M1-Clemastine,192.4,0.3333333333333333,0.5773502691896258,3,0.33333333333333337
M1-Clemastine,192.6,0.3333333333333333,0.5773502691896258,3,0.33333333333333337
M1-Clemastine,192.8,0.3333333333333333,0.5773502691896258,3,0.33333333333333337
M1-Clemastine,193.0,0.3333333333333333,0.5773502691896258,3,0.33333333333333337
M1-Clemastine,193.2,0.3333333333333333,0.5773502691896258,3,0.33333333333333337
M1-Clemastine,193.4,0.3333333333333333,0.5773502691896258,3,0.33333333333333337
M1-Clemastine,193.6,0.3333333333333333,0.5773502691896258,3,0.33333333333333337
M1-Clemastine,193.8,0.3333333333333333,0.5773502691896258,3,0.33333333333333337
M1-Clemastine,194.0,0.3333333333333333,0.5773502691896258,3,0.33333333333333337
M1-Clemastine,194.2,0.3333333333333333,0.5773502691896258,3,0.33333333333333337
M1-Clemastine,194.4,0.3333333333333333,0.5773502691896258,3,0.33333333333333337
M1-Clemastine,194.6,0.3333333333333333,0.5773502691896258,3,0.33333333333333337
M1-Clemastine,194.8,0.3333333333333333,0.5773502691896258,3,0.33333333333333337
M1-Clemastine,195.0,0.3333333333333333,0.5773502691896258,3,0.33333333333333337
M1-Clemastine,195.2,0.3333333333333333,0.5773502691896258,3,0.33333333333333337
M1-Clemastine,195.4,0.3333333333333333,0.5773502691896258,3,0.33333333333333337
M1-Clemastine,195.6,0.3333333333333333,0.5773502691896258,3,0.33333333333333337
M1-Clemastine,195.8,0.3333333333333333,0.5773502691896258,3,0.33333333333333337
M1-Clemastine,196.0,0.3333333333333333,0.5773502691896258,3,0.33333333333333337
M1-Clemastine,196.2,0.3333333333333333,0.5773502691896258,3,0.33333333333333337
M1-Clemastine,196.4,0.3333333333333333,0.5773502691896258,3,0.33333333333333337
M1-Clemastine,196.6,0.3333333333333333,0.5773502691896258,3,0.33333333333333337
M1-Clemastine,196.8,0.2222222222222222,0.3849001794597505,3,0.22222222222222224
M1-Clemastine,197.0,0.2222222222222222,0.3849001794597505,3,0.22222222222222224
M1-Clemastine,197.2,0.2222222222222222,0.3849001794597505,3,0.22222222222222224
M1-Clemastine,197.4,0.3333333333333333,0.5773502691896258,3,0.33333333333333337
M1-Clemastine,197.6,0.3333333333333333,0.5773502691896258,3,0.33333333333333337
M1-Clemastine,197.8,0.3333333333333333,0.5773502691896258,3,0.33333333333333337
M1-Clemastine,198.0,0.3333333333333333,0.5773502691896258,3,0.33333333333333337
M1-Clemastine,198.2,0.3333333333333333,0.5773502691896258,3,0.33333333333333337
M1-Clemastine,198.4,0.3333333333333333,0.5773502691896258,3,0.33333333333333337
M1-Clemastine,198.6,0.3333333333333333,0.5773502691896258,3,0.33333333333333337
M1-Clemastine,198.8,0.3333333333333333,0.5773502691896258,3,0.33333333333333337
M1-Clemastine,199.0,0.3333333333333333,0.5773502691896258,3,0.33333333333333337
M1-Clemastine,199.2,0.3333333333333333,0.5773502691896258,3,0.33333333333333337
M1-Clemastine,199.4,0.3333333333333333,0.5773502691896258,3,0.33333333333333337
M1-Clemastine,199.6,0.3333333333333333,0.5773502691896258,3,0.33333333333333337
M1-Clemastine,199.8,0.3333333333333333,0.5773502691896258,3,0.33333333333333337
M1-Clemastine,200.0,0.3333333333333333,0.5773502691896258,3,0.33333333333333337
M1-Clemastine,200.2,0.3333333333333333,0.5773502691896258,3,0.33333333333333337
M1-Clemastine,200.4,0.3333333333333333,0.5773502691896258,3,0.33333333333333337
M1-Clemastine,200.6,0.3333333333333333,0.5773502691896258,3,0.33333333333333337
M1-Clemastine,200.8,0.3333333333333333,0.5773502691896258,3,0.33333333333333337
M1-Clemastine,201.0,0.3333333333333333,0.5773502691896258,3,0.33333333333333337
M1-Clemastine,201.2,0.3333333333333333,0.5773502691896258,3,0.33333333333333337
M1-Clemastine,201.4,0.3333333333333333,0.5773502691896258,3,0.33333333333333337
M1-Clemastine,201.6,0.3333333333333333,0.5773502691896258,3,0.33333333333333337
M1-Clemastine,201.8,0.3333333333333333,0.5773502691896258,3,0.33333333333333337
M1-Clemastine,202.0,0.3333333333333333,0.5773502691896258,3,0.33333333333333337
M1-Clemastine,202.2,0.3333333333333333,0.5773502691896258,3,0.33333333333333337
M1-Clemastine,202.4,0.3333333333333333,0.5773502691896258,3,0.33333333333333337
M1-Clemastine,202.6,0.3333333333333333,0.5773502691896258,3,0.33333333333333337
M1-Clemastine,202.8,0.2222222222222222,0.3849001794597505,3,0.22222222222222224
M1-Clemastine,203.0,0.2222222222222222,0.3849001794597505,3,0.22222222222222224
M1-Clemastine,203.2,0.2222222222222222,0.3849001794597505,3,0.22222222222222224
M1-Clemastine,203.4,0.3333333333333333,0.5773502691896258,3,0.33333333333333337
M1-Clemastine,203.6,0.3333333333333333,0.5773502691896258,3,0.33333333333333337
M1-Clemastine,203.8,0.3333333333333333,0.5773502691896258,3,0.33333333333333337
M1-Clemastine,204.0,0.3333333333333333,0.5773502691896258,3,0.33333333333333337
M1-Clemastine,204.2,0.3333333333333333,0.5773502691896258,3,0.33333333333333337
M1-Clemastine,204.4,0.3333333333333333,0.5773502691896258,3,0.33333333333333337
M1-Clemastine,204.6,0.3333333333333333,0.5773502691896258,3,0.33333333333333337
M1-Clemastine,204.8,0.3333333333333333,0.5773502691896258,3,0.33333333333333337
M1-Clemastine,205.0,0.3333333333333333,0.5773502691896258,3,0.33333333333333337
M1-Clemastine,205.2,0.3333333333333333,0.5773502691896258,3,0.33333333333333337
M1-Clemastine,205.4,0.3333333333333333,0.5773502691896258,3,0.33333333333333337
M1-Clemastine,205.6,0.3333333333333333,0.5773502691896258,3,0.33333333333333337
M1-Clemastine,205.8,0.2222222222222222,0.3849001794597505,3,0.22222222222222224
M1-Clemastine,206.0,0.2222222222222222,0.3849001794597505,3,0.22222222222222224
M1-Clemastine,206.2,0.2222222222222222,0.3849001794597505,3,0.22222222222222224
M1-Clemastine,206.4,0.3333333333333333,0.5773502691896258,3,0.33333333333333337
M1-Clemastine,206.6,0.3333333333333333,0.5773502691896258,3,0.33333333333333337
M1-Clemastine,206.8,0.3333333333333333,0.5773502691896258,3,0.33333333333333337
M1-Clemastine,207.0,0.3333333333333333,0.5773502691896258,3,0.33333333333333337
M1-Clemastine,207.2,0.3333333333333333,0.5773502691896258,3,0.33333333333333337
M1-Clemastine,207.4,0.3333333333333333,0.5773502691896258,3,0.33333333333333337
M1-Clemastine,207.6,0.2222222222222222,0.3849001794597505,3,0.22222222222222224
M1-Clemastine,207.8,0.1111111111111111,0.19245008972987526,3,0.11111111111111112
M1-Clemastine,208.0,0.1111111111111111,0.19245008972987526,3,0.11111111111111112
M1-Clemastine,208.2,0.1111111111111111,0.19245008972987526,3,0.11111111111111112
M1-Clemastine,208.4,0.2222222222222222,0.3849001794597505,3,0.22222222222222224
M1-Clemastine,208.6,0.2222222222222222,0.3849001794597505,3,0.22222222222222224
M1-Clemastine,208.8,0.3333333333333333,0.5773502691896258,3,0.33333333333333337
M1-Clemastine,209.0,0.2222222222222222,0.3849001794597505,3,0.22222222222222224
M1-Clemastine,209.2,0.2222222222222222,0.3849001794597505,3,0.22222222222222224
M1-Clemastine,209.4,0.2222222222222222,0.3849001794597505,3,0.22222222222222224
M1-Clemastine,209.6,0.3333333333333333,0.5773502691896258,3,0.33333333333333337
M1-Clemastine,209.8,0.2222222222222222,0.3849001794597505,3,0.22222222222222224
M1-Clemastine,210.0,0.2222222222222222,0.3849001794597505,3,0.22222222222222224
M1-Clemastine,210.2,0.1111111111111111,0.19245008972987526,3,0.11111111111111112
M1-Clemastine,210.4,0.2222222222222222,0.3849001794597505,3,0.22222222222222224
M1-Clemastine,210.6,0.2222222222222222,0.3849001794597505,3,0.22222222222222224
M1-Clemastine,210.8,0.3333333333333333,0.5773502691896258,3,0.33333333333333337
M1-Clemastine,211.0,0.3333333333333333,0.5773502691896258,3,0.33333333333333337
M1-Clemastine,211.2,0.3333333333333333,0.5773502691896258,3,0.33333333333333337
M1-Clemastine,211.4,0.3333333333333333,0.5773502691896258,3,0.33333333333333337
M1-Clemastine,211.6,0.3333333333333333,0.5773502691896258,3,0.33333333333333337
M1-Clemastine,211.8,0.3333333333333333,0.5773502691896258,3,0.33333333333333337
M1-Clemastine,212.0,0.3333333333333333,0.5773502691896258,3,0.33333333333333337
M1-Clemastine,212.2,0.3333333333333333,0.5773502691896258,3,0.33333333333333337
M1-Clemastine,212.4,0.3333333333333333,0.5773502691896258,3,0.33333333333333337
M1-Clemastine,212.6,0.2222222222222222,0.3849001794597505,3,0.22222222222222224
M1-Clemastine,212.8,0.2222222222222222,0.3849001794597505,3,0.22222222222222224
M1-Clemastine,213.0,0.2222222222222222,0.3849001794597505,3,0.22222222222222224
M1-Clemastine,213.2,0.3333333333333333,0.5773502691896258,3,0.33333333333333337
M1-Clemastine,213.4,0.3333333333333333,0.5773502691896258,3,0.33333333333333337
M1-Clemastine,213.6,0.2222222222222222,0.3849001794597505,3,0.22222222222222224
M1-Clemastine,213.8,0.1111111111111111,0.19245008972987526,3,0.11111111111111112
M1-Clemastine,214.0,0.1111111111111111,0.19245008972987526,3,0.11111111111111112
M1-Clemastine,214.2,0.2222222222222222,0.3849001794597505,3,0.22222222222222224
M1-Clemastine,214.4,0.3333333333333333,0.5773502691896258,3,0.33333333333333337
M1-Clemastine,214.6,0.3333333333333333,0.5773502691896258,3,0.33333333333333337
M1-Clemastine,214.8,0.3333333333333333,0.5773502691896258,3,0.33333333333333337
M1-Clemastine,215.0,0.3333333333333333,0.5773502691896258,3,0.33333333333333337
M1-Clemastine,215.2,0.2222222222222222,0.3849001794597505,3,0.22222222222222224
M1-Clemastine,215.4,0.2222222222222222,0.3849001794597505,3,0.22222222222222224
M1-Clemastine,215.6,0.2222222222222222,0.3849001794597505,3,0.22222222222222224
M1-Clemastine,215.8,0.3333333333333333,0.5773502691896258,3,0.33333333333333337
M1-Clemastine,216.0,0.2222222222222222,0.3849001794597505,3,0.22222222222222224
M1-Clemastine,216.2,0.2222222222222222,0.3849001794597505,3,0.22222222222222224
M1-Clemastine,216.4,0.2222222222222222,0.3849001794597505,3,0.22222222222222224
M1-Clemastine,216.6,0.3333333333333333,0.5773502691896258,3,0.33333333333333337
M1-Clemastine,216.8,0.3333333333333333,0.5773502691896258,3,0.33333333333333337
M1-Clemastine,217.0,0.2222222222222222,0.3849001794597505,3,0.22222222222222224
M1-Clemastine,217.2,0.2222222222222222,0.3849001794597505,3,0.22222222222222224
M1-Clemastine,217.4,0.2222222222222222,0.3849001794597505,3,0.22222222222222224
M1-Clemastine,217.6,0.3333333333333333,0.5773502691896258,3,0.33333333333333337
M1-Clemastine,217.8,0.3333333333333333,0.5773502691896258,3,0.33333333333333337
M1-Clemastine,218.0,0.3333333333333333,0.5773502691896258,3,0.33333333333333337
M1-Clemastine,218.2,0.3333333333333333,0.5773502691896258,3,0.33333333333333337
M1-Clemastine,218.4,0.2222222222222222,0.3849001794597505,3,0.22222222222222224
M1-Clemastine,218.6,0.2222222222222222,0.3849001794597505,3,0.22222222222222224
M1-Clemastine,218.8,0.2222222222222222,0.3849001794597505,3,0.22222222222222224
M1-Clemastine,219.0,0.3333333333333333,0.5773502691896258,3,0.33333333333333337
M1-Clemastine,219.2,0.3333333333333333,0.5773502691896258,3,0.33333333333333337
M1-Clemastine,219.4,0.3333333333333333,0.5773502691896258,3,0.33333333333333337
M1-Clemastine,219.6,0.3333333333333333,0.5773502691896258,3,0.33333333333333337
M1-Clemastine,219.8,0.3333333333333333,0.5773502691896258,3,0.33333333333333337
M1-Clemastine,220.0,0.3333333333333333,0.5773502691896258,3,0.33333333333333337
M1-Clemastine,220.2,0.3333333333333333,0.5773502691896258,3,0.33333333333333337
M1-Clemastine,220.4,0.3333333333333333,0.5773502691896258,3,0.33333333333333337
M1-Clemastine,220.6,0.3333333333333333,0.5773502691896258,3,0.33333333333333337
M1-Clemastine,220.8,0.2222222222222222,0.3849001794597505,3,0.22222222222222224
M1-Clemastine,221.0,0.1111111111111111,0.19245008972987526,3,0.11111111111111112
M1-Clemastine,221.2,0.1111111111111111,0.19245008972987526,3,0.11111111111111112
M1-Clemastine,221.4,0.2222222222222222,0.3849001794597505,3,0.22222222222222224
M1-Clemastine,221.6,0.3333333333333333,0.5773502691896258,3,0.33333333333333337
M1-Clemastine,221.8,0.3333333333333333,0.5773502691896258,3,0.33333333333333337
M1-Clemastine,222.0,0.3333333333333333,0.5773502691896258,3,0.33333333333333337
M1-Clemastine,222.2,0.2222222222222222,0.3849001794597505,3,0.22222222222222224
M1-Clemastine,222.4,0.2222222222222222,0.3849001794597505,3,0.22222222222222224
M1-Clemastine,222.6,0.2222222222222222,0.3849001794597505,3,0.22222222222222224
M1-Clemastine,222.8,0.3333333333333333,0.5773502691896258,3,0.33333333333333337
M1-Clemastine,223.0,0.3333333333333333,0.5773502691896258,3,0.33333333333333337
M1-Clemastine,223.2,0.3333333333333333,0.5773502691896258,3,0.33333333333333337
M1-Clemastine,223.4,0.3333333333333333,0.5773502691896258,3,0.33333333333333337
M1-Clemastine,223.6,0.3333333333333333,0.5773502691896258,3,0.33333333333333337
M1-Clemastine,223.8,0.3333333333333333,0.5773502691896258,3,0.33333333333333337
M1-Clemastine,224.0,0.3333333333333333,0.5773502691896258,3,0.33333333333333337
M1-Clemastine,224.2,0.3333333333333333,0.5773502691896258,3,0.33333333333333337
M1-Clemastine,224.4,0.3333333333333333,0.5773502691896258,3,0.33333333333333337
M1-Clemastine,224.6,0.3333333333333333,0.5773502691896258,3,0.33333333333333337
M1-Clemastine,224.8,0.3333333333333333,0.5773502691896258,3,0.33333333333333337
M1-Clemastine,225.0,0.3333333333333333,0.5773502691896258,3,0.33333333333333337
M1-Clemastine,225.2,0.3333333333333333,0.5773502691896258,3,0.33333333333333337
M1-Clemastine,225.4,0.3333333333333333,0.5773502691896258,3,0.33333333333333337
M1-Clemastine,225.6,0.2222222222222222,0.3849001794597505,3,0.22222222222222224
M1-Clemastine,225.8,0.2222222222222222,0.3849001794597505,3,0.22222222222222224
M1-Clemastine,226.0,0.2222222222222222,0.3849001794597505,3,0.22222222222222224
M1-Clemastine,226.2,0.3333333333333333,0.5773502691896258,3,0.33333333333333337
M1-Clemastine,226.4,0.3333333333333333,0.5773502691896258,3,0.33333333333333337
M1-Clemastine,226.6,0.3333333333333333,0.5773502691896258,3,0.33333333333333337
M1-Clemastine,226.8,0.3333333333333333,0.5773502691896258,3,0.33333333333333337
M1-Clemastine,227.0,0.3333333333333333,0.5773502691896258,3,0.33333333333333337
M1-Clemastine,227.2,0.3333333333333333,0.5773502691896258,3,0.33333333333333337
M1-Clemastine,227.4,0.3333333333333333,0.5773502691896258,3,0.33333333333333337
M1-Clemastine,227.6,0.3333333333333333,0.5773502691896258,3,0.33333333333333337
M1-Clemastine,227.8,0.3333333333333333,0.5773502691896258,3,0.33333333333333337
M1-Clemastine,228.0,0.2222222222222222,0.3849001794597505,3,0.22222222222222224
M1-Clemastine,228.2,0.2222222222222222,0.3849001794597505,3,0.22222222222222224
M1-Clemastine,228.4,0.2222222222222222,0.3849001794597505,3,0.22222222222222224
M1-Clemastine,228.6,0.3333333333333333,0.5773502691896258,3,0.33333333333333337
M1-Clemastine,228.8,0.3333333333333333,0.5773502691896258,3,0.33333333333333337
M1-Clemastine,229.0,0.3333333333333333,0.5773502691896258,3,0.33333333333333337
M1-Clemastine,229.2,0.3333333333333333,0.5773502691896258,3,0.33333333333333337
M1-Clemastine,229.4,0.3333333333333333,0.5773502691896258,3,0.33333333333333337
M1-Clemastine,229.6,0.3333333333333333,0.5773502691896258,3,0.33333333333333337
M1-Clemastine,229.8,0.3333333333333333,0.5773502691896258,3,0.33333333333333337
M1-Clemastine,230.0,0.3333333333333333,0.5773502691896258,3,0.33333333333333337
M1-Clemastine,230.2,0.3333333333333333,0.5773502691896258,3,0.33333333333333337
M1-Clemastine,230.4,0.3333333333333333,0.5773502691896258,3,0.33333333333333337
M1-Clemastine,230.6,0.3333333333333333,0.5773502691896258,3,0.33333333333333337
M1-Clemastine,230.8,0.3333333333333333,0.5773502691896258,3,0.33333333333333337
M1-Clemastine,231.0,0.3333333333333333,0.5773502691896258,3,0.33333333333333337
M1-Clemastine,231.2,0.3333333333333333,0.5773502691896258,3,0.33333333333333337
M1-Clemastine,231.4,0.3333333333333333,0.5773502691896258,3,0.33333333333333337
M1-Clemastine,231.6,0.3333333333333333,0.5773502691896258,3,0.33333333333333337
M1-Clemastine,231.8,0.3333333333333333,0.5773502691896258,3,0.33333333333333337
M1-Clemastine,232.0,0.3333333333333333,0.5773502691896258,3,0.33333333333333337
M1-Clemastine,232.2,0.3333333333333333,0.5773502691896258,3,0.33333333333333337
M1-Clemastine,232.4,0.3333333333333333,0.5773502691896258,3,0.33333333333333337
M1-Clemastine,232.6,0.3333333333333333,0.5773502691896258,3,0.33333333333333337
M1-Clemastine,232.8,0.3333333333333333,0.5773502691896258,3,0.33333333333333337
M1-Clemastine,233.0,0.3333333333333333,0.5773502691896258,3,0.33333333333333337
M1-Clemastine,233.2,0.3333333333333333,0.5773502691896258,3,0.33333333333333337
M1-Clemastine,233.4,0.3333333333333333,0.5773502691896258,3,0.33333333333333337
M1-Clemastine,233.6,0.2222222222222222,0.3849001794597505,3,0.22222222222222224
M1-Clemastine,233.8,0.2222222222222222,0.3849001794597505,3,0.22222222222222224
M1-Clemastine,234.0,0.2222222222222222,0.3849001794597505,3,0.22222222222222224
M1-Clemastine,234.2,0.3333333333333333,0.5773502691896258,3,0.33333333333333337
M1-Clemastine,234.4,0.3333333333333333,0.5773502691896258,3,0.33333333333333337
M1-Clemastine,234.6,0.3333333333333333,0.5773502691896258,3,0.33333333333333337
M1-Clemastine,234.8,0.3333333333333333,0.5773502691896258,3,0.33333333333333337
M1-Clemastine,235.0,0.3333333333333333,0.5773502691896258,3,0.33333333333333337
M1-Clemastine,235.2,0.3333333333333333,0.5773502691896258,3,0.33333333333333337
M1-Clemastine,235.4,0.3333333333333333,0.5773502691896258,3,0.33333333333333337
M1-Clemastine,235.6,0.3333333333333333,0.5773502691896258,3,0.33333333333333337
M1-Clemastine,235.8,0.2222222222222222,0.3849001794597505,3,0.22222222222222224
M1-Clemastine,236.0,0.2222222222222222,0.3849001794597505,3,0.22222222222222224
M1-Clemastine,236.2,0.2222222222222222,0.3849001794597505,3,0.22222222222222224
M1-Clemastine,236.4,0.2222222222222222,0.3849001794597505,3,0.22222222222222224
M1-Clemastine,236.6,0.2222222222222222,0.3849001794597505,3,0.22222222222222224
M1-Clemastine,236.8,0.2222222222222222,0.3849001794597505,3,0.22222222222222224
M1-Clemastine,237.0,0.3333333333333333,0.5773502691896258,3,0.33333333333333337
M1-Clemastine,237.2,0.2222222222222222,0.3849001794597505,3,0.22222222222222224
M1-Clemastine,237.4,0.2222222222222222,0.3849001794597505,3,0.22222222222222224
M1-Clemastine,237.6,0.2222222222222222,0.3849001794597505,3,0.22222222222222224
M1-Clemastine,237.8,0.3333333333333333,0.5773502691896258,3,0.33333333333333337
M1-Clemastine,238.0,0.3333333333333333,0.5773502691896258,3,0.33333333333333337
M1-Clemastine,238.2,0.3333333333333333,0.5773502691896258,3,0.33333333333333337
M1-Clemastine,238.4,0.2222222222222222,0.3849001794597505,3,0.22222222222222224
M1-Clemastine,238.6,0.2222222222222222,0.3849001794597505,3,0.22222222222222224
M1-Clemastine,238.8,0.2222222222222222,0.3849001794597505,3,0.22222222222222224
M1-Clemastine,239.0,0.2222222222222222,0.3849001794597505,3,0.22222222222222224
M1-Clemastine,239.2,0.1111111111111111,0.19245008972987526,3,0.11111111111111112
M1-Clemastine,239.4,0.1111111111111111,0.19245008972987526,3,0.11111111111111112
M1-Clemastine,239.6,0.2222222222222222,0.3849001794597505,3,0.22222222222222224
M1-Clemastine,239.8,0.3333333333333333,0.5773502691896258,3,0.33333333333333337
M1-Clemastine,240.0,0.3333333333333333,0.5773502691896258,3,0.33333333333333337
M1-Clemastine,240.2,0.3333333333333333,0.5773502691896258,3,0.33333333333333337
M1-Clemastine,240.4,0.2222222222222222,0.3849001794597505,3,0.22222222222222224
M1-Clemastine,240.6,0.2222222222222222,0.3849001794597505,3,0.22222222222222224
M1-Clemastine,240.8,0.1111111111111111,0.19245008972987526,3,0.11111111111111112
M1-Clemastine,241.0,0.2222222222222222,0.3849001794597505,3,0.22222222222222224
M1-Clemastine,241.2,0.1111111111111111,0.19245008972987526,3,0.11111111111111112
M1-Clemastine,241.4,0.2222222222222222,0.3849001794597505,3,0.22222222222222224
M1-Clemastine,241.6,0.2222222222222222,0.3849001794597505,3,0.22222222222222224
M1-Clemastine,241.8,0.2222222222222222,0.3849001794597505,3,0.22222222222222224
M1-Clemastine,242.0,0.2222222222222222,0.3849001794597505,3,0.22222222222222224
M1-Clemastine,242.2,0.1111111111111111,0.19245008972987526,3,0.11111111111111112
M1-Clemastine,242.4,0.1111111111111111,0.19245008972987526,3,0.11111111111111112
M1-Clemastine,242.6,0.1111111111111111,0.19245008972987526,3,0.11111111111111112
M1-Clemastine,242.8,0.2222222222222222,0.3849001794597505,3,0.22222222222222224
M1-Clemastine,243.0,0.3333333333333333,0.5773502691896258,3,0.33333333333333337
M1-Clemastine,243.2,0.2222222222222222,0.3849001794597505,3,0.22222222222222224
M1-Clemastine,243.4,0.1111111111111111,0.19245008972987526,3,0.11111111111111112
M1-Clemastine,243.6,0.0,0.0,3,0.0
M1-Clemastine,243.8,0.1111111111111111,0.19245008972987526,3,0.11111111111111112
M1-Clemastine,244.0,0.1111111111111111,0.19245008972987526,3,0.11111111111111112
M1-Clemastine,244.2,0.2222222222222222,0.3849001794597505,3,0.22222222222222224
M1-Clemastine,244.4,0.2222222222222222,0.3849001794597505,3,0.22222222222222224
M1-Clemastine,244.6,0.3333333333333333,0.5773502691896258,3,0.33333333333333337
M1-Clemastine,244.8,0.2222222222222222,0.3849001794597505,3,0.22222222222222224
M1-Clemastine,245.0,0.1111111111111111,0.19245008972987526,3,0.11111111111111112
M1-Clemastine,245.2,0.0,0.0,3,0.0
M1-Clemastine,245.4,0.0,0.0,3,0.0
M1-Clemastine,245.6,0.1111111111111111,0.19245008972987526,3,0.11111111111111112
M1-Clemastine,245.8,0.2222222222222222,0.3849001794597505,3,0.22222222222222224
M1-Clemastine,246.0,0.2222222222222222,0.3849001794597505,3,0.22222222222222224
M1-Clemastine,246.2,0.2222222222222222,0.3849001794597505,3,0.22222222222222224
M1-Clemastine,246.4,0.2222222222222222,0.3849001794597505,3,0.22222222222222224
M1-Clemastine,246.6,0.2222222222222222,0.3849001794597505,3,0.22222222222222224
M1-Clemastine,246.8,0.2222222222222222,0.3849001794597505,3,0.22222222222222224
M1-Clemastine,247.0,0.1111111111111111,0.19245008972987526,3,0.11111111111111112
M1-Clemastine,247.2,0.2222222222222222,0.3849001794597505,3,0.22222222222222224
M1-Clemastine,247.4,0.2222222222222222,0.3849001794597505,3,0.22222222222222224
M1-Clemastine,247.6,0.3333333333333333,0.5773502691896258,3,0.33333333333333337
M1-Clemastine,247.8,0.3333333333333333,0.5773502691896258,3,0.33333333333333337
M1-Clemastine,248.0,0.2222222222222222,0.3849001794597505,3,0.22222222222222224
M1-Clemastine,248.2,0.2222222222222222,0.3849001794597505,3,0.22222222222222224
M1-Clemastine,248.4,0.2222222222222222,0.3849001794597505,3,0.22222222222222224
M1-Clemastine,248.6,0.3333333333333333,0.5773502691896258,3,0.33333333333333337
M1-Clemastine,248.8,0.3333333333333333,0.5773502691896258,3,0.33333333333333337
M1-Clemastine,249.0,0.3333333333333333,0.5773502691896258,3,0.33333333333333337
M1-Clemastine,249.2,0.3333333333333333,0.5773502691896258,3,0.33333333333333337
M1-Clemastine,249.4,0.3333333333333333,0.5773502691896258,3,0.33333333333333337
M1-Clemastine,249.6,0.3333333333333333,0.5773502691896258,3,0.33333333333333337
M1-Clemastine,249.8,0.3333333333333333,0.5773502691896258,3,0.33333333333333337
M1-Clemastine,250.0,0.3333333333333333,0.5773502691896258,3,0.33333333333333337
M1-Clemastine,250.2,0.3333333333333333,0.5773502691896258,3,0.33333333333333337
M1-Clemastine,250.4,0.3333333333333333,0.5773502691896258,3,0.33333333333333337
M1-Clemastine,250.6,0.3333333333333333,0.5773502691896258,3,0.33333333333333337
M1-Clemastine,250.8,0.3333333333333333,0.5773502691896258,3,0.33333333333333337
M1-Clemastine,251.0,0.3333333333333333,0.5773502691896258,3,0.33333333333333337
M1-Clemastine,251.2,0.3333333333333333,0.5773502691896258,3,0.33333333333333337
M1-Clemastine,251.4,0.3333333333333333,0.5773502691896258,3,0.33333333333333337
M1-Clemastine,251.6,0.3333333333333333,0.5773502691896258,3,0.33333333333333337
M1-Clemastine,251.8,0.3333333333333333,0.5773502691896258,3,0.33333333333333337
M1-Clemastine,252.0,0.3333333333333333,0.5773502691896258,3,0.33333333333333337
M1-Clemastine,252.2,0.3333333333333333,0.5773502691896258,3,0.33333333333333337
M1-Clemastine,252.4,0.3333333333333333,0.5773502691896258,3,0.33333333333333337
M1-Clemastine,252.6,0.3333333333333333,0.5773502691896258,3,0.33333333333333337
M1-Clemastine,252.8,0.3333333333333333,0.5773502691896258,3,0.33333333333333337
M1-Clemastine,253.0,0.3333333333333333,0.5773502691896258,3,0.33333333333333337
M1-Clemastine,253.2,0.3333333333333333,0.5773502691896258,3,0.33333333333333337
M1-Clemastine,253.4,0.3333333333333333,0.5773502691896258,3,0.33333333333333337
M1-Clemastine,253.6,0.3333333333333333,0.5773502691896258,3,0.33333333333333337
M1-Clemastine,253.8,0.2222222222222222,0.3849001794597505,3,0.22222222222222224
M1-Clemastine,254.0,0.2222222222222222,0.3849001794597505,3,0.22222222222222224
M1-Clemastine,254.2,0.2222222222222222,0.3849001794597505,3,0.22222222222222224
M1-Clemastine,254.4,0.3333333333333333,0.5773502691896258,3,0.33333333333333337
M1-Clemastine,254.6,0.3333333333333333,0.5773502691896258,3,0.33333333333333337
M1-Clemastine,254.8,0.3333333333333333,0.5773502691896258,3,0.33333333333333337
M1-Clemastine,255.0,0.2222222222222222,0.3849001794597505,3,0.22222222222222224
M1-Clemastine,255.2,0.2222222222222222,0.3849001794597505,3,0.22222222222222224
M1-Clemastine,255.4,0.2222222222222222,0.3849001794597505,3,0.22222222222222224
M1-Clemastine,255.6,0.3333333333333333,0.5773502691896258,3,0.33333333333333337
M1-Clemastine,255.8,0.3333333333333333,0.5773502691896258,3,0.33333333333333337
M1-Clemastine,256.0,0.3333333333333333,0.5773502691896258,3,0.33333333333333337
M1-Clemastine,256.2,0.3333333333333333,0.5773502691896258,3,0.33333333333333337
M1-Clemastine,256.4,0.3333333333333333,0.5773502691896258,3,0.33333333333333337
M1-Clemastine,256.6,0.3333333333333333,0.5773502691896258,3,0.33333333333333337
M1-Clemastine,256.8,0.3333333333333333,0.5773502691896258,3,0.33333333333333337
M1-Clemastine,257.0,0.3333333333333333,0.5773502691896258,3,0.33333333333333337
M1-Clemastine,257.2,0.3333333333333333,0.5773502691896258,3,0.33333333333333337
M1-Clemastine,257.4,0.3333333333333333,0.5773502691896258,3,0.33333333333333337
M1-Clemastine,257.6,0.3333333333333333,0.5773502691896258,3,0.33333333333333337
M1-Clemastine,257.8,0.3333333333333333,0.5773502691896258,3,0.33333333333333337
M1-Clemastine,258.0,0.2222222222222222,0.3849001794597505,3,0.22222222222222224
M1-Clemastine,258.2,0.2222222222222222,0.3849001794597505,3,0.22222222222222224
M1-Clemastine,258.4,0.2222222222222222,0.3849001794597505,3,0.22222222222222224
M1-Clemastine,258.6,0.3333333333333333,0.5773502691896258,3,0.33333333333333337
M1-Clemastine,258.8,0.3333333333333333,0.5773502691896258,3,0.33333333333333337
M1-Clemastine,259.0,0.2222222222222222,0.3849001794597505,3,0.22222222222222224
M1-Clemastine,259.2,0.2222222222222222,0.3849001794597505,3,0.22222222222222224
M1-Clemastine,259.4,0.2222222222222222,0.3849001794597505,3,0.22222222222222224
M1-Clemastine,259.6,0.3333333333333333,0.5773502691896258,3,0.33333333333333337
M1-Clemastine,259.8,0.3333333333333333,0.5773502691896258,3,0.33333333333333337
M1-Clemastine,260.0,0.3333333333333333,0.5773502691896258,3,0.33333333333333337
M1-Clemastine,260.2,0.3333333333333333,0.5773502691896258,3,0.33333333333333337
M1-Clemastine,260.4,0.2222222222222222,0.3849001794597505,3,0.22222222222222224
M1-Clemastine,260.6,0.2222222222222222,0.3849001794597505,3,0.22222222222222224
M1-Clemastine,260.8,0.2222222222222222,0.3849001794597505,3,0.22222222222222224
M1-Clemastine,261.0,0.3333333333333333,0.5773502691896258,3,0.33333333333333337
M1-Clemastine,261.2,0.3333333333333333,0.5773502691896258,3,0.33333333333333337
M1-Clemastine,261.4,0.2222222222222222,0.3849001794597505,3,0.22222222222222224
M1-Clemastine,261.6,0.2222222222222222,0.3849001794597505,3,0.22222222222222224
M1-Clemastine,261.8,0.2222222222222222,0.3849001794597505,3,0.22222222222222224
M1-Clemastine,262.0,0.3333333333333333,0.5773502691896258,3,0.33333333333333337
M1-Clemastine,262.2,0.3333333333333333,0.5773502691896258,3,0.33333333333333337
M1-Clemastine,262.4,0.3333333333333333,0.5773502691896258,3,0.33333333333333337
M1-Clemastine,262.6,0.3333333333333333,0.5773502691896258,3,0.33333333333333337
M1-Clemastine,262.8,0.3333333333333333,0.5773502691896258,3,0.33333333333333337
M1-Clemastine,263.0,0.3333333333333333,0.5773502691896258,3,0.33333333333333337
M1-Clemastine,263.2,0.2222222222222222,0.3849001794597505,3,0.22222222222222224
M1-Clemastine,263.4,0.2222222222222222,0.3849001794597505,3,0.22222222222222224
M1-Clemastine,263.6,0.2222222222222222,0.3849001794597505,3,0.22222222222222224
M1-Clemastine,263.8,0.3333333333333333,0.5773502691896258,3,0.33333333333333337
M1-Clemastine,264.0,0.3333333333333333,0.5773502691896258,3,0.33333333333333337
M1-Clemastine,264.2,0.3333333333333333,0.5773502691896258,3,0.33333333333333337
M1-Clemastine,264.4,0.3333333333333333,0.5773502691896258,3,0.33333333333333337
M1-Clemastine,264.6,0.3333333333333333,0.5773502691896258,3,0.33333333333333337
M1-Clemastine,264.8,0.3333333333333333,0.5773502691896258,3,0.33333333333333337
M1-Clemastine,265.0,0.3333333333333333,0.5773502691896258,3,0.33333333333333337
M1-Clemastine,265.2,0.3333333333333333,0.5773502691896258,3,0.33333333333333337
M1-Clemastine,265.4,0.3333333333333333,0.5773502691896258,3,0.33333333333333337
M1-Clemastine,265.6,0.3333333333333333,0.5773502691896258,3,0.33333333333333337
M1-Clemastine,265.8,0.3333333333333333,0.5773502691896258,3,0.33333333333333337
M1-Clemastine,266.0,0.3333333333333333,0.5773502691896258,3,0.33333333333333337
M1-Clemastine,266.2,0.3333333333333333,0.5773502691896258,3,0.33333333333333337
M1-Clemastine,266.4,0.3333333333333333,0.5773502691896258,3,0.33333333333333337
M1-Clemastine,266.6,0.3333333333333333,0.5773502691896258,3,0.33333333333333337
M1-Clemastine,266.8,0.3333333333333333,0.5773502691896258,3,0.33333333333333337
M1-Clemastine,267.0,0.3333333333333333,0.5773502691896258,3,0.33333333333333337
M1-Clemastine,267.2,0.3333333333333333,0.5773502691896258,3,0.33333333333333337
M1-Clemastine,267.4,0.3333333333333333,0.5773502691896258,3,0.33333333333333337
M1-Clemastine,267.6,0.3333333333333333,0.5773502691896258,3,0.33333333333333337
M1-Clemastine,267.8,0.3333333333333333,0.5773502691896258,3,0.33333333333333337
M1-Clemastine,268.0,0.3333333333333333,0.5773502691896258,3,0.33333333333333337
M1-Clemastine,268.2,0.3333333333333333,0.5773502691896258,3,0.33333333333333337
M1-Clemastine,268.4,0.3333333333333333,0.5773502691896258,3,0.33333333333333337
M1-Clemastine,268.6,0.3333333333333333,0.5773502691896258,3,0.33333333333333337
M1-Clemastine,268.8,0.3333333333333333,0.5773502691896258,3,0.33333333333333337
M1-Clemastine,269.0,0.2222222222222222,0.3849001794597505,3,0.22222222222222224
M1-Clemastine,269.2,0.1111111111111111,0.19245008972987526,3,0.11111111111111112
M1-Clemastine,269.4,0.0,0.0,3,0.0
M1-Clemastine,269.6,0.0,0.0,3,0.0
M1-Clemastine,269.8,0.0,0.0,3,0.0
M1-Clemastine,270.0,0.0,0.0,3,0.0
M1-Clemastine,270.2,0.0,0.0,3,0.0
M1-Clemastine,270.4,0.0,0.0,3,0.0
M1-Clemastine,270.6,0.0,0.0,3,0.0
M1-Clemastine,270.8,0.0,0.0,3,0.0
M1-Clemastine,271.0,0.0,0.0,3,0.0
M1-Clemastine,271.2,0.0,0.0,3,0.0
M1-Clemastine,271.4,0.0,0.0,3,0.0
M1-Clemastine,271.6,0.0,0.0,3,0.0
M1-Clemastine,271.8,0.0,0.0,3,0.0
M1-Clemastine,272.0,0.0,0.0,3,0.0
M1-Clemastine,272.2,0.0,0.0,3,0.0
M1-Clemastine,272.4,0.0,0.0,3,0.0
M1-Clemastine,272.6,0.0,0.0,3,0.0
M1-Clemastine,272.8,0.0,0.0,3,0.0
M1-Clemastine,273.0,0.0,0.0,3,0.0
M1-Clemastine,273.2,0.0,0.0,3,0.0
M1-Clemastine,273.4,0.0,0.0,3,0.0
M1-Clemastine,273.6,0.0,0.0,3,0.0
M1-Clemastine,273.8,0.0,0.0,3,0.0
M1-Clemastine,274.0,0.0,0.0,3,0.0
M1-Clemastine,274.2,0.0,0.0,3,0.0
M1-Clemastine,274.4,0.0,0.0,3,0.0
M1-Clemastine,274.6,0.0,0.0,3,0.0
M1-Clemastine,274.8,0.0,0.0,3,0.0
M1-Clemastine,275.0,0.0,0.0,3,0.0
M1-Clemastine,275.2,0.0,0.0,3,0.0
M1-Clemastine,275.4,0.0,0.0,3,0.0
M1-Clemastine,275.6,0.0,0.0,3,0.0
M1-Clemastine,275.8,0.0,0.0,3,0.0
M1-Clemastine,276.0,0.0,0.0,3,0.0
M1-Clemastine,276.2,0.0,0.0,3,0.0
M1-Clemastine,276.4,0.0,0.0,3,0.0
M1-Clemastine,276.6,0.0,0.0,3,0.0
M1-Clemastine,276.8,0.0,0.0,3,0.0
M1-Clemastine,277.0,0.0,0.0,3,0.0
M1-Clemastine,277.2,0.0,0.0,3,0.0
M1-Clemastine,277.4,0.0,0.0,3,0.0
M1-Clemastine,277.6,0.0,0.0,3,0.0
M1-Clemastine,277.8,0.0,0.0,3,0.0
M1-Clemastine,278.0,0.0,0.0,3,0.0
M1-Clemastine,278.2,0.0,0.0,3,0.0
M1-Clemastine,278.4,0.0,0.0,3,0.0
M1-Clemastine,278.6,0.0,0.0,3,0.0
M1-Clemastine,278.8,0.0,0.0,3,0.0
M1-Clemastine,279.0,0.0,0.0,3,0.0
M1-Clemastine,279.2,0.0,0.0,3,0.0
M1-Clemastine,279.4,0.0,0.0,3,0.0
M1-Clemastine,279.6,0.0,0.0,3,0.0
M1-Clemastine,279.8,0.0,0.0,3,0.0
M1-Clemastine,280.0,0.0,0.0,3,0.0
M1-Clemastine,280.2,0.0,0.0,3,0.0
M1-Clemastine,280.4,0.0,0.0,3,0.0
M1-Clemastine,280.6,0.0,0.0,3,0.0
M1-Clemastine,280.8,0.0,0.0,3,0.0
M1-Clemastine,281.0,0.0,0.0,3,0.0
M1-Clemastine,281.2,0.0,0.0,3,0.0
M1-Clemastine,281.4,0.0,0.0,3,0.0
M1-Clemastine,281.6,0.0,0.0,3,0.0
M1-Clemastine,281.8,0.0,0.0,3,0.0
M1-Clemastine,282.0,0.0,0.0,3,0.0
M1-Clemastine,282.2,0.0,0.0,3,0.0
M1-Clemastine,282.4,0.0,0.0,3,0.0
M1-Clemastine,282.6,0.0,0.0,3,0.0
M1-Clemastine,282.8,0.0,0.0,3,0.0
M1-Clemastine,283.0,0.0,0.0,3,0.0
M1-Clemastine,283.2,0.0,0.0,3,0.0
M1-Clemastine,283.4,0.0,0.0,3,0.0
M1-Clemastine,283.6,0.0,0.0,3,0.0
M1-Clemastine,283.8,0.0,0.0,3,0.0
M1-Clemastine,284.0,0.0,0.0,3,0.0
M1-Clemastine,284.2,0.0,0.0,3,0.0
M1-Clemastine,284.4,0.0,0.0,3,0.0
M1-Clemastine,284.6,0.0,0.0,3,0.0
M1-Clemastine,284.8,0.0,0.0,3,0.0
M1-Clemastine,285.0,0.0,0.0,3,0.0
M1-Clemastine,285.2,0.0,0.0,3,0.0
M1-Clemastine,285.4,0.0,0.0,3,0.0
M1-Clemastine,285.6,0.0,0.0,3,0.0
M1-Clemastine,285.8,0.0,0.0,3,0.0
M1-Clemastine,286.0,0.0,0.0,3,0.0
M1-Clemastine,286.2,0.0,0.0,3,0.0
M1-Clemastine,286.4,0.0,0.0,3,0.0
M1-Clemastine,286.6,0.0,0.0,3,0.0
M1-Clemastine,286.8,0.0,0.0,3,0.0
M1-Clemastine,287.0,0.0,0.0,3,0.0
M1-Clemastine,287.2,0.0,0.0,3,0.0
M1-Clemastine,287.4,0.0,0.0,3,0.0
M1-Clemastine,287.6,0.0,0.0,3,0.0
M1-Clemastine,287.8,0.0,0.0,3,0.0
M1-Clemastine,288.0,0.0,0.0,3,0.0
M1-Clemastine,288.2,0.0,0.0,3,0.0
M1-Clemastine,288.4,0.0,0.0,3,0.0
M1-Clemastine,288.6,0.0,0.0,3,0.0
M1-Clemastine,288.8,0.0,0.0,3,0.0
M1-Clemastine,289.0,0.0,0.0,3,0.0
M1-Clemastine,289.2,0.0,0.0,3,0.0
M1-Clemastine,289.4,0.0,0.0,3,0.0
M1-Clemastine,289.6,0.0,0.0,3,0.0
M1-Clemastine,289.8,0.0,0.0,3,0.0
M1-Clemastine,290.0,0.0,0.0,3,0.0
M1-Clemastine,290.2,0.0,0.0,3,0.0
M1-Clemastine,290.4,0.0,0.0,3,0.0
M1-Clemastine,290.6,0.0,0.0,3,0.0
M1-Clemastine,290.8,0.0,0.0,3,0.0
M1-Clemastine,291.0,0.0,0.0,3,0.0
M1-Clemastine,291.2,0.0,0.0,3,0.0
M1-Clemastine,291.4,0.0,0.0,3,0.0
M1-Clemastine,291.6,0.0,0.0,3,0.0
M1-Clemastine,291.8,0.0,0.0,3,0.0
M1-Clemastine,292.0,0.0,0.0,3,0.0
M1-Clemastine,292.2,0.0,0.0,3,0.0
M1-Clemastine,292.4,0.0,0.0,3,0.0
M1-Clemastine,292.6,0.0,0.0,3,0.0
M1-Clemastine,292.8,0.0,0.0,3,0.0
M1-Clemastine,293.0,0.0,0.0,3,0.0
M1-Clemastine,293.2,0.0,0.0,3,0.0
M1-Clemastine,293.4,0.0,0.0,3,0.0
M1-Clemastine,293.6,0.0,0.0,3,0.0
M1-Clemastine,293.8,0.0,0.0,3,0.0
M1-Clemastine,294.0,0.0,0.0,3,0.0
M1-Clemastine,294.2,0.0,0.0,3,0.0
M1-Clemastine,294.4,0.0,0.0,3,0.0
M1-Clemastine,294.6,0.0,0.0,3,0.0
M1-Clemastine,294.8,0.0,0.0,3,0.0
M1-Clemastine,295.0,0.0,0.0,3,0.0
M1-Clemastine,295.2,0.0,0.0,3,0.0
M1-Clemastine,295.4,0.0,0.0,3,0.0
M1-Clemastine,295.6,0.0,0.0,3,0.0
M1-Clemastine,295.8,0.0,0.0,3,0.0
M1-Clemastine,296.0,0.0,0.0,3,0.0
M1-Clemastine,296.2,0.0,0.0,3,0.0
M1-Clemastine,296.4,0.0,0.0,3,0.0
M1-Clemastine,296.6,0.0,0.0,3,0.0
M1-Clemastine,296.8,0.0,0.0,3,0.0
M1-Clemastine,297.0,0.0,0.0,3,0.0
M1-Clemastine,297.2,0.0,0.0,3,0.0
M1-Clemastine,297.4,0.0,0.0,3,0.0
M1-Clemastine,297.6,0.0,0.0,3,0.0
M1-Clemastine,297.8,0.0,0.0,3,0.0
M1-Clemastine,298.0,0.0,0.0,3,0.0
M1-Clemastine,298.2,0.0,0.0,3,0.0
M1-Clemastine,298.4,0.0,0.0,3,0.0
M1-Clemastine,298.6,0.0,0.0,3,0.0
M1-Clemastine,298.8,0.0,0.0,3,0.0
M1-Clemastine,299.0,0.0,0.0,3,0.0
M1-Clemastine,299.2,0.0,0.0,3,0.0
M1-Clemastine,299.4,0.0,0.0,3,0.0
M1-Clemastine,299.6,0.0,0.0,3,0.0
M1-Clemastine,299.8,0.0,0.0,3,0.0
M1-Clemastine,300.0,0.0,0.0,3,0.0
M1-Clemastine,300.2,0.0,0.0,3,0.0
M1-Clemastine,300.4,0.0,0.0,3,0.0
M1-Clemastine,300.6,0.0,0.0,3,0.0
M1-Clemastine,300.8,0.0,0.0,3,0.0
M1-Clemastine,301.0,0.0,0.0,3,0.0
M1-Clemastine,301.2,0.0,0.0,3,0.0
M1-Clemastine,301.4,0.0,0.0,3,0.0
M1-Clemastine,301.6,0.0,0.0,3,0.0
M1-Clemastine,301.8,0.0,0.0,3,0.0
M1-Clemastine,302.0,0.0,0.0,3,0.0
M1-Clemastine,302.2,0.0,0.0,3,0.0
M1-Clemastine,302.4,0.0,0.0,3,0.0
M1-Clemastine,302.6,0.0,0.0,3,0.0
M1-Clemastine,302.8,0.0,0.0,3,0.0
M1-Clemastine,303.0,0.0,0.0,3,0.0
M1-Clemastine,303.2,0.0,0.0,3,0.0
M1-Clemastine,303.4,0.0,0.0,3,0.0
M1-Clemastine,303.6,0.0,0.0,3,0.0
M1-Clemastine,303.8,0.0,0.0,3,0.0
M1-Clemastine,304.0,0.0,0.0,3,0.0
M1-Clemastine,304.2,0.0,0.0,3,0.0
M1-Clemastine,304.4,0.0,0.0,3,0.0
M1-Clemastine,304.6,0.0,0.0,3,0.0
M1-Clemastine,304.8,0.0,0.0,3,0.0
M1-Clemastine,305.0,0.0,0.0,3,0.0
M1-Clemastine,305.2,0.0,0.0,3,0.0
M1-Clemastine,305.4,0.0,0.0,3,0.0
M1-Clemastine,305.6,0.0,0.0,3,0.0
M1-Clemastine,305.8,0.0,0.0,3,0.0
M1-Clemastine,306.0,0.0,0.0,3,0.0
M1-Clemastine,306.2,0.0,0.0,3,0.0
M1-Clemastine,306.4,0.0,0.0,3,0.0
M1-Clemastine,306.6,0.0,0.0,3,0.0
M1-Clemastine,306.8,0.0,0.0,3,0.0
M1-Clemastine,307.0,0.0,0.0,3,0.0
M1-Clemastine,307.2,0.0,0.0,3,0.0
M1-Clemastine,307.4,0.0,0.0,3,0.0
M1-Clemastine,307.6,0.0,0.0,3,0.0
M1-Clemastine,307.8,0.0,0.0,3,0.0
M1-Clemastine,308.0,0.0,0.0,3,0.0
M1-Clemastine,308.2,0.0,0.0,3,0.0
M1-Clemastine,308.4,0.0,0.0,3,0.0
M1-Clemastine,308.6,0.0,0.0,3,0.0
M1-Clemastine,308.8,0.0,0.0,3,0.0
M1-Clemastine,309.0,0.0,0.0,3,0.0
M1-Clemastine,309.2,0.0,0.0,3,0.0
M1-Clemastine,309.4,0.0,0.0,3,0.0
M1-Clemastine,309.6,0.0,0.0,3,0.0
M1-Clemastine,309.8,0.0,0.0,3,0.0
M1-Clemastine,310.0,0.0,0.0,3,0.0
M1-Clemastine,310.2,0.0,0.0,3,0.0
M1-Clemastine,310.4,0.0,0.0,3,0.0
M1-Clemastine,310.6,0.0,0.0,3,0.0
M1-Clemastine,310.8,0.0,0.0,3,0.0
M1-Clemastine,311.0,0.0,0.0,3,0.0
M1-Clemastine,311.2,0.0,0.0,3,0.0
M1-Clemastine,311.4,0.0,0.0,3,0.0
M1-Clemastine,311.6,0.0,0.0,3,0.0
M1-Clemastine,311.8,0.0,0.0,3,0.0
M1-Clemastine,312.0,0.0,0.0,3,0.0
M1-Clemastine,312.2,0.0,0.0,3,0.0
M1-Clemastine,312.4,0.0,0.0,3,0.0
M1-Clemastine,312.6,0.0,0.0,3,0.0
M1-Clemastine,312.8,0.0,0.0,3,0.0
M1-Clemastine,313.0,0.0,0.0,3,0.0
M1-Clemastine,313.2,0.0,0.0,3,0.0
M1-Clemastine,313.4,0.0,0.0,3,0.0
M1-Clemastine,313.6,0.0,0.0,3,0.0
M1-Clemastine,313.8,0.0,0.0,3,0.0
M1-Clemastine,314.0,0.0,0.0,3,0.0
M1-Clemastine,314.2,0.0,0.0,3,0.0
M1-Clemastine,314.4,0.0,0.0,3,0.0
M1-Clemastine,314.6,0.0,0.0,3,0.0
M1-Clemastine,314.8,0.0,0.0,3,0.0
M1-Clemastine,315.0,0.0,0.0,3,0.0
M1-Clemastine,315.2,0.0,0.0,3,0.0
M1-Clemastine,315.4,0.0,0.0,3,0.0
M1-Clemastine,315.6,0.0,0.0,3,0.0
M1-Clemastine,315.8,0.0,0.0,3,0.0
M1-Clemastine,316.0,0.0,0.0,3,0.0
M1-Clemastine,316.2,0.0,0.0,3,0.0
M1-Clemastine,316.4,0.0,0.0,3,0.0
M1-Clemastine,316.6,0.0,0.0,3,0.0
M1-Clemastine,316.8,0.0,0.0,3,0.0
M1-Clemastine,317.0,0.0,0.0,3,0.0
M1-Clemastine,317.2,0.0,0.0,3,0.0
M1-Clemastine,317.4,0.0,0.0,3,0.0
M1-Clemastine,317.6,0.0,0.0,3,0.0
M1-Clemastine,317.8,0.0,0.0,3,0.0
M1-Clemastine,318.0,0.0,0.0,3,0.0
M1-Clemastine,318.2,0.0,0.0,3,0.0
M1-Clemastine,318.4,0.0,0.0,3,0.0
M1-Clemastine,318.6,0.0,0.0,3,0.0
M1-Clemastine,318.8,0.0,0.0,3,0.0
M1-Clemastine,319.0,0.0,0.0,3,0.0
M1-Clemastine,319.2,0.0,0.0,3,0.0
M1-Clemastine,319.4,0.0,0.0,3,0.0
M1-Clemastine,319.6,0.0,0.0,3,0.0
M1-Clemastine,319.8,0.0,0.0,3,0.0
M1-Clemastine,320.0,0.0,0.0,3,0.0
M1-Clemastine,320.2,0.0,0.0,3,0.0
M1-Clemastine,320.4,0.0,0.0,3,0.0
M1-Clemastine,320.6,0.0,0.0,3,0.0
M1-Clemastine,320.8,0.0,0.0,3,0.0
M1-Clemastine,321.0,0.0,0.0,3,0.0
M1-Clemastine,321.2,0.0,0.0,3,0.0
M1-Clemastine,321.4,0.0,0.0,3,0.0
M1-Clemastine,321.6,0.0,0.0,3,0.0
M1-Clemastine,321.8,0.0,0.0,3,0.0
M1-Clemastine,322.0,0.0,0.0,3,0.0
M1-Clemastine,322.2,0.0,0.0,3,0.0
M1-Clemastine,322.4,0.0,0.0,3,0.0
M1-Clemastine,322.6,0.0,0.0,3,0.0
M1-Clemastine,322.8,0.0,0.0,3,0.0
M1-Clemastine,323.0,0.0,0.0,3,0.0
M1-Clemastine,323.2,0.0,0.0,3,0.0
M1-Clemastine,323.4,0.0,0.0,3,0.0
M1-Clemastine,323.6,0.0,0.0,3,0.0
M1-Clemastine,323.8,0.0,0.0,3,0.0
M1-Clemastine,324.0,0.0,0.0,3,0.0
M1-Clemastine,324.2,0.0,0.0,3,0.0
M1-Clemastine,324.4,0.0,0.0,3,0.0
M1-Clemastine,324.6,0.0,0.0,3,0.0
M1-Clemastine,324.8,0.0,0.0,3,0.0
M1-Clemastine,325.0,0.0,0.0,3,0.0
M1-Clemastine,325.2,0.0,0.0,3,0.0
M1-Clemastine,325.4,0.0,0.0,3,0.0
M1-Clemastine,325.6,0.0,0.0,3,0.0
M1-Clemastine,325.8,0.0,0.0,3,0.0
M1-Clemastine,326.0,0.0,0.0,3,0.0
M1-Clemastine,326.2,0.0,0.0,3,0.0
M1-Clemastine,326.4,0.0,0.0,3,0.0
M1-Clemastine,326.6,0.0,0.0,3,0.0
M1-Clemastine,326.8,0.0,0.0,3,0.0
M1-Clemastine,327.0,0.0,0.0,3,0.0
M1-Clemastine,327.2,0.0,0.0,3,0.0
M1-Clemastine,327.4,0.0,0.0,3,0.0
M1-Clemastine,327.6,0.0,0.0,3,0.0
M1-Clemastine,327.8,0.0,0.0,3,0.0
M1-Clemastine,328.0,0.0,0.0,3,0.0
M1-Clemastine,328.2,0.0,0.0,3,0.0
M1-Clemastine,328.4,0.0,0.0,3,0.0
M1-Clemastine,328.6,0.0,0.0,3,0.0
M1-Clemastine,328.8,0.0,0.0,3,0.0
M1-Clemastine,329.0,0.0,0.0,3,0.0
M1-Clemastine,329.2,0.0,0.0,3,0.0
M1-Clemastine,329.4,0.0,0.0,3,0.0
M1-Clemastine,329.6,0.0,0.0,3,0.0
M1-Clemastine,329.8,0.0,0.0,3,0.0
M1-Clemastine,330.0,0.0,0.0,3,0.0
M1-Clemastine,330.2,0.0,0.0,3,0.0
M1-Clemastine,330.4,0.0,0.0,3,0.0
M1-Clemastine,330.6,0.0,0.0,3,0.0
M1-Clemastine,330.8,0.0,0.0,3,0.0
M1-Clemastine,331.0,0.0,0.0,3,0.0
M1-Clemastine,331.2,0.0,0.0,3,0.0
M1-Clemastine,331.4,0.0,0.0,3,0.0
M1-Clemastine,331.6,0.0,0.0,3,0.0
M1-Clemastine,331.8,0.0,0.0,3,0.0
M1-Clemastine,332.0,0.0,0.0,3,0.0
M1-Clemastine,332.2,0.0,0.0,3,0.0
M1-Clemastine,332.4,0.0,0.0,3,0.0
M1-Clemastine,332.6,0.0,0.0,3,0.0
M1-Clemastine,332.8,0.0,0.0,3,0.0
M1-Clemastine,333.0,0.0,0.0,3,0.0
M1-Clemastine,333.2,0.0,0.0,3,0.0
M1-Clemastine,333.4,0.0,0.0,3,0.0
M1-Clemastine,333.6,0.0,0.0,3,0.0
M1-Clemastine,333.8,0.0,0.0,3,0.0
M1-Clemastine,334.0,0.0,0.0,3,0.0
M1-Clemastine,334.2,0.0,0.0,3,0.0
M1-Clemastine,334.4,0.0,0.0,3,0.0
M1-Clemastine,334.6,0.0,0.0,3,0.0
M1-Clemastine,334.8,0.0,0.0,3,0.0
M1-Clemastine,335.0,0.0,0.0,3,0.0
M1-Clemastine,335.2,0.0,0.0,3,0.0
M1-Clemastine,335.4,0.0,0.0,3,0.0
M1-Clemastine,335.6,0.0,0.0,3,0.0
M1-Clemastine,335.8,0.0,0.0,3,0.0
M1-Clemastine,336.0,0.0,0.0,3,0.0
M1-Clemastine,336.2,0.0,0.0,3,0.0
M1-Clemastine,336.4,0.0,0.0,3,0.0
M1-Clemastine,336.6,0.0,0.0,3,0.0
M1-Clemastine,336.8,0.0,0.0,3,0.0
M1-Clemastine,337.0,0.0,0.0,3,0.0
M1-Clemastine,337.2,0.0,0.0,3,0.0
M1-Clemastine,337.4,0.0,0.0,3,0.0
M1-Clemastine,337.6,0.0,0.0,3,0.0
M1-Clemastine,337.8,0.0,0.0,3,0.0
M1-Clemastine,338.0,0.0,0.0,3,0.0
M1-Clemastine,338.2,0.0,0.0,3,0.0
M1-Clemastine,338.4,0.0,0.0,3,0.0
M1-Clemastine,338.6,0.0,0.0,3,0.0
M1-Clemastine,338.8,0.0,0.0,3,0.0
M1-Clemastine,339.0,0.0,0.0,3,0.0
M1-Clemastine,339.2,0.0,0.0,3,0.0
M1-Clemastine,339.4,0.0,0.0,3,0.0
M1-Clemastine,339.6,0.0,0.0,3,0.0
M1-Clemastine,339.8,0.0,0.0,3,0.0
M1-Clemastine,340.0,0.0,0.0,3,0.0
M1-Clemastine,340.2,0.0,0.0,3,0.0
M1-Clemastine,340.4,0.0,0.0,3,0.0
M1-Clemastine,340.6,0.0,0.0,3,0.0
M1-Clemastine,340.8,0.0,0.0,3,0.0
M1-Clemastine,341.0,0.0,0.0,3,0.0
M1-Clemastine,341.2,0.0,0.0,3,0.0
M1-Clemastine,341.4,0.0,0.0,3,0.0
M1-Clemastine,341.6,0.0,0.0,3,0.0
M1-Clemastine,341.8,0.0,0.0,3,0.0
M1-Clemastine,342.0,0.0,0.0,3,0.0
M1-Clemastine,342.2,0.0,0.0,3,0.0
M1-Clemastine,342.4,0.0,0.0,3,0.0
M1-Clemastine,342.6,0.0,0.0,3,0.0
M1-Clemastine,342.8,0.0,0.0,3,0.0
M1-Clemastine,343.0,0.0,0.0,3,0.0
M1-Clemastine,343.2,0.0,0.0,3,0.0
M1-Clemastine,343.4,0.0,0.0,3,0.0
M1-Clemastine,343.6,0.0,0.0,3,0.0
M1-Clemastine,343.8,0.0,0.0,3,0.0
M1-Clemastine,344.0,0.0,0.0,3,0.0
M1-Clemastine,344.2,0.0,0.0,3,0.0
M1-Clemastine,344.4,0.0,0.0,3,0.0
M1-Clemastine,344.6,0.0,0.0,3,0.0
M1-Clemastine,344.8,0.0,0.0,3,0.0
M1-Clemastine,345.0,0.0,0.0,3,0.0
M1-Clemastine,345.2,0.0,0.0,3,0.0
M1-Clemastine,345.4,0.0,0.0,3,0.0
M1-Clemastine,345.6,0.0,0.0,3,0.0
M1-Clemastine,345.8,0.0,0.0,3,0.0
M1-Clemastine,346.0,0.0,0.0,3,0.0
M1-Clemastine,346.2,0.0,0.0,3,0.0
M1-Clemastine,346.4,0.0,0.0,3,0.0
M1-Clemastine,346.6,0.0,0.0,3,0.0
M1-Clemastine,346.8,0.0,0.0,3,0.0
M1-Clemastine,347.0,0.0,0.0,3,0.0
M1-Clemastine,347.2,0.0,0.0,3,0.0
M1-Clemastine,347.4,0.0,0.0,3,0.0
M1-Clemastine,347.6,0.0,0.0,3,0.0
M1-Clemastine,347.8,0.0,0.0,3,0.0
M1-Clemastine,348.0,0.0,0.0,3,0.0
M1-Clemastine,348.2,0.0,0.0,3,0.0
M1-Clemastine,348.4,0.0,0.0,3,0.0
M1-Clemastine,348.6,0.0,0.0,3,0.0
M1-Clemastine,348.8,0.0,0.0,3,0.0
M1-Clemastine,349.0,0.0,0.0,3,0.0
M1-Clemastine,349.2,0.0,0.0,3,0.0
M1-Clemastine,349.4,0.0,0.0,3,0.0
M1-Clemastine,349.6,0.0,0.0,3,0.0
M1-Clemastine,349.8,0.0,0.0,3,0.0
M1-Clemastine,350.0,0.0,0.0,3,0.0
M1-Clemastine,350.2,0.0,0.0,3,0.0
M1-Clemastine,350.4,0.0,0.0,3,0.0
M1-Clemastine,350.6,0.0,0.0,3,0.0
M1-Clemastine,350.8,0.0,0.0,3,0.0
M1-Clemastine,351.0,0.0,0.0,3,0.0
M1-Clemastine,351.2,0.0,0.0,3,0.0
M1-Clemastine,351.4,0.0,0.0,3,0.0
M1-Clemastine,351.6,0.0,0.0,3,0.0
M1-Clemastine,351.8,0.0,0.0,3,0.0
M1-Clemastine,352.0,0.0,0.0,3,0.0
M1-Clemastine,352.2,0.0,0.0,3,0.0
M1-Clemastine,352.4,0.0,0.0,3,0.0
M1-Clemastine,352.6,0.0,0.0,3,0.0
M1-Clemastine,352.8,0.0,0.0,3,0.0
M1-Clemastine,353.0,0.0,0.0,3,0.0
M1-Clemastine,353.2,0.0,0.0,3,0.0
M1-Clemastine,353.4,0.0,0.0,3,0.0
M1-Clemastine,353.6,0.0,0.0,3,0.0
M1-Clemastine,353.8,0.0,0.0,3,0.0
M1-Clemastine,354.0,0.0,0.0,3,0.0
M1-Clemastine,354.2,0.0,0.0,3,0.0
M1-Clemastine,354.4,0.0,0.0,3,0.0
M1-Clemastine,354.6,0.0,0.0,3,0.0
M1-Clemastine,354.8,0.0,0.0,3,0.0
M1-Clemastine,355.0,0.0,0.0,3,0.0
M1-Clemastine,355.2,0.0,0.0,3,0.0
M1-Clemastine,355.4,0.0,0.0,3,0.0
M1-Clemastine,355.6,0.0,0.0,3,0.0
M1-Clemastine,355.8,0.0,0.0,3,0.0
M1-Clemastine,356.0,0.0,0.0,3,0.0
M1-Clemastine,356.2,0.0,0.0,3,0.0
M1-Clemastine,356.4,0.0,0.0,3,0.0
M1-Clemastine,356.6,0.0,0.0,3,0.0
M1-Clemastine,356.8,0.0,0.0,3,0.0
M1-Clemastine,357.0,0.0,0.0,3,0.0
M1-Clemastine,357.2,0.0,0.0,3,0.0
M1-Clemastine,357.4,0.0,0.0,3,0.0
M1-Clemastine,357.6,0.0,0.0,3,0.0
M1-Clemastine,357.8,0.0,0.0,3,0.0
M1-Clemastine,358.0,0.0,0.0,3,0.0
M1-Clemastine,358.2,0.0,0.0,3,0.0
M1-Clemastine,358.4,0.0,0.0,3,0.0
M1-Clemastine,358.6,0.0,0.0,3,0.0
M1-Clemastine,358.8,0.0,0.0,3,0.0
M1-Clemastine,359.0,0.0,0.0,3,0.0
M1-Clemastine,359.2,0.0,0.0,3,0.0
M1-Clemastine,359.4,0.0,0.0,3,0.0
M1-Clemastine,359.6,0.0,0.0,3,0.0
M1-Clemastine,359.8,0.0,0.0,3,0.0
M1-Clemastine,360.0,0.0,0.0,3,0.0
M1-Clemastine,360.2,0.0,0.0,3,0.0
M1-Clemastine,360.4,0.0,0.0,3,0.0
M1-Clemastine,360.6,0.0,0.0,3,0.0
M1-Clemastine,360.8,0.0,0.0,3,0.0
M1-Clemastine,361.0,0.0,0.0,3,0.0
M1-Clemastine,361.2,0.0,0.0,3,0.0
M1-Clemastine,361.4,0.0,0.0,3,0.0
M1-Clemastine,361.6,0.0,0.0,3,0.0
M1-Clemastine,361.8,0.0,0.0,3,0.0
M1-Clemastine,362.0,0.0,0.0,3,0.0
M1-Clemastine,362.2,0.0,0.0,3,0.0
M1-Clemastine,362.4,0.0,0.0,3,0.0
M1-Clemastine,362.6,0.0,0.0,3,0.0
M1-Clemastine,362.8,0.0,0.0,3,0.0
M1-Clemastine,363.0,0.0,0.0,3,0.0
M1-Clemastine,363.2,0.0,0.0,3,0.0
M1-Clemastine,363.4,0.0,0.0,3,0.0
M1-Clemastine,363.6,0.0,0.0,3,0.0
M1-Clemastine,363.8,0.0,0.0,3,0.0
M1-Clemastine,364.0,0.0,0.0,3,0.0
M1-Clemastine,364.2,0.0,0.0,3,0.0
M1-Clemastine,364.4,0.0,0.0,3,0.0
M1-Clemastine,364.6,0.0,0.0,3,0.0
M1-Clemastine,364.8,0.0,0.0,3,0.0
M1-Clemastine,365.0,0.0,0.0,3,0.0
M1-Clemastine,365.2,0.0,0.0,3,0.0
M1-Clemastine,365.4,0.0,0.0,3,0.0
M1-Clemastine,365.6,0.0,0.0,3,0.0
M1-Clemastine,365.8,0.0,0.0,3,0.0
M1-Clemastine,366.0,0.0,0.0,3,0.0
M1-Clemastine,366.2,0.0,0.0,3,0.0
M1-Clemastine,366.4,0.0,0.0,3,0.0
M1-Clemastine,366.6,0.0,0.0,3,0.0
M1-Clemastine,366.8,0.0,0.0,3,0.0
M1-Clemastine,367.0,0.0,0.0,3,0.0
M1-Clemastine,367.2,0.0,0.0,3,0.0
M1-Clemastine,367.4,0.0,0.0,3,0.0
M1-Clemastine,367.6,0.0,0.0,3,0.0
M1-Clemastine,367.8,0.0,0.0,3,0.0
M1-Clemastine,368.0,0.0,0.0,3,0.0
M1-Clemastine,368.2,0.0,0.0,3,0.0
M1-Clemastine,368.4,0.0,0.0,3,0.0
M1-Clemastine,368.6,0.0,0.0,3,0.0
M1-Clemastine,368.8,0.0,0.0,3,0.0
M1-Clemastine,369.0,0.0,0.0,3,0.0
M1-Clemastine,369.2,0.0,0.0,3,0.0
M1-Clemastine,369.4,0.0,0.0,3,0.0
M1-Clemastine,369.6,0.0,0.0,3,0.0
M1-Clemastine,369.8,0.0,0.0,3,0.0
M1-Clemastine,370.0,0.0,0.0,3,0.0
M1-Clemastine,370.2,0.0,0.0,3,0.0
M1-Clemastine,370.4,0.0,0.0,3,0.0
M1-Clemastine,370.6,0.0,0.0,3,0.0
M1-Clemastine,370.8,0.0,0.0,3,0.0
M1-Clemastine,371.0,0.0,0.0,3,0.0
M1-Clemastine,371.2,0.0,0.0,3,0.0
M1-Clemastine,371.4,0.0,0.0,3,0.0
M1-Clemastine,371.6,0.0,0.0,3,0.0
M1-Clemastine,371.8,0.0,0.0,3,0.0
M1-Clemastine,372.0,0.0,0.0,3,0.0
M1-Clemastine,372.2,0.0,0.0,3,0.0
M1-Clemastine,372.4,0.0,0.0,3,0.0
M1-Clemastine,372.6,0.0,0.0,3,0.0
M1-Clemastine,372.8,0.0,0.0,3,0.0
M1-Clemastine,373.0,0.0,0.0,3,0.0
M1-Clemastine,373.2,0.0,0.0,3,0.0
M1-Clemastine,373.4,0.0,0.0,3,0.0
M1-Clemastine,373.6,0.0,0.0,3,0.0
M1-Clemastine,373.8,0.0,0.0,3,0.0
M1-Clemastine,374.0,0.0,0.0,3,0.0
M1-Clemastine,374.2,0.0,0.0,3,0.0
M1-Clemastine,374.4,0.0,0.0,3,0.0
M1-Clemastine,374.6,0.0,0.0,3,0.0
M1-Clemastine,374.8,0.0,0.0,3,0.0
M1-Clemastine,375.0,0.0,0.0,3,0.0
M1-Clemastine,375.2,0.0,0.0,3,0.0
M1-Clemastine,375.4,0.0,0.0,3,0.0
M1-Clemastine,375.6,0.0,0.0,3,0.0
M1-Clemastine,375.8,0.0,0.0,3,0.0
M1-Clemastine,376.0,0.0,0.0,3,0.0
M1-Clemastine,376.2,0.0,0.0,3,0.0
M1-Clemastine,376.4,0.0,0.0,3,0.0
M1-Clemastine,376.6,0.0,0.0,3,0.0
M1-Clemastine,376.8,0.0,0.0,3,0.0
M1-Clemastine,377.0,0.0,0.0,3,0.0
M1-Clemastine,377.2,0.0,0.0,3,0.0
M1-Clemastine,377.4,0.0,0.0,3,0.0
M1-Clemastine,377.6,0.0,0.0,3,0.0
M1-Clemastine,377.8,0.0,0.0,3,0.0
M1-Clemastine,378.0,0.0,0.0,3,0.0
M1-Clemastine,378.2,0.0,0.0,3,0.0
M1-Clemastine,378.4,0.0,0.0,3,0.0
M1-Clemastine,378.6,0.0,0.0,3,0.0
M1-Clemastine,378.8,0.0,0.0,3,0.0
M1-Clemastine,379.0,0.0,0.0,3,0.0
M1-Clemastine,379.2,0.0,0.0,3,0.0
M1-Clemastine,379.4,0.0,0.0,3,0.0
M1-Clemastine,379.6,0.0,0.0,3,0.0
M1-Clemastine,379.8,0.0,0.0,3,0.0
M1-Clemastine,380.0,0.0,0.0,3,0.0
M1-Clemastine,380.2,0.0,0.0,3,0.0
M1-Clemastine,380.4,0.0,0.0,3,0.0
M1-Clemastine,380.6,0.0,0.0,3,0.0
M1-Clemastine,380.8,0.0,0.0,3,0.0
M1-Clemastine,381.0,0.0,0.0,3,0.0
M1-Clemastine,381.2,0.0,0.0,3,0.0
M1-Clemastine,381.4,0.0,0.0,3,0.0
M1-Clemastine,381.6,0.0,0.0,3,0.0
M1-Clemastine,381.8,0.0,0.0,3,0.0
M1-Clemastine,382.0,0.0,0.0,3,0.0
M1-Clemastine,382.2,0.0,0.0,3,0.0
M1-Clemastine,382.4,0.0,0.0,3,0.0
M1-Clemastine,382.6,0.0,0.0,3,0.0
M1-Clemastine,382.8,0.0,0.0,3,0.0
M1-Clemastine,383.0,0.0,0.0,3,0.0
M1-Clemastine,383.2,0.0,0.0,3,0.0
M1-Clemastine,383.4,0.0,0.0,3,0.0
M1-Clemastine,383.6,0.0,0.0,3,0.0
M1-Clemastine,383.8,0.0,0.0,3,0.0
M1-Clemastine,384.0,0.0,0.0,3,0.0
M1-Clemastine,384.2,0.0,0.0,3,0.0
M1-Clemastine,384.4,0.0,0.0,3,0.0
M1-Clemastine,384.6,0.0,0.0,3,0.0
M1-Clemastine,384.8,0.0,0.0,3,0.0
M1-Clemastine,385.0,0.0,0.0,3,0.0
M1-Clemastine,385.2,0.0,0.0,3,0.0
M1-Clemastine,385.4,0.0,0.0,3,0.0
M1-Clemastine,385.6,0.0,0.0,3,0.0
M1-Clemastine,385.8,0.0,0.0,3,0.0
M1-Clemastine,386.0,0.0,0.0,3,0.0
M1-Clemastine,386.2,0.0,0.0,3,0.0
M1-Clemastine,386.4,0.0,0.0,3,0.0
M1-Clemastine,386.6,0.0,0.0,3,0.0
M1-Clemastine,386.8,0.0,0.0,3,0.0
M1-Clemastine,387.0,0.0,0.0,3,0.0
M1-Clemastine,387.2,0.0,0.0,3,0.0
M1-Clemastine,387.4,0.0,0.0,3,0.0
M1-Clemastine,387.6,0.0,0.0,3,0.0
M1-Clemastine,387.8,0.0,0.0,3,0.0
M1-Clemastine,388.0,0.0,0.0,3,0.0
M1-Clemastine,388.2,0.0,0.0,3,0.0
M1-Clemastine,388.4,0.0,0.0,3,0.0
M1-Clemastine,388.6,0.0,0.0,3,0.0
M1-Clemastine,388.8,0.0,0.0,3,0.0
M1-Clemastine,389.0,0.0,0.0,3,0.0
M1-Clemastine,389.2,0.0,0.0,3,0.0
M1-Clemastine,389.4,0.0,0.0,3,0.0
M1-Clemastine,389.6,0.0,0.0,3,0.0
M1-Clemastine,389.8,0.0,0.0,3,0.0
M1-Clemastine,390.0,0.0,0.0,3,0.0
M1-Clemastine,390.2,0.0,0.0,3,0.0
M1-Clemastine,390.4,0.0,0.0,3,0.0
M1-Clemastine,390.6,0.0,0.0,3,0.0
M1-Clemastine,390.8,0.0,0.0,3,0.0
M1-Clemastine,391.0,0.0,0.0,3,0.0
M1-Clemastine,391.2,0.0,0.0,3,0.0
M1-Clemastine,391.4,0.0,0.0,3,0.0
M1-Clemastine,391.6,0.0,0.0,3,0.0
M1-Clemastine,391.8,0.0,0.0,3,0.0
M1-Clemastine,392.0,0.0,0.0,3,0.0
M1-Clemastine,392.2,0.0,0.0,3,0.0
M1-Clemastine,392.4,0.0,0.0,3,0.0
M1-Clemastine,392.6,0.0,0.0,3,0.0
M1-Clemastine,392.8,0.0,0.0,3,0.0
M1-Clemastine,393.0,0.0,0.0,3,0.0
M1-Clemastine,393.2,0.0,0.0,3,0.0
M1-Clemastine,393.4,0.0,0.0,3,0.0
M1-Clemastine,393.6,0.0,0.0,3,0.0
M1-Clemastine,393.8,0.0,0.0,3,0.0
M1-Clemastine,394.0,0.0,0.0,3,0.0
M1-Clemastine,394.2,0.0,0.0,3,0.0
M1-Clemastine,394.4,0.0,0.0,3,0.0
M1-Clemastine,394.6,0.0,0.0,3,0.0
M1-Clemastine,394.8,0.0,0.0,3,0.0
M1-Clemastine,395.0,0.0,0.0,3,0.0
M1-Clemastine,395.2,0.0,0.0,3,0.0
M1-Clemastine,395.4,0.0,0.0,3,0.0
M1-Clemastine,395.6,0.0,0.0,3,0.0
M1-Clemastine,395.8,0.0,0.0,3,0.0
M1-Clemastine,396.0,0.0,0.0,3,0.0
M1-Clemastine,396.2,0.0,0.0,3,0.0
M1-Clemastine,396.4,0.0,0.0,3,0.0
M1-Clemastine,396.6,0.0,0.0,3,0.0
M1-Clemastine,396.8,0.0,0.0,3,0.0
M1-Clemastine,397.0,0.0,0.0,3,0.0
M1-Clemastine,397.2,0.0,0.0,3,0.0
M1-Clemastine,397.4,0.0,0.0,3,0.0
M1-Clemastine,397.6,0.0,0.0,3,0.0
M1-Clemastine,397.8,0.0,0.0,3,0.0
M1-Clemastine,398.0,0.0,0.0,3,0.0
M1-Clemastine,398.2,0.0,0.0,3,0.0
M1-Clemastine,398.4,0.0,0.0,3,0.0
M1-Clemastine,398.6,0.0,0.0,3,0.0
M1-Clemastine,398.8,0.0,0.0,3,0.0
M1-Clemastine,399.0,0.0,0.0,3,0.0
M1-Clemastine,399.2,0.0,0.0,3,0.0
M1-Clemastine,399.4,0.0,0.0,3,0.0
M1-Clemastine,399.6,0.0,0.0,3,0.0
M1-Clemastine,399.8,0.0,0.0,3,0.0
M1-Clemastine,400.0,0.0,0.0,3,0.0
M1-Clemastine,400.2,0.0,0.0,3,0.0
M1-Clemastine,400.4,0.0,0.0,3,0.0
M1-Clemastine,400.6,0.0,0.0,3,0.0
M1-Clemastine,400.8,0.0,0.0,3,0.0
M1-Clemastine,401.0,0.0,0.0,3,0.0
M1-Clemastine,401.2,0.0,0.0,3,0.0
M1-Clemastine,401.4,0.0,0.0,3,0.0
M1-Clemastine,401.6,0.0,0.0,3,0.0
M1-Clemastine,401.8,0.0,0.0,3,0.0
M1-Clemastine,402.0,0.0,0.0,3,0.0
M1-Clemastine,402.2,0.0,0.0,3,0.0
M1-Clemastine,402.4,0.0,0.0,3,0.0
M1-Clemastine,402.6,0.0,0.0,3,0.0
M1-Clemastine,402.8,0.0,0.0,3,0.0
M1-Clemastine,403.0,0.0,0.0,3,0.0
M1-Clemastine,403.2,0.0,0.0,3,0.0
M1-Clemastine,403.4,0.0,0.0,3,0.0
M1-Clemastine,403.6,0.0,0.0,3,0.0
M1-Clemastine,403.8,0.0,0.0,3,0.0
M1-Clemastine,404.0,0.0,0.0,3,0.0
M1-Clemastine,404.2,0.0,0.0,3,0.0
M1-Clemastine,404.4,0.0,0.0,3,0.0
M1-Clemastine,404.6,0.0,0.0,3,0.0
M1-Clemastine,404.8,0.0,0.0,3,0.0
M1-Clemastine,405.0,0.0,0.0,3,0.0
M1-Clemastine,405.2,0.0,0.0,3,0.0
M1-Clemastine,405.4,0.0,0.0,3,0.0
M1-Clemastine,405.6,0.0,0.0,3,0.0
M1-Clemastine,405.8,0.0,0.0,3,0.0
M1-Clemastine,406.0,0.0,0.0,3,0.0
M1-Clemastine,406.2,0.0,0.0,3,0.0
M1-Clemastine,406.4,0.0,0.0,3,0.0
M1-Clemastine,406.6,0.0,0.0,3,0.0
M1-Clemastine,406.8,0.0,0.0,3,0.0
M1-Clemastine,407.0,0.0,0.0,3,0.0
M1-Clemastine,407.2,0.0,0.0,3,0.0
M1-Clemastine,407.4,0.0,0.0,3,0.0
M1-Clemastine,407.6,0.0,0.0,3,0.0
M1-Clemastine,407.8,0.0,0.0,3,0.0
M1-Clemastine,408.0,0.0,0.0,3,0.0
M1-Clemastine,408.2,0.0,0.0,3,0.0
M1-Clemastine,408.4,0.0,0.0,3,0.0
M1-Clemastine,408.6,0.0,0.0,3,0.0
M1-Clemastine,408.8,0.0,0.0,3,0.0
M1-Clemastine,409.0,0.0,0.0,3,0.0
M1-Clemastine,409.2,0.0,0.0,3,0.0
M1-Clemastine,409.4,0.0,0.0,3,0.0
M1-Clemastine,409.6,0.0,0.0,3,0.0
M1-Clemastine,409.8,0.0,0.0,3,0.0
M1-Clemastine,410.0,0.0,0.0,3,0.0
M1-Clemastine,410.2,0.0,0.0,3,0.0
M1-Clemastine,410.4,0.0,0.0,3,0.0
M1-Clemastine,410.6,0.0,0.0,3,0.0
M1-Clemastine,410.8,0.0,0.0,3,0.0
M1-Clemastine,411.0,0.0,0.0,3,0.0
M1-Clemastine,411.2,0.0,0.0,3,0.0
M1-Clemastine,411.4,0.0,0.0,3,0.0
M1-Clemastine,411.6,0.0,0.0,3,0.0
M1-Clemastine,411.8,0.0,0.0,3,0.0
M1-Clemastine,412.0,0.0,0.0,3,0.0
M1-Clemastine,412.2,0.0,0.0,3,0.0
M1-Clemastine,412.4,0.0,0.0,3,0.0
M1-Clemastine,412.6,0.0,0.0,3,0.0
M1-Clemastine,412.8,0.0,0.0,3,0.0
M1-Clemastine,413.0,0.0,0.0,3,0.0
M1-Clemastine,413.2,0.0,0.0,3,0.0
M1-Clemastine,413.4,0.0,0.0,3,0.0
M1-Clemastine,413.6,0.0,0.0,3,0.0
M1-Clemastine,413.8,0.0,0.0,3,0.0
M1-Clemastine,414.0,0.0,0.0,3,0.0
M1-Clemastine,414.2,0.0,0.0,3,0.0
M1-Clemastine,414.4,0.0,0.0,3,0.0
M1-Clemastine,414.6,0.0,0.0,3,0.0
M1-Clemastine,414.8,0.0,0.0,3,0.0
M1-Clemastine,415.0,0.0,0.0,3,0.0
M1-Clemastine,415.2,0.0,0.0,3,0.0
M1-Clemastine,415.4,0.0,0.0,3,0.0
M1-Clemastine,415.6,0.0,0.0,3,0.0
M1-Clemastine,415.8,0.0,0.0,3,0.0
M1-Clemastine,416.0,0.0,0.0,3,0.0
M1-Clemastine,416.2,0.0,0.0,3,0.0
M1-Clemastine,416.4,0.0,0.0,3,0.0
M1-Clemastine,416.6,0.0,0.0,3,0.0
M1-Clemastine,416.8,0.0,0.0,3,0.0
M1-Clemastine,417.0,0.0,0.0,3,0.0
M1-Clemastine,417.2,0.0,0.0,3,0.0
M1-Clemastine,417.4,0.0,0.0,3,0.0
M1-Clemastine,417.6,0.0,0.0,3,0.0
M1-Clemastine,417.8,0.0,0.0,3,0.0
M1-Clemastine,418.0,0.0,0.0,3,0.0
M1-Clemastine,418.2,0.0,0.0,3,0.0
M1-Clemastine,418.4,0.0,0.0,3,0.0
M1-Clemastine,418.6,0.0,0.0,3,0.0
M1-Clemastine,418.8,0.0,0.0,3,0.0
M1-Clemastine,419.0,0.0,0.0,3,0.0
M1-Clemastine,419.2,0.0,0.0,3,0.0
M1-Clemastine,419.4,0.0,0.0,3,0.0
M1-Clemastine,419.6,0.0,0.0,3,0.0
M1-Clemastine,419.8,0.0,0.0,3,0.0
M1-Clemastine,420.0,0.0,0.0,3,0.0
M1-Clemastine,420.2,0.0,0.0,3,0.0
M1-Clemastine,420.4,0.0,0.0,3,0.0
M1-Clemastine,420.6,0.0,0.0,3,0.0
M1-Clemastine,420.8,0.0,0.0,3,0.0
M1-Clemastine,421.0,0.0,0.0,3,0.0
M1-Clemastine,421.2,0.0,0.0,3,0.0
M1-Clemastine,421.4,0.0,0.0,3,0.0
M1-Clemastine,421.6,0.0,0.0,3,0.0
M1-Clemastine,421.8,0.0,0.0,3,0.0
M1-Clemastine,422.0,0.0,0.0,3,0.0
M1-Clemastine,422.2,0.0,0.0,3,0.0
M1-Clemastine,422.4,0.0,0.0,3,0.0
M1-Clemastine,422.6,0.0,0.0,3,0.0
M1-Clemastine,422.8,0.0,0.0,3,0.0
M1-Clemastine,423.0,0.0,0.0,3,0.0
M1-Clemastine,423.2,0.0,0.0,3,0.0
M1-Clemastine,423.4,0.0,0.0,3,0.0
M1-Clemastine,423.6,0.0,0.0,3,0.0
M1-Clemastine,423.8,0.0,0.0,3,0.0
M1-Clemastine,424.0,0.0,0.0,3,0.0
M1-Clemastine,424.2,0.0,0.0,3,0.0
M1-Clemastine,424.4,0.0,0.0,3,0.0
M1-Clemastine,424.6,0.0,0.0,3,0.0
M1-Clemastine,424.8,0.0,0.0,3,0.0
M1-Clemastine,425.0,0.0,0.0,3,0.0
M1-Clemastine,425.2,0.0,0.0,3,0.0
M1-Clemastine,425.4,0.0,0.0,3,0.0
M1-Clemastine,425.6,0.0,0.0,3,0.0
M1-Clemastine,425.8,0.0,0.0,3,0.0
M1-Clemastine,426.0,0.0,0.0,3,0.0
M1-Clemastine,426.2,0.0,0.0,3,0.0
M1-Clemastine,426.4,0.0,0.0,3,0.0
M1-Clemastine,426.6,0.0,0.0,3,0.0
M1-Clemastine,426.8,0.0,0.0,3,0.0
M1-Clemastine,427.0,0.0,0.0,3,0.0
M1-Clemastine,427.2,0.0,0.0,3,0.0
M1-Clemastine,427.4,0.0,0.0,3,0.0
M1-Clemastine,427.6,0.0,0.0,3,0.0
M1-Clemastine,427.8,0.0,0.0,3,0.0
M1-Clemastine,428.0,0.0,0.0,3,0.0
M1-Clemastine,428.2,0.0,0.0,3,0.0
M1-Clemastine,428.4,0.0,0.0,3,0.0
M1-Clemastine,428.6,0.0,0.0,3,0.0
M1-Clemastine,428.8,0.0,0.0,3,0.0
M1-Clemastine,429.0,0.0,0.0,3,0.0
M1-Clemastine,429.2,0.0,0.0,3,0.0
M1-Clemastine,429.4,0.0,0.0,3,0.0
M1-Clemastine,429.6,0.0,0.0,3,0.0
M1-Clemastine,429.8,0.0,0.0,3,0.0
M1-Clemastine,430.0,0.0,0.0,3,0.0
M1-Clemastine,430.2,0.0,0.0,3,0.0
M1-Clemastine,430.4,0.0,0.0,3,0.0
M1-Clemastine,430.6,0.0,0.0,3,0.0
M1-Clemastine,430.8,0.0,0.0,3,0.0
M1-Clemastine,431.0,0.0,0.0,3,0.0
M1-Clemastine,431.2,0.0,0.0,3,0.0
M1-Clemastine,431.4,0.0,0.0,3,0.0
M1-Clemastine,431.6,0.0,0.0,3,0.0
M1-Clemastine,431.8,0.0,0.0,3,0.0
M1-Clemastine,432.0,0.0,0.0,3,0.0
M1-Clemastine,432.2,0.0,0.0,3,0.0
M1-Clemastine,432.4,0.0,0.0,3,0.0
M1-Clemastine,432.6,0.0,0.0,3,0.0
M1-Clemastine,432.8,0.0,0.0,3,0.0
M1-Clemastine,433.0,0.0,0.0,3,0.0
M1-Clemastine,433.2,0.0,0.0,3,0.0
M1-Clemastine,433.4,0.0,0.0,3,0.0
M1-Clemastine,433.6,0.0,0.0,3,0.0
M1-Clemastine,433.8,0.0,0.0,3,0.0
M1-Clemastine,434.0,0.0,0.0,3,0.0
M1-Clemastine,434.2,0.0,0.0,3,0.0
M1-Clemastine,434.4,0.0,0.0,3,0.0
M1-Clemastine,434.6,0.0,0.0,3,0.0
M1-Clemastine,434.8,0.0,0.0,3,0.0
M1-Clemastine,435.0,0.0,0.0,3,0.0
M1-Clemastine,435.2,0.0,0.0,3,0.0
M1-Clemastine,435.4,0.0,0.0,3,0.0
M1-Clemastine,435.6,0.0,0.0,3,0.0
M1-Clemastine,435.8,0.0,0.0,3,0.0
M1-Clemastine,436.0,0.0,0.0,3,0.0
M1-Clemastine,436.2,0.0,0.0,3,0.0
M1-Clemastine,436.4,0.0,0.0,3,0.0
M1-Clemastine,436.6,0.0,0.0,3,0.0
M1-Clemastine,436.8,0.0,0.0,3,0.0
M1-Clemastine,437.0,0.0,0.0,3,0.0
M1-Clemastine,437.2,0.0,0.0,3,0.0
M1-Clemastine,437.4,0.0,0.0,3,0.0
M1-Clemastine,437.6,0.0,0.0,3,0.0
M1-Clemastine,437.8,0.0,0.0,3,0.0
M1-Clemastine,438.0,0.0,0.0,3,0.0
M1-Clemastine,438.2,0.0,0.0,3,0.0
M1-Clemastine,438.4,0.0,0.0,3,0.0
M1-Clemastine,438.6,0.0,0.0,3,0.0
M1-Clemastine,438.8,0.0,0.0,3,0.0
M1-Clemastine,439.0,0.0,0.0,3,0.0
M1-Clemastine,439.2,0.0,0.0,3,0.0
M1-Clemastine,439.4,0.0,0.0,3,0.0
M1-Clemastine,439.6,0.0,0.0,3,0.0
M1-Clemastine,439.8,0.0,0.0,3,0.0
M1-Clemastine,440.0,0.0,0.0,3,0.0
M1-Clemastine,440.2,0.0,0.0,3,0.0
M1-Clemastine,440.4,0.0,0.0,3,0.0
M1-Clemastine,440.6,0.0,0.0,3,0.0
M1-Clemastine,440.8,0.0,0.0,3,0.0
M1-Clemastine,441.0,0.0,0.0,3,0.0
M1-Clemastine,441.2,0.0,0.0,3,0.0
M1-Clemastine,441.4,0.0,0.0,3,0.0
M1-Clemastine,441.6,0.0,0.0,3,0.0
M1-Clemastine,441.8,0.0,0.0,3,0.0
M1-Clemastine,442.0,0.0,0.0,3,0.0
M1-Clemastine,442.2,0.0,0.0,3,0.0
M1-Clemastine,442.4,0.0,0.0,3,0.0
M1-Clemastine,442.6,0.0,0.0,3,0.0
M1-Clemastine,442.8,0.0,0.0,3,0.0
M1-Clemastine,443.0,0.0,0.0,3,0.0
M1-Clemastine,443.2,0.0,0.0,3,0.0
M1-Clemastine,443.4,0.0,0.0,3,0.0
M1-Clemastine,443.6,0.0,0.0,3,0.0
M1-Clemastine,443.8,0.0,0.0,3,0.0
M1-Clemastine,444.0,0.0,0.0,3,0.0
M1-Clemastine,444.2,0.0,0.0,3,0.0
M1-Clemastine,444.4,0.0,0.0,3,0.0
M1-Clemastine,444.6,0.0,0.0,3,0.0
M1-Clemastine,444.8,0.0,0.0,3,0.0
M1-Clemastine,445.0,0.0,0.0,3,0.0
M1-Clemastine,445.2,0.0,0.0,3,0.0
M1-Clemastine,445.4,0.0,0.0,3,0.0
M1-Clemastine,445.6,0.0,0.0,3,0.0
M1-Clemastine,445.8,0.0,0.0,3,0.0
M1-Clemastine,446.0,0.0,0.0,3,0.0
M1-Clemastine,446.2,0.0,0.0,3,0.0
M1-Clemastine,446.4,0.0,0.0,3,0.0
M1-Clemastine,446.6,0.0,0.0,3,0.0
M1-Clemastine,446.8,0.0,0.0,3,0.0
M1-Clemastine,447.0,0.0,0.0,3,0.0
M1-Clemastine,447.2,0.0,0.0,3,0.0
M1-Clemastine,447.4,0.0,0.0,3,0.0
M1-Clemastine,447.6,0.0,0.0,3,0.0
M1-Clemastine,447.8,0.0,0.0,3,0.0
M1-Clemastine,448.0,0.0,0.0,3,0.0
M1-Clemastine,448.2,0.0,0.0,3,0.0
M1-Clemastine,448.4,0.0,0.0,3,0.0
M1-Clemastine,448.6,0.0,0.0,3,0.0
M1-Clemastine,448.8,0.0,0.0,3,0.0
M1-Clemastine,449.0,0.0,0.0,3,0.0
M1-Clemastine,449.2,0.0,0.0,3,0.0
M1-Clemastine,449.4,0.0,0.0,3,0.0
M1-Clemastine,449.6,0.0,0.0,3,0.0
M1-Clemastine,449.8,0.0,0.0,3,0.0
M1-Clemastine,450.0,0.0,0.0,3,0.0
M1-Clemastine,450.2,0.0,0.0,3,0.0
M1-Clemastine,450.4,0.0,0.0,3,0.0
M1-Clemastine,450.6,0.0,0.0,3,0.0
M1-Clemastine,450.8,0.0,0.0,3,0.0
M1-Clemastine,451.0,0.0,0.0,3,0.0
M1-Clemastine,451.2,0.0,0.0,3,0.0
M1-Clemastine,451.4,0.0,0.0,3,0.0
M1-Clemastine,451.6,0.0,0.0,3,0.0
M1-Clemastine,451.8,0.0,0.0,3,0.0
M1-Clemastine,452.0,0.0,0.0,3,0.0
M1-Clemastine,452.2,0.0,0.0,3,0.0
M1-Clemastine,452.4,0.0,0.0,3,0.0
M1-Clemastine,452.6,0.0,0.0,3,0.0
M1-Clemastine,452.8,0.0,0.0,3,0.0
M1-Clemastine,453.0,0.0,0.0,3,0.0
M1-Clemastine,453.2,0.0,0.0,3,0.0
M1-Clemastine,453.4,0.0,0.0,3,0.0
M1-Clemastine,453.6,0.0,0.0,3,0.0
M1-Clemastine,453.8,0.0,0.0,3,0.0
M1-Clemastine,454.0,0.0,0.0,3,0.0
M1-Clemastine,454.2,0.0,0.0,3,0.0
M1-Clemastine,454.4,0.0,0.0,3,0.0
M1-Clemastine,454.6,0.0,0.0,3,0.0
M1-Clemastine,454.8,0.0,0.0,3,0.0
M1-Clemastine,455.0,0.0,0.0,3,0.0
M1-Clemastine,455.2,0.0,0.0,3,0.0
M1-Clemastine,455.4,0.0,0.0,3,0.0
M1-Clemastine,455.6,0.0,0.0,3,0.0
M1-Clemastine,455.8,0.0,0.0,3,0.0
M1-Clemastine,456.0,0.0,0.0,3,0.0
M1-Clemastine,456.2,0.0,0.0,3,0.0
M1-Clemastine,456.4,0.0,0.0,3,0.0
M1-Clemastine,456.6,0.0,0.0,3,0.0
M1-Clemastine,456.8,0.0,0.0,3,0.0
M1-Clemastine,457.0,0.0,0.0,3,0.0
M1-Clemastine,457.2,0.0,0.0,3,0.0
M1-Clemastine,457.4,0.0,0.0,3,0.0
M1-Clemastine,457.6,0.0,0.0,3,0.0
M1-Clemastine,457.8,0.0,0.0,3,0.0
M1-Clemastine,458.0,0.0,0.0,3,0.0
M1-Clemastine,458.2,0.0,0.0,3,0.0
M1-Clemastine,458.4,0.0,0.0,3,0.0
M1-Clemastine,458.6,0.0,0.0,3,0.0
M1-Clemastine,458.8,0.0,0.0,3,0.0
M1-Clemastine,459.0,0.0,0.0,3,0.0
M1-Clemastine,459.2,0.0,0.0,3,0.0
M1-Clemastine,459.4,0.0,0.0,3,0.0
M1-Clemastine,459.6,0.0,0.0,3,0.0
M1-Clemastine,459.8,0.0,0.0,3,0.0
M1-Clemastine,460.0,0.0,0.0,3,0.0
M1-Clemastine,460.2,0.0,0.0,3,0.0
M1-Clemastine,460.4,0.0,0.0,3,0.0
M1-Clemastine,460.6,0.0,0.0,3,0.0
M1-Clemastine,460.8,0.0,0.0,3,0.0
M1-Clemastine,461.0,0.0,0.0,3,0.0
M1-Clemastine,461.2,0.0,0.0,3,0.0
M1-Clemastine,461.4,0.0,0.0,3,0.0
M1-Clemastine,461.6,0.0,0.0,3,0.0
M1-Clemastine,461.8,0.0,0.0,3,0.0
M1-Clemastine,462.0,0.0,0.0,3,0.0
M1-Clemastine,462.2,0.0,0.0,3,0.0
M1-Clemastine,462.4,0.0,0.0,3,0.0
M1-Clemastine,462.6,0.0,0.0,3,0.0
M1-Clemastine,462.8,0.0,0.0,3,0.0
M1-Clemastine,463.0,0.0,0.0,3,0.0
M1-Clemastine,463.2,0.0,0.0,3,0.0
M1-Clemastine,463.4,0.0,0.0,3,0.0
M1-Clemastine,463.6,0.0,0.0,3,0.0
M1-Clemastine,463.8,0.0,0.0,3,0.0
M1-Clemastine,464.0,0.0,0.0,3,0.0
M1-Clemastine,464.2,0.0,0.0,3,0.0
M1-Clemastine,464.4,0.0,0.0,3,0.0
M1-Clemastine,464.6,0.0,0.0,3,0.0
M1-Clemastine,464.8,0.0,0.0,3,0.0
M1-Clemastine,465.0,0.0,0.0,3,0.0
M1-Clemastine,465.2,0.0,0.0,3,0.0
M1-Clemastine,465.4,0.0,0.0,3,0.0
M1-Clemastine,465.6,0.0,0.0,3,0.0
M1-Clemastine,465.8,0.0,0.0,3,0.0
M1-Clemastine,466.0,0.0,0.0,3,0.0
M1-Clemastine,466.2,0.0,0.0,3,0.0
M1-Clemastine,466.4,0.0,0.0,3,0.0
M1-Clemastine,466.6,0.0,0.0,3,0.0
M1-Clemastine,466.8,0.0,0.0,3,0.0
M1-Clemastine,467.0,0.0,0.0,3,0.0
M1-Clemastine,467.2,0.0,0.0,3,0.0
M1-Clemastine,467.4,0.0,0.0,3,0.0
M1-Clemastine,467.6,0.0,0.0,3,0.0
M1-Clemastine,467.8,0.0,0.0,3,0.0
M1-Clemastine,468.0,0.0,0.0,3,0.0
M1-Clemastine,468.2,0.0,0.0,3,0.0
M1-Clemastine,468.4,0.0,0.0,3,0.0
M1-Clemastine,468.6,0.0,0.0,3,0.0
M1-Clemastine,468.8,0.0,0.0,3,0.0
M1-Clemastine,469.0,0.0,0.0,3,0.0
M1-Clemastine,469.2,0.0,0.0,3,0.0
M1-Clemastine,469.4,0.0,0.0,3,0.0
M1-Clemastine,469.6,0.0,0.0,3,0.0
M1-Clemastine,469.8,0.0,0.0,3,0.0
M1-Clemastine,470.0,0.0,0.0,3,0.0
M1-Clemastine,470.2,0.0,0.0,3,0.0
M1-Clemastine,470.4,0.0,0.0,3,0.0
M1-Clemastine,470.6,0.0,0.0,3,0.0
M1-Clemastine,470.8,0.0,0.0,3,0.0
M1-Clemastine,471.0,0.0,0.0,3,0.0
M1-Clemastine,471.2,0.0,0.0,3,0.0
M1-Clemastine,471.4,0.0,0.0,3,0.0
M1-Clemastine,471.6,0.0,0.0,3,0.0
M1-Clemastine,471.8,0.0,0.0,3,0.0
M1-Clemastine,472.0,0.0,0.0,3,0.0
M1-Clemastine,472.2,0.0,0.0,3,0.0
M1-Clemastine,472.4,0.0,0.0,3,0.0
M1-Clemastine,472.6,0.0,0.0,3,0.0
M1-Clemastine,472.8,0.0,0.0,3,0.0
M1-Clemastine,473.0,0.0,0.0,3,0.0
M1-Clemastine,473.2,0.0,0.0,3,0.0
M1-Clemastine,473.4,0.0,0.0,3,0.0
M1-Clemastine,473.6,0.0,0.0,3,0.0
M1-Clemastine,473.8,0.0,0.0,3,0.0
M1-Clemastine,474.0,0.0,0.0,3,0.0
M1-Clemastine,474.2,0.0,0.0,3,0.0
M1-Clemastine,474.4,0.0,0.0,3,0.0
M1-Clemastine,474.6,0.0,0.0,3,0.0
M1-Clemastine,474.8,0.0,0.0,3,0.0
M1-Clemastine,475.0,0.0,0.0,3,0.0
M1-Clemastine,475.2,0.0,0.0,3,0.0
M1-Clemastine,475.4,0.0,0.0,3,0.0
M1-Clemastine,475.6,0.0,0.0,3,0.0
M1-Clemastine,475.8,0.0,0.0,3,0.0
M1-Clemastine,476.0,0.0,0.0,3,0.0
M1-Clemastine,476.2,0.0,0.0,3,0.0
M1-Clemastine,476.4,0.0,0.0,3,0.0
M1-Clemastine,476.6,0.0,0.0,3,0.0
M1-Clemastine,476.8,0.0,0.0,3,0.0
M1-Clemastine,477.0,0.0,0.0,3,0.0
M1-Clemastine,477.2,0.0,0.0,3,0.0
M1-Clemastine,477.4,0.0,0.0,3,0.0
M1-Clemastine,477.6,0.0,0.0,3,0.0
M1-Clemastine,477.8,0.0,0.0,3,0.0
M1-Clemastine,478.0,0.0,0.0,3,0.0
M1-Clemastine,478.2,0.0,0.0,3,0.0
M1-Clemastine,478.4,0.0,0.0,3,0.0
M1-Clemastine,478.6,0.0,0.0,3,0.0
M1-Clemastine,478.8,0.0,0.0,3,0.0
M1-Clemastine,479.0,0.0,0.0,3,0.0
M1-Clemastine,479.2,0.0,0.0,3,0.0
M1-Clemastine,479.4,0.0,0.0,3,0.0
M1-Clemastine,479.6,0.0,0.0,3,0.0
M1-Clemastine,479.8,0.0,0.0,3,0.0
M1-Clemastine,480.0,0.0,0.0,3,0.0
M1-Clemastine,480.2,0.0,0.0,3,0.0
M1-Clemastine,480.4,0.0,0.0,3,0.0
M1-Clemastine,480.6,0.0,0.0,3,0.0
M1-Clemastine,480.8,0.0,0.0,3,0.0
M1-Clemastine,481.0,0.0,0.0,3,0.0
M1-Clemastine,481.2,0.0,0.0,3,0.0
M1-Clemastine,481.4,0.0,0.0,3,0.0
M1-Clemastine,481.6,0.0,0.0,3,0.0
M1-Clemastine,481.8,0.0,0.0,3,0.0
M1-Clemastine,482.0,0.0,0.0,3,0.0
M1-Clemastine,482.2,0.0,0.0,3,0.0
M1-Clemastine,482.4,0.0,0.0,3,0.0
M1-Clemastine,482.6,0.0,0.0,3,0.0
M1-Clemastine,482.8,0.0,0.0,3,0.0
M1-Clemastine,483.0,0.0,0.0,3,0.0
M1-Clemastine,483.2,0.0,0.0,3,0.0
M1-Clemastine,483.4,0.0,0.0,3,0.0
M1-Clemastine,483.6,0.0,0.0,3,0.0
M1-Clemastine,483.8,0.0,0.0,3,0.0
M1-Clemastine,484.0,0.0,0.0,3,0.0
M1-Clemastine,484.2,0.0,0.0,3,0.0
M1-Clemastine,484.4,0.0,0.0,3,0.0
M1-Clemastine,484.6,0.0,0.0,3,0.0
M1-Clemastine,484.8,0.0,0.0,3,0.0
M1-Clemastine,485.0,0.0,0.0,3,0.0
M1-Clemastine,485.2,0.0,0.0,3,0.0
M1-Clemastine,485.4,0.0,0.0,3,0.0
M1-Clemastine,485.6,0.0,0.0,3,0.0
M1-Clemastine,485.8,0.0,0.0,3,0.0
M1-Clemastine,486.0,0.0,0.0,3,0.0
M1-Clemastine,486.2,0.0,0.0,3,0.0
M1-Clemastine,486.4,0.0,0.0,3,0.0
M1-Clemastine,486.6,0.0,0.0,3,0.0
M1-Clemastine,486.8,0.0,0.0,3,0.0
M1-Clemastine,487.0,0.0,0.0,3,0.0
M1-Clemastine,487.2,0.0,0.0,3,0.0
M1-Clemastine,487.4,0.0,0.0,3,0.0
M1-Clemastine,487.6,0.0,0.0,3,0.0
M1-Clemastine,487.8,0.0,0.0,3,0.0
M1-Clemastine,488.0,0.0,0.0,3,0.0
M1-Clemastine,488.2,0.0,0.0,3,0.0
M1-Clemastine,488.4,0.0,0.0,3,0.0
M1-Clemastine,488.6,0.0,0.0,3,0.0
M1-Clemastine,488.8,0.0,0.0,3,0.0
M1-Clemastine,489.0,0.0,0.0,3,0.0
M1-Clemastine,489.2,0.0,0.0,3,0.0
M1-Clemastine,489.4,0.0,0.0,3,0.0
M1-Clemastine,489.6,0.0,0.0,3,0.0
M1-Clemastine,489.8,0.0,0.0,3,0.0
M1-Clemastine,490.0,0.0,0.0,3,0.0
M1-Clemastine,490.2,0.0,0.0,3,0.0
M1-Clemastine,490.4,0.0,0.0,3,0.0
M1-Clemastine,490.6,0.0,0.0,3,0.0
M1-Clemastine,490.8,0.0,0.0,3,0.0
M1-Clemastine,491.0,0.0,0.0,3,0.0
M1-Clemastine,491.2,0.0,0.0,3,0.0
M1-Clemastine,491.4,0.0,0.0,3,0.0
M1-Clemastine,491.6,0.0,0.0,3,0.0
M1-Clemastine,491.8,0.0,0.0,3,0.0
M1-Clemastine,492.0,0.0,0.0,3,0.0
M1-Clemastine,492.2,0.0,0.0,3,0.0
M1-Clemastine,492.4,0.0,0.0,3,0.0
M1-Clemastine,492.6,0.0,0.0,3,0.0
M1-Clemastine,492.8,0.0,0.0,3,0.0
M1-Clemastine,493.0,0.0,0.0,3,0.0
M1-Clemastine,493.2,0.0,0.0,3,0.0
M1-Clemastine,493.4,0.0,0.0,3,0.0
M1-Clemastine,493.6,0.0,0.0,3,0.0
M1-Clemastine,493.8,0.0,0.0,3,0.0
M1-Clemastine,494.0,0.0,0.0,3,0.0
M1-Clemastine,494.2,0.0,0.0,3,0.0
M1-Clemastine,494.4,0.0,0.0,3,0.0
M1-Clemastine,494.6,0.0,0.0,3,0.0
M1-Clemastine,494.8,0.0,0.0,3,0.0
M1-Clemastine,495.0,0.0,0.0,3,0.0
M1-Clemastine,495.2,0.0,0.0,3,0.0
M1-Clemastine,495.4,0.0,0.0,3,0.0
M1-Clemastine,495.6,0.0,0.0,3,0.0
M1-Clemastine,495.8,0.0,0.0,3,0.0
M1-Clemastine,496.0,0.0,0.0,3,0.0
M1-Clemastine,496.2,0.0,0.0,3,0.0
M1-Clemastine,496.4,0.0,0.0,3,0.0
M1-Clemastine,496.6,0.0,0.0,3,0.0
M1-Clemastine,496.8,0.0,0.0,3,0.0
M1-Clemastine,497.0,0.0,0.0,3,0.0
M1-Clemastine,497.2,0.0,0.0,3,0.0
M1-Clemastine,497.4,0.0,0.0,3,0.0
M1-Clemastine,497.6,0.0,0.0,3,0.0
M1-Clemastine,497.8,0.0,0.0,3,0.0
M1-Clemastine,498.0,0.0,0.0,3,0.0
M1-Clemastine,498.2,0.0,0.0,3,0.0
M1-Clemastine,498.4,0.0,0.0,3,0.0
M1-Clemastine,498.6,0.0,0.0,3,0.0
M1-Clemastine,498.8,0.0,0.0,3,0.0
M1-Clemastine,499.0,0.0,0.0,3,0.0
M1-Clemastine,499.2,0.0,0.0,3,0.0
M1-Clemastine,499.4,0.0,0.0,3,0.0
M1-Clemastine,499.6,0.0,0.0,3,0.0
M1-Clemastine,499.8,0.0,0.0,3,0.0
M1-Clemastine,500.0,0.0,0.0,3,0.0
M1-Clemastine,500.2,0.0,0.0,3,0.0
M1-Clemastine,500.4,0.0,0.0,3,0.0
M1-Clemastine,500.6,0.0,0.0,3,0.0
M1-Clemastine,500.8,0.0,0.0,3,0.0
M1-Clemastine,501.0,0.0,0.0,3,0.0
M1-Clemastine,501.2,0.0,0.0,3,0.0
M1-Clemastine,501.4,0.0,0.0,3,0.0
M1-Clemastine,501.6,0.0,0.0,3,0.0
M1-Clemastine,501.8,0.0,0.0,3,0.0
M1-Clemastine,502.0,0.0,0.0,3,0.0
M1-Clemastine,502.2,0.0,0.0,3,0.0
M1-Clemastine,502.4,0.0,0.0,3,0.0
M1-Clemastine,502.6,0.0,0.0,3,0.0
M1-Clemastine,502.8,0.0,0.0,3,0.0
M1-Clemastine,503.0,0.0,0.0,3,0.0
M1-Clemastine,503.2,0.0,0.0,3,0.0
M1-Clemastine,503.4,0.0,0.0,3,0.0
M1-Clemastine,503.6,0.0,0.0,3,0.0
M1-Clemastine,503.8,0.0,0.0,3,0.0
M1-Clemastine,504.0,0.0,0.0,3,0.0
M1-Clemastine,504.2,0.0,0.0,3,0.0
M1-Clemastine,504.4,0.0,0.0,3,0.0
M1-Clemastine,504.6,0.0,0.0,3,0.0
M1-Clemastine,504.8,0.0,0.0,3,0.0
M1-Clemastine,505.0,0.0,0.0,3,0.0
M1-Clemastine,505.2,0.0,0.0,3,0.0
M1-Clemastine,505.4,0.0,0.0,3,0.0
M1-Clemastine,505.6,0.0,0.0,3,0.0
M1-Clemastine,505.8,0.0,0.0,3,0.0
M1-Clemastine,506.0,0.0,0.0,3,0.0
M1-Clemastine,506.2,0.0,0.0,3,0.0
M1-Clemastine,506.4,0.0,0.0,3,0.0
M1-Clemastine,506.6,0.0,0.0,3,0.0
M1-Clemastine,506.8,0.0,0.0,3,0.0
M1-Clemastine,507.0,0.0,0.0,3,0.0
M1-Clemastine,507.2,0.0,0.0,3,0.0
M1-Clemastine,507.4,0.0,0.0,3,0.0
M1-Clemastine,507.6,0.0,0.0,3,0.0
M1-Clemastine,507.8,0.0,0.0,3,0.0
M1-Clemastine,508.0,0.0,0.0,3,0.0
M1-Clemastine,508.2,0.0,0.0,3,0.0
M1-Clemastine,508.4,0.0,0.0,3,0.0
M1-Clemastine,508.6,0.0,0.0,3,0.0
M1-Clemastine,508.8,0.0,0.0,3,0.0
M1-Clemastine,509.0,0.0,0.0,3,0.0
M1-Clemastine,509.2,0.0,0.0,3,0.0
M1-Clemastine,509.4,0.0,0.0,3,0.0
M1-Clemastine,509.6,0.0,0.0,3,0.0
M1-Clemastine,509.8,0.0,0.0,3,0.0
M1-Clemastine,510.0,0.0,0.0,3,0.0
M1-Clemastine,510.2,0.0,0.0,3,0.0
M1-Clemastine,510.4,0.0,0.0,3,0.0
M1-Clemastine,510.6,0.0,0.0,3,0.0
M1-Clemastine,510.8,0.0,0.0,3,0.0
M1-Clemastine,511.0,0.0,0.0,3,0.0
M1-Clemastine,511.2,0.0,0.0,3,0.0
M1-Clemastine,511.4,0.0,0.0,3,0.0
M1-Clemastine,511.6,0.0,0.0,3,0.0
M1-Clemastine,511.8,0.0,0.0,3,0.0
M1-Clemastine,512.0,0.0,0.0,3,0.0
M1-Clemastine,512.2,0.0,0.0,3,0.0
M1-Clemastine,512.4,0.0,0.0,3,0.0
M1-Clemastine,512.6,0.0,0.0,3,0.0
M1-Clemastine,512.8,0.0,0.0,3,0.0
M1-Clemastine,513.0,0.0,0.0,3,0.0
M1-Clemastine,513.2,0.0,0.0,3,0.0
M1-Clemastine,513.4,0.0,0.0,3,0.0
M1-Clemastine,513.6,0.0,0.0,3,0.0
M1-Clemastine,513.8,0.0,0.0,3,0.0
M1-Clemastine,514.0,0.0,0.0,3,0.0
M1-Clemastine,514.2,0.0,0.0,3,0.0
M1-Clemastine,514.4,0.0,0.0,3,0.0
M1-Clemastine,514.6,0.0,0.0,3,0.0
M1-Clemastine,514.8,0.0,0.0,3,0.0
M1-Clemastine,515.0,0.0,0.0,3,0.0
M1-Clemastine,515.2,0.0,0.0,3,0.0
M1-Clemastine,515.4,0.0,0.0,3,0.0
M1-Clemastine,515.6,0.0,0.0,3,0.0
M1-Clemastine,515.8,0.0,0.0,3,0.0
M1-Clemastine,516.0,0.0,0.0,3,0.0
M1-Clemastine,516.2,0.0,0.0,3,0.0
M1-Clemastine,516.4,0.0,0.0,3,0.0
M1-Clemastine,516.6,0.0,0.0,3,0.0
M1-Clemastine,516.8,0.0,0.0,3,0.0
M1-Clemastine,517.0,0.0,0.0,3,0.0
M1-Clemastine,517.2,0.0,0.0,3,0.0
M1-Clemastine,517.4,0.0,0.0,3,0.0
M1-Clemastine,517.6,0.0,0.0,3,0.0
M1-Clemastine,517.8,0.0,0.0,3,0.0
M1-Clemastine,518.0,0.0,0.0,3,0.0
M1-Clemastine,518.2,0.0,0.0,3,0.0
M1-Clemastine,518.4,0.0,0.0,3,0.0
M1-Clemastine,518.6,0.0,0.0,3,0.0
M1-Clemastine,518.8,0.0,0.0,3,0.0
M1-Clemastine,519.0,0.0,0.0,3,0.0
M1-Clemastine,519.2,0.0,0.0,3,0.0
M1-Clemastine,519.4,0.0,0.0,3,0.0
M1-Clemastine,519.6,0.0,0.0,3,0.0
M1-Clemastine,519.8,0.0,0.0,3,0.0
M1-Clemastine,520.0,0.0,0.0,3,0.0
M1-Clemastine,520.2,0.0,0.0,3,0.0
M1-Clemastine,520.4,0.0,0.0,3,0.0
M1-Clemastine,520.6,0.0,0.0,3,0.0
M1-Clemastine,520.8,0.0,0.0,3,0.0
M1-Clemastine,521.0,0.0,0.0,3,0.0
M1-Clemastine,521.2,0.0,0.0,3,0.0
M1-Clemastine,521.4,0.0,0.0,3,0.0
M1-Clemastine,521.6,0.0,0.0,3,0.0
M1-Clemastine,521.8,0.0,0.0,3,0.0
M1-Clemastine,522.0,0.0,0.0,3,0.0
M1-Clemastine,522.2,0.0,0.0,3,0.0
M1-Clemastine,522.4,0.0,0.0,3,0.0
M1-Clemastine,522.6,0.0,0.0,3,0.0
M1-Clemastine,522.8,0.0,0.0,3,0.0
M1-Clemastine,523.0,0.0,0.0,3,0.0
M1-Clemastine,523.2,0.0,0.0,3,0.0
M1-Clemastine,523.4,0.0,0.0,3,0.0
M1-Clemastine,523.6,0.0,0.0,3,0.0
M1-Clemastine,523.8,0.0,0.0,3,0.0
M1-Clemastine,524.0,0.0,0.0,3,0.0
M1-Clemastine,524.2,0.0,0.0,3,0.0
M1-Clemastine,524.4,0.0,0.0,3,0.0
M1-Clemastine,524.6,0.0,0.0,3,0.0
M1-Clemastine,524.8,0.0,0.0,3,0.0
M1-Clemastine,525.0,0.0,0.0,3,0.0
M1-Clemastine,525.2,0.0,0.0,3,0.0
M1-Clemastine,525.4,0.0,0.0,3,0.0
M1-Clemastine,525.6,0.0,0.0,3,0.0
M1-Clemastine,525.8,0.0,0.0,3,0.0
M1-Clemastine,526.0,0.0,0.0,3,0.0
M1-Clemastine,526.2,0.0,0.0,3,0.0
M1-Clemastine,526.4,0.0,0.0,3,0.0
M1-Clemastine,526.6,0.0,0.0,3,0.0
M1-Clemastine,526.8,0.0,0.0,3,0.0
M1-Clemastine,527.0,0.0,0.0,3,0.0
M1-Clemastine,527.2,0.0,0.0,3,0.0
M1-Clemastine,527.4,0.0,0.0,3,0.0
M1-Clemastine,527.6,0.0,0.0,3,0.0
M1-Clemastine,527.8,0.0,0.0,3,0.0
M1-Clemastine,528.0,0.0,0.0,3,0.0
M1-Clemastine,528.2,0.0,0.0,3,0.0
M1-Clemastine,528.4,0.0,0.0,3,0.0
M1-Clemastine,528.6,0.0,0.0,3,0.0
M1-Clemastine,528.8,0.0,0.0,3,0.0
M1-Clemastine,529.0,0.0,0.0,3,0.0
M1-Clemastine,529.2,0.0,0.0,3,0.0
M1-Clemastine,529.4,0.0,0.0,3,0.0
M1-Clemastine,529.6,0.0,0.0,3,0.0
M1-Clemastine,529.8,0.0,0.0,3,0.0
M1-Clemastine,530.0,0.0,0.0,3,0.0
M1-Clemastine,530.2,0.0,0.0,3,0.0
M1-Clemastine,530.4,0.0,0.0,3,0.0
M1-Clemastine,530.6,0.0,0.0,3,0.0
M1-Clemastine,530.8,0.0,0.0,3,0.0
M1-Clemastine,531.0,0.0,0.0,3,0.0
M1-Clemastine,531.2,0.0,0.0,3,0.0
M1-Clemastine,531.4,0.0,0.0,3,0.0
M1-Clemastine,531.6,0.0,0.0,3,0.0
M1-Clemastine,531.8,0.0,0.0,3,0.0
M1-Clemastine,532.0,0.0,0.0,3,0.0
M1-Clemastine,532.2,0.0,0.0,3,0.0
M1-Clemastine,532.4,0.0,0.0,3,0.0
M1-Clemastine,532.6,0.0,0.0,3,0.0
M1-Clemastine,532.8,0.0,0.0,3,0.0
M1-Clemastine,533.0,0.0,0.0,3,0.0
M1-Clemastine,533.2,0.0,0.0,3,0.0
M1-Clemastine,533.4,0.0,0.0,3,0.0
M1-Clemastine,533.6,0.0,0.0,3,0.0
M1-Clemastine,533.8,0.0,0.0,3,0.0
M1-Clemastine,534.0,0.0,0.0,3,0.0
M1-Clemastine,534.2,0.0,0.0,3,0.0
M1-Clemastine,534.4,0.0,0.0,3,0.0
M1-Clemastine,534.6,0.0,0.0,3,0.0
M1-Clemastine,534.8,0.0,0.0,3,0.0
M1-Clemastine,535.0,0.0,0.0,3,0.0
M1-Clemastine,535.2,0.0,0.0,3,0.0
M1-Clemastine,535.4,0.0,0.0,3,0.0
M1-Clemastine,535.6,0.0,0.0,3,0.0
M1-Clemastine,535.8,0.0,0.0,3,0.0
M1-Clemastine,536.0,0.0,0.0,3,0.0
M1-Clemastine,536.2,0.0,0.0,3,0.0
M1-Clemastine,536.4,0.0,0.0,3,0.0
M1-Clemastine,536.6,0.0,0.0,3,0.0
M1-Clemastine,536.8,0.0,0.0,3,0.0
M1-Clemastine,537.0,0.0,0.0,3,0.0
M1-Clemastine,537.2,0.0,0.0,3,0.0
M1-Clemastine,537.4,0.0,0.0,3,0.0
M1-Clemastine,537.6,0.0,0.0,3,0.0
M1-Clemastine,537.8,0.0,0.0,3,0.0
M1-Clemastine,538.0,0.0,0.0,3,0.0
M1-Clemastine,538.2,0.0,0.0,3,0.0
M1-Clemastine,538.4,0.0,0.0,3,0.0
M1-Clemastine,538.6,0.0,0.0,3,0.0
M1-Clemastine,538.8,0.0,0.0,3,0.0
M1-Clemastine,539.0,0.0,0.0,3,0.0
M1-Clemastine,539.2,0.0,0.0,3,0.0
M1-Clemastine,539.4,0.0,0.0,3,0.0
M1-Clemastine,539.6,0.0,0.0,3,0.0
M1-Clemastine,539.8,0.0,0.0,3,0.0
M1-Clemastine,540.0,0.0,0.0,3,0.0
M1-Clemastine,540.2,0.0,0.0,3,0.0
M1-Clemastine,540.4,0.0,0.0,3,0.0
M1-Clemastine,540.6,0.0,0.0,3,0.0
M1-Clemastine,540.8,0.0,0.0,3,0.0
M1-Clemastine,541.0,0.0,0.0,3,0.0
M1-Clemastine,541.2,0.0,0.0,3,0.0
M1-Clemastine,541.4,0.0,0.0,3,0.0
M1-Clemastine,541.6,0.0,0.0,3,0.0
M1-Clemastine,541.8,0.0,0.0,3,0.0
M1-Clemastine,542.0,0.0,0.0,3,0.0
M1-Clemastine,542.2,0.0,0.0,3,0.0
M1-Clemastine,542.4,0.0,0.0,3,0.0
M1-Clemastine,542.6,0.0,0.0,3,0.0
M1-Clemastine,542.8,0.0,0.0,3,0.0
M1-Clemastine,543.0,0.0,0.0,3,0.0
M1-Clemastine,543.2,0.0,0.0,3,0.0
M1-Clemastine,543.4,0.0,0.0,3,0.0
M1-Clemastine,543.6,0.0,0.0,3,0.0
M1-Clemastine,543.8,0.0,0.0,3,0.0
M1-Clemastine,544.0,0.0,0.0,3,0.0
M1-Clemastine,544.2,0.0,0.0,3,0.0
M1-Clemastine,544.4,0.0,0.0,3,0.0
M1-Clemastine,544.6,0.0,0.0,3,0.0
M1-Clemastine,544.8,0.0,0.0,3,0.0
M1-Clemastine,545.0,0.0,0.0,3,0.0
M1-Clemastine,545.2,0.0,0.0,3,0.0
M1-Clemastine,545.4,0.0,0.0,3,0.0
M1-Clemastine,545.6,0.0,0.0,3,0.0
M1-Clemastine,545.8,0.0,0.0,3,0.0
M1-Clemastine,546.0,0.0,0.0,3,0.0
M1-Clemastine,546.2,0.0,0.0,3,0.0
M1-Clemastine,546.4,0.0,0.0,3,0.0
M1-Clemastine,546.6,0.0,0.0,3,0.0
M1-Clemastine,546.8,0.0,0.0,3,0.0
M1-Clemastine,547.0,0.0,0.0,3,0.0
M1-Clemastine,547.2,0.0,0.0,3,0.0
M1-Clemastine,547.4,0.0,0.0,3,0.0
M1-Clemastine,547.6,0.0,0.0,3,0.0
M1-Clemastine,547.8,0.0,0.0,3,0.0
M1-Clemastine,548.0,0.0,0.0,3,0.0
M1-Clemastine,548.2,0.0,0.0,3,0.0
M1-Clemastine,548.4,0.0,0.0,3,0.0
M1-Clemastine,548.6,0.0,0.0,3,0.0
M1-Clemastine,548.8,0.0,0.0,3,0.0
M1-Clemastine,549.0,0.0,0.0,3,0.0
M1-Clemastine,549.2,0.0,0.0,3,0.0
M1-Clemastine,549.4,0.0,0.0,3,0.0
M1-Clemastine,549.6,0.0,0.0,3,0.0
M1-Clemastine,549.8,0.0,0.0,3,0.0
M1-Clemastine,550.0,0.0,0.0,3,0.0
M1-Clemastine,550.2,0.0,0.0,3,0.0
M1-Clemastine,550.4,0.0,0.0,3,0.0
M1-Clemastine,550.6,0.0,0.0,3,0.0
M1-Clemastine,550.8,0.0,0.0,3,0.0
M1-Clemastine,551.0,0.0,0.0,3,0.0
M1-Clemastine,551.2,0.0,0.0,3,0.0
M1-Clemastine,551.4,0.0,0.0,3,0.0
M1-Clemastine,551.6,0.0,0.0,3,0.0
M1-Clemastine,551.8,0.0,0.0,3,0.0
M1-Clemastine,552.0,0.0,0.0,3,0.0
M1-Clemastine,552.2,0.0,0.0,3,0.0
M1-Clemastine,552.4,0.0,0.0,3,0.0
M1-Clemastine,552.6,0.0,0.0,3,0.0
M1-Clemastine,552.8,0.0,0.0,3,0.0
M1-Clemastine,553.0,0.0,0.0,3,0.0
M1-Clemastine,553.2,0.0,0.0,3,0.0
M1-Clemastine,553.4,0.0,0.0,3,0.0
M1-Clemastine,553.6,0.0,0.0,3,0.0
M1-Clemastine,553.8,0.0,0.0,3,0.0
M1-Clemastine,554.0,0.0,0.0,3,0.0
M1-Clemastine,554.2,0.0,0.0,3,0.0
M1-Clemastine,554.4,0.0,0.0,3,0.0
M1-Clemastine,554.6,0.0,0.0,3,0.0
M1-Clemastine,554.8,0.0,0.0,3,0.0
M1-Clemastine,555.0,0.0,0.0,3,0.0
M1-Clemastine,555.2,0.0,0.0,3,0.0
M1-Clemastine,555.4,0.0,0.0,3,0.0
M1-Clemastine,555.6,0.0,0.0,3,0.0
M1-Clemastine,555.8,0.0,0.0,3,0.0
M1-Clemastine,556.0,0.0,0.0,3,0.0
M1-Clemastine,556.2,0.0,0.0,3,0.0
M1-Clemastine,556.4,0.0,0.0,3,0.0
M1-Clemastine,556.6,0.0,0.0,3,0.0
M1-Clemastine,556.8,0.0,0.0,3,0.0
M1-Clemastine,557.0,0.0,0.0,3,0.0
M1-Clemastine,557.2,0.0,0.0,3,0.0
M1-Clemastine,557.4,0.0,0.0,3,0.0
M1-Clemastine,557.6,0.0,0.0,3,0.0
M1-Clemastine,557.8,0.0,0.0,3,0.0
M1-Clemastine,558.0,0.0,0.0,3,0.0
M1-Clemastine,558.2,0.0,0.0,3,0.0
M1-Clemastine,558.4,0.0,0.0,3,0.0
M1-Clemastine,558.6,0.0,0.0,3,0.0
M1-Clemastine,558.8,0.0,0.0,3,0.0
M1-Clemastine,559.0,0.0,0.0,3,0.0
M1-Clemastine,559.2,0.0,0.0,3,0.0
M1-Clemastine,559.4,0.0,0.0,3,0.0
M1-Clemastine,559.6,0.0,0.0,3,0.0
M1-Clemastine,559.8,0.0,0.0,3,0.0
M1-Clemastine,560.0,0.0,0.0,3,0.0
M1-Clemastine,560.2,0.0,0.0,3,0.0
M1-Clemastine,560.4,0.0,0.0,3,0.0
M1-Clemastine,560.6,0.0,0.0,3,0.0
M1-Clemastine,560.8,0.0,0.0,3,0.0
M1-Clemastine,561.0,0.0,0.0,3,0.0
M1-Clemastine,561.2,0.0,0.0,3,0.0
M1-Clemastine,561.4,0.0,0.0,3,0.0
M1-Clemastine,561.6,0.0,0.0,3,0.0
M1-Clemastine,561.8,0.0,0.0,3,0.0
M1-Clemastine,562.0,0.0,0.0,3,0.0
M1-Clemastine,562.2,0.0,0.0,3,0.0
M1-Clemastine,562.4,0.0,0.0,3,0.0
M1-Clemastine,562.6,0.0,0.0,3,0.0
M1-Clemastine,562.8,0.0,0.0,3,0.0
M1-Clemastine,563.0,0.0,0.0,3,0.0
M1-Clemastine,563.2,0.0,0.0,3,0.0
M1-Clemastine,563.4,0.0,0.0,3,0.0
M1-Clemastine,563.6,0.0,0.0,3,0.0
M1-Clemastine,563.8,0.0,0.0,3,0.0
M1-Clemastine,564.0,0.0,0.0,3,0.0
M1-Clemastine,564.2,0.0,0.0,3,0.0
M1-Clemastine,564.4,0.0,0.0,3,0.0
M1-Clemastine,564.6,0.0,0.0,3,0.0
M1-Clemastine,564.8,0.0,0.0,3,0.0
M1-Clemastine,565.0,0.0,0.0,3,0.0
M1-Clemastine,565.2,0.0,0.0,3,0.0
M1-Clemastine,565.4,0.0,0.0,3,0.0
M1-Clemastine,565.6,0.0,0.0,3,0.0
M1-Clemastine,565.8,0.0,0.0,3,0.0
M1-Clemastine,566.0,0.0,0.0,3,0.0
M1-Clemastine,566.2,0.0,0.0,3,0.0
M1-Clemastine,566.4,0.0,0.0,3,0.0
M1-Clemastine,566.6,0.0,0.0,3,0.0
M1-Clemastine,566.8,0.0,0.0,3,0.0
M1-Clemastine,567.0,0.0,0.0,3,0.0
M1-Clemastine,567.2,0.0,0.0,3,0.0
M1-Clemastine,567.4,0.0,0.0,3,0.0
M1-Clemastine,567.6,0.0,0.0,3,0.0
M1-Clemastine,567.8,0.0,0.0,3,0.0
M1-Clemastine,568.0,0.0,0.0,3,0.0
M1-Clemastine,568.2,0.0,0.0,3,0.0
M1-Clemastine,568.4,0.0,0.0,3,0.0
M1-Clemastine,568.6,0.0,0.0,3,0.0
M1-Clemastine,568.8,0.0,0.0,3,0.0
M1-Clemastine,569.0,0.0,0.0,3,0.0
M1-Clemastine,569.2,0.0,0.0,3,0.0
M1-Clemastine,569.4,0.0,0.0,3,0.0
M1-Clemastine,569.6,0.0,0.0,3,0.0
M1-Clemastine,569.8,0.0,0.0,3,0.0
M1-Clemastine,570.0,0.0,0.0,3,0.0
M1-Clemastine,570.2,0.0,0.0,3,0.0
M1-Clemastine,570.4,0.0,0.0,3,0.0
M1-Clemastine,570.6,0.0,0.0,3,0.0
M1-Clemastine,570.8,0.0,0.0,3,0.0
M1-Clemastine,571.0,0.0,0.0,3,0.0
M1-Clemastine,571.2,0.0,0.0,3,0.0
M1-Clemastine,571.4,0.0,0.0,3,0.0
M1-Clemastine,571.6,0.0,0.0,3,0.0
M1-Clemastine,571.8,0.0,0.0,3,0.0
M1-Clemastine,572.0,0.0,0.0,3,0.0
M1-Clemastine,572.2,0.0,0.0,3,0.0
M1-Clemastine,572.4,0.0,0.0,3,0.0
M1-Clemastine,572.6,0.0,0.0,3,0.0
M1-Clemastine,572.8,0.0,0.0,3,0.0
M1-Clemastine,573.0,0.0,0.0,3,0.0
M1-Clemastine,573.2,0.0,0.0,3,0.0
M1-Clemastine,573.4,0.0,0.0,3,0.0
M1-Clemastine,573.6,0.0,0.0,3,0.0
M1-Clemastine,573.8,0.0,0.0,3,0.0
M1-Clemastine,574.0,0.0,0.0,3,0.0
M1-Clemastine,574.2,0.0,0.0,3,0.0
M1-Clemastine,574.4,0.0,0.0,3,0.0
M1-Clemastine,574.6,0.0,0.0,3,0.0
M1-Clemastine,574.8,0.0,0.0,3,0.0
M1-Clemastine,575.0,0.0,0.0,3,0.0
M1-Clemastine,575.2,0.0,0.0,3,0.0
M1-Clemastine,575.4,0.0,0.0,3,0.0
M1-Clemastine,575.6,0.0,0.0,3,0.0
M1-Clemastine,575.8,0.0,0.0,3,0.0
M1-Clemastine,576.0,0.0,0.0,3,0.0
M1-Clemastine,576.2,0.0,0.0,3,0.0
M1-Clemastine,576.4,0.0,0.0,3,0.0
M1-Clemastine,576.6,0.0,0.0,3,0.0
M1-Clemastine,576.8,0.0,0.0,3,0.0
M1-Clemastine,577.0,0.0,0.0,3,0.0
M1-Clemastine,577.2,0.0,0.0,3,0.0
M1-Clemastine,577.4,0.0,0.0,3,0.0
M1-Clemastine,577.6,0.0,0.0,3,0.0
M1-Clemastine,577.8,0.0,0.0,3,0.0
M1-Clemastine,578.0,0.0,0.0,3,0.0
M1-Clemastine,578.2,0.0,0.0,3,0.0
M1-Clemastine,578.4,0.0,0.0,3,0.0
M1-Clemastine,578.6,0.0,0.0,3,0.0
M1-Clemastine,578.8,0.0,0.0,3,0.0
M1-Clemastine,579.0,0.0,0.0,3,0.0
M1-Clemastine,579.2,0.0,0.0,3,0.0
M1-Clemastine,579.4,0.0,0.0,3,0.0
M1-Clemastine,579.6,0.0,0.0,3,0.0
M1-Clemastine,579.8,0.0,0.0,3,0.0
M1-Clemastine,580.0,0.0,0.0,3,0.0
M1-Clemastine,580.2,0.0,0.0,3,0.0
M1-Clemastine,580.4,0.0,0.0,3,0.0
M1-Clemastine,580.6,0.0,0.0,3,0.0
M1-Clemastine,580.8,0.0,0.0,3,0.0
M1-Clemastine,581.0,0.0,0.0,3,0.0
M1-Clemastine,581.2,0.0,0.0,3,0.0
M1-Clemastine,581.4,0.0,0.0,3,0.0
M1-Clemastine,581.6,0.0,0.0,3,0.0
M1-Clemastine,581.8,0.0,0.0,3,0.0
M1-Clemastine,582.0,0.0,0.0,3,0.0
M1-Clemastine,582.2,0.0,0.0,3,0.0
M1-Clemastine,582.4,0.0,0.0,3,0.0
M1-Clemastine,582.6,0.0,0.0,3,0.0
M1-Clemastine,582.8,0.0,0.0,3,0.0
M1-Clemastine,583.0,0.0,0.0,3,0.0
M1-Clemastine,583.2,0.0,0.0,3,0.0
M1-Clemastine,583.4,0.0,0.0,3,0.0
M1-Clemastine,583.6,0.0,0.0,3,0.0
M1-Clemastine,583.8,0.0,0.0,3,0.0
M1-Clemastine,584.0,0.0,0.0,3,0.0
M1-Clemastine,584.2,0.0,0.0,3,0.0
M1-Clemastine,584.4,0.0,0.0,3,0.0
M1-Clemastine,584.6,0.0,0.0,3,0.0
M1-Clemastine,584.8,0.0,0.0,3,0.0
M1-Clemastine,585.0,0.0,0.0,3,0.0
M1-Clemastine,585.2,0.0,0.0,3,0.0
M1-Clemastine,585.4,0.0,0.0,3,0.0
M1-Clemastine,585.6,0.0,0.0,3,0.0
M1-Clemastine,585.8,0.0,0.0,3,0.0
M1-Clemastine,586.0,0.0,0.0,3,0.0
M1-Clemastine,586.2,0.0,0.0,3,0.0
M1-Clemastine,586.4,0.0,0.0,3,0.0
M1-Clemastine,586.6,0.0,0.0,3,0.0
M1-Clemastine,586.8,0.0,0.0,3,0.0
M1-Clemastine,587.0,0.0,0.0,3,0.0
M1-Clemastine,587.2,0.0,0.0,3,0.0
M1-Clemastine,587.4,0.0,0.0,3,0.0
M1-Clemastine,587.6,0.0,0.0,3,0.0
M1-Clemastine,587.8,0.0,0.0,3,0.0
M1-Clemastine,588.0,0.0,0.0,3,0.0
M1-Clemastine,588.2,0.0,0.0,3,0.0
M1-Clemastine,588.4,0.0,0.0,3,0.0
M1-Clemastine,588.6,0.0,0.0,3,0.0
M1-Clemastine,588.8,0.0,0.0,3,0.0
M1-Clemastine,589.0,0.0,0.0,3,0.0
M1-Clemastine,589.2,0.0,0.0,3,0.0
M1-Clemastine,589.4,0.0,0.0,3,0.0
M1-Clemastine,589.6,0.0,0.0,3,0.0
M1-Clemastine,589.8,0.0,0.0,3,0.0
M1-Clemastine,590.0,0.0,0.0,3,0.0
M1-Clemastine,590.2,0.0,0.0,3,0.0
M1-Clemastine,590.4,0.0,0.0,3,0.0
M1-Clemastine,590.6,0.0,0.0,3,0.0
M1-Clemastine,590.8,0.0,0.0,3,0.0
M1-Clemastine,591.0,0.0,0.0,3,0.0
M1-Clemastine,591.2,0.0,0.0,3,0.0
M1-Clemastine,591.4,0.0,0.0,3,0.0
M1-Clemastine,591.6,0.0,0.0,3,0.0
M1-Clemastine,591.8,0.0,0.0,3,0.0
M1-Clemastine,592.0,0.0,0.0,3,0.0
M1-Clemastine,592.2,0.0,0.0,3,0.0
M1-Clemastine,592.4,0.0,0.0,3,0.0
M1-Clemastine,592.6,0.0,0.0,3,0.0
M1-Clemastine,592.8,0.0,0.0,3,0.0
M1-Clemastine,593.0,0.0,0.0,3,0.0
M1-Clemastine,593.2,0.0,0.0,3,0.0
M1-Clemastine,593.4,0.0,0.0,3,0.0
M1-Clemastine,593.6,0.0,0.0,3,0.0
M1-Clemastine,593.8,0.0,0.0,3,0.0
M1-Clemastine,594.0,0.0,0.0,3,0.0
M1-Clemastine,594.2,0.0,0.0,3,0.0
M1-Clemastine,594.4,0.0,0.0,3,0.0
M1-Clemastine,594.6,0.0,0.0,3,0.0
M1-Clemastine,594.8,0.0,0.0,3,0.0
M1-Clemastine,595.0,0.0,0.0,3,0.0
M1-Clemastine,595.2,0.0,0.0,3,0.0
M1-Clemastine,595.4,0.0,0.0,3,0.0
M1-Clemastine,595.6,0.0,0.0,3,0.0
M1-Clemastine,595.8,0.0,0.0,3,0.0
M1-Clemastine,596.0,0.0,0.0,3,0.0
M1-Clemastine,596.2,0.0,0.0,3,0.0
M1-Clemastine,596.4,0.0,0.0,3,0.0
M1-Clemastine,596.6,0.0,0.0,3,0.0
M1-Clemastine,596.8,0.0,0.0,3,0.0
M1-Clemastine,597.0,0.0,0.0,3,0.0
M1-Clemastine,597.2,0.0,0.0,3,0.0
M1-Clemastine,597.4,0.0,0.0,3,0.0
M1-Clemastine,597.6,0.0,0.0,3,0.0
M1-Clemastine,597.8,0.0,0.0,3,0.0
M1-Clemastine,598.0,0.0,0.0,3,0.0
M1-Clemastine,598.2,0.0,0.0,3,0.0
M1-Clemastine,598.4,0.0,0.0,3,0.0
M1-Clemastine,598.6,0.0,0.0,3,0.0
M1-Clemastine,598.8,0.0,0.0,3,0.0
M1-Clemastine,599.0,0.0,0.0,3,0.0
M1-Clemastine,599.2,0.0,0.0,3,0.0
M1-Clemastine,599.4,0.0,0.0,3,0.0
M1-Clemastine,599.6,0.0,0.0,3,0.0
M1-Clemastine,599.8,0.0,0.0,3,0.0
M1-Clemastine,600.0,0.0,0.0,3,0.0
M1-Clemastine,600.2,0.0,0.0,3,0.0
M1-Clemastine,600.4,0.0,0.0,3,0.0
M1-Clemastine,600.6,0.0,0.0,3,0.0
M1-Clemastine,600.8,0.0,0.0,3,0.0
M1-Clemastine,601.0,0.0,0.0,3,0.0
M1-Clemastine,601.2,0.0,0.0,3,0.0
M1-Clemastine,601.4,0.0,0.0,3,0.0
M1-Clemastine,601.6,0.0,0.0,3,0.0
M1-Clemastine,601.8,0.0,0.0,3,0.0
M1-Clemastine,602.0,0.0,0.0,3,0.0
M1-Clemastine,602.2,0.0,0.0,3,0.0
M1-Clemastine,602.4,0.0,0.0,3,0.0
M1-Clemastine,602.6,0.0,0.0,3,0.0
M1-Clemastine,602.8,0.0,0.0,3,0.0
M1-Clemastine,603.0,0.0,0.0,3,0.0
M1-Clemastine,603.2,0.0,0.0,3,0.0
M1-Clemastine,603.4,0.0,0.0,3,0.0
M1-Clemastine,603.6,0.0,0.0,3,0.0
M1-Clemastine,603.8,0.0,0.0,3,0.0
M1-Clemastine,604.0,0.0,0.0,3,0.0
M1-Clemastine,604.2,0.0,0.0,3,0.0
M1-Clemastine,604.4,0.0,0.0,3,0.0
M1-Clemastine,604.6,0.0,0.0,3,0.0
M1-Clemastine,604.8,0.0,0.0,3,0.0
M1-Clemastine,605.0,0.0,0.0,3,0.0
M1-Clemastine,605.2,0.0,0.0,3,0.0
M1-Clemastine,605.4,0.0,0.0,3,0.0
M1-Clemastine,605.6,0.0,0.0,3,0.0
M1-Clemastine,605.8,0.0,0.0,3,0.0
M1-Clemastine,606.0,0.0,0.0,3,0.0
M1-Clemastine,606.2,0.0,0.0,3,0.0
M1-Clemastine,606.4,0.0,0.0,3,0.0
M1-Clemastine,606.6,0.0,0.0,3,0.0
M1-Clemastine,606.8,0.0,0.0,3,0.0
M1-Clemastine,607.0,0.0,0.0,3,0.0
M1-Clemastine,607.2,0.0,0.0,3,0.0
M1-Clemastine,607.4,0.0,0.0,3,0.0
M1-Clemastine,607.6,0.0,0.0,3,0.0
M1-Clemastine,607.8,0.0,0.0,3,0.0
M1-Clemastine,608.0,0.0,0.0,3,0.0
M1-Clemastine,608.2,0.0,0.0,3,0.0
M1-Clemastine,608.4,0.0,0.0,3,0.0
M1-Clemastine,608.6,0.0,0.0,3,0.0
M1-Clemastine,608.8,0.0,0.0,3,0.0
M1-Clemastine,609.0,0.0,0.0,3,0.0
M1-Clemastine,609.2,0.0,0.0,3,0.0
M1-Clemastine,609.4,0.0,0.0,3,0.0
M1-Clemastine,609.6,0.0,0.0,3,0.0
M1-Clemastine,609.8,0.0,0.0,3,0.0
M1-Clemastine,610.0,0.0,0.0,3,0.0
M1-Clemastine,610.2,0.0,0.0,3,0.0
M1-Clemastine,610.4,0.0,0.0,3,0.0
M1-Clemastine,610.6,0.0,0.0,3,0.0
M1-Clemastine,610.8,0.0,0.0,3,0.0
M1-Clemastine,611.0,0.0,0.0,3,0.0
M1-Clemastine,611.2,0.0,0.0,3,0.0
M1-Clemastine,611.4,0.0,0.0,3,0.0
M1-Clemastine,611.6,0.0,0.0,3,0.0
M1-Clemastine,611.8,0.0,0.0,3,0.0
M1-Clemastine,612.0,0.0,0.0,3,0.0
M1-Clemastine,612.2,0.0,0.0,3,0.0
M1-Clemastine,612.4,0.0,0.0,3,0.0
M1-Clemastine,612.6,0.0,0.0,3,0.0
M1-Clemastine,612.8,0.0,0.0,3,0.0
M1-Clemastine,613.0,0.0,0.0,3,0.0
M1-Clemastine,613.2,0.0,0.0,3,0.0
M1-Clemastine,613.4,0.0,0.0,3,0.0
M1-Clemastine,613.6,0.0,0.0,3,0.0
M1-Clemastine,613.8,0.0,0.0,3,0.0
M1-Clemastine,614.0,0.0,0.0,3,0.0
M1-Clemastine,614.2,0.0,0.0,3,0.0
M1-Clemastine,614.4,0.0,0.0,3,0.0
M1-Clemastine,614.6,0.0,0.0,3,0.0
M1-Clemastine,614.8,0.0,0.0,3,0.0
M1-Clemastine,615.0,0.0,0.0,3,0.0
M1-Clemastine,615.2,0.0,0.0,3,0.0
M1-Clemastine,615.4,0.0,0.0,3,0.0
M1-Clemastine,615.6,0.0,0.0,3,0.0
M1-Clemastine,615.8,0.0,0.0,3,0.0
M1-Clemastine,616.0,0.0,0.0,3,0.0
M1-Clemastine,616.2,0.0,0.0,3,0.0
M1-Clemastine,616.4,0.0,0.0,3,0.0
M1-Clemastine,616.6,0.0,0.0,3,0.0
M1-Clemastine,616.8,0.0,0.0,3,0.0
M1-Clemastine,617.0,0.0,0.0,3,0.0
M1-Clemastine,617.2,0.0,0.0,3,0.0
M1-Clemastine,617.4,0.0,0.0,3,0.0
M1-Clemastine,617.6,0.0,0.0,3,0.0
M1-Clemastine,617.8,0.0,0.0,3,0.0
M1-Clemastine,618.0,0.0,0.0,3,0.0
M1-Clemastine,618.2,0.0,0.0,3,0.0
M1-Clemastine,618.4,0.0,0.0,3,0.0
M1-Clemastine,618.6,0.0,0.0,3,0.0
M1-Clemastine,618.8,0.0,0.0,3,0.0
M1-Clemastine,619.0,0.0,0.0,3,0.0
M1-Clemastine,619.2,0.0,0.0,3,0.0
M1-Clemastine,619.4,0.0,0.0,3,0.0
M1-Clemastine,619.6,0.0,0.0,3,0.0
M1-Clemastine,619.8,0.0,0.0,3,0.0
M1-Clemastine,620.0,0.0,0.0,3,0.0
M1-Clemastine,620.2,0.0,0.0,3,0.0
M1-Clemastine,620.4,0.0,0.0,3,0.0
M1-Clemastine,620.6,0.0,0.0,3,0.0
M1-Clemastine,620.8,0.0,0.0,3,0.0
M1-Clemastine,621.0,0.0,0.0,3,0.0
M1-Clemastine,621.2,0.0,0.0,3,0.0
M1-Clemastine,621.4,0.0,0.0,3,0.0
M1-Clemastine,621.6,0.0,0.0,3,0.0
M1-Clemastine,621.8,0.0,0.0,3,0.0
M1-Clemastine,622.0,0.0,0.0,3,0.0
M1-Clemastine,622.2,0.0,0.0,3,0.0
M1-Clemastine,622.4,0.0,0.0,3,0.0
M1-Clemastine,622.6,0.0,0.0,3,0.0
M1-Clemastine,622.8,0.0,0.0,3,0.0
M1-Clemastine,623.0,0.0,0.0,3,0.0
M1-Clemastine,623.2,0.0,0.0,3,0.0
M1-Clemastine,623.4,0.0,0.0,3,0.0
M1-Clemastine,623.6,0.0,0.0,3,0.0
M1-Clemastine,623.8,0.0,0.0,3,0.0
M1-Clemastine,624.0,0.0,0.0,3,0.0
M1-Clemastine,624.2,0.0,0.0,3,0.0
M1-Clemastine,624.4,0.0,0.0,3,0.0
M1-Clemastine,624.6,0.0,0.0,3,0.0
M1-Clemastine,624.8,0.0,0.0,3,0.0
M1-Clemastine,625.0,0.0,0.0,3,0.0
M1-Clemastine,625.2,0.0,0.0,3,0.0
M1-Clemastine,625.4,0.0,0.0,3,0.0
M1-Clemastine,625.6,0.0,0.0,3,0.0
M1-Clemastine,625.8,0.0,0.0,3,0.0
M1-Clemastine,626.0,0.0,0.0,3,0.0
M1-Clemastine,626.2,0.0,0.0,3,0.0
M1-Clemastine,626.4,0.0,0.0,3,0.0
M1-Clemastine,626.6,0.0,0.0,3,0.0
M1-Clemastine,626.8,0.0,0.0,3,0.0
M1-Clemastine,627.0,0.0,0.0,3,0.0
M1-Clemastine,627.2,0.0,0.0,3,0.0
M1-Clemastine,627.4,0.0,0.0,3,0.0
M1-Clemastine,627.6,0.0,0.0,3,0.0
M1-Clemastine,627.8,0.0,0.0,3,0.0
M1-Clemastine,628.0,0.0,0.0,3,0.0
M1-Clemastine,628.2,0.0,0.0,3,0.0
M1-Clemastine,628.4,0.0,0.0,3,0.0
M1-Clemastine,628.6,0.0,0.0,3,0.0
M1-Clemastine,628.8,0.0,0.0,3,0.0
M1-Clemastine,629.0,0.0,0.0,3,0.0
M1-Clemastine,629.2,0.0,0.0,3,0.0
M1-Clemastine,629.4,0.0,0.0,3,0.0
M1-Clemastine,629.6,0.0,0.0,3,0.0
M1-Clemastine,629.8,0.0,0.0,3,0.0
M1-Clemastine,630.0,0.0,0.0,3,0.0
M1-Clemastine,630.2,0.0,0.0,3,0.0
M1-Clemastine,630.4,0.0,0.0,3,0.0
M1-Clemastine,630.6,0.0,0.0,3,0.0
M1-Clemastine,630.8,0.0,0.0,3,0.0
M1-Clemastine,631.0,0.0,0.0,3,0.0
M1-Clemastine,631.2,0.0,0.0,3,0.0
M1-Clemastine,631.4,0.0,0.0,3,0.0
M1-Clemastine,631.6,0.0,0.0,3,0.0
M1-Clemastine,631.8,0.0,0.0,3,0.0
M1-Clemastine,632.0,0.0,0.0,3,0.0
M1-Clemastine,632.2,0.0,0.0,3,0.0
M1-Clemastine,632.4,0.0,0.0,3,0.0
M1-Clemastine,632.6,0.0,0.0,3,0.0
M1-Clemastine,632.8,0.0,0.0,3,0.0
M1-Clemastine,633.0,0.0,0.0,3,0.0
M1-Clemastine,633.2,0.0,0.0,3,0.0
M1-Clemastine,633.4,0.0,0.0,3,0.0
M1-Clemastine,633.6,0.0,0.0,3,0.0
M1-Clemastine,633.8,0.0,0.0,3,0.0
M1-Clemastine,634.0,0.0,0.0,3,0.0
M1-Clemastine,634.2,0.0,0.0,3,0.0
M1-Clemastine,634.4,0.0,0.0,3,0.0
M1-Clemastine,634.6,0.0,0.0,3,0.0
M1-Clemastine,634.8,0.0,0.0,3,0.0
M1-Clemastine,635.0,0.0,0.0,3,0.0
M1-Clemastine,635.2,0.0,0.0,3,0.0
M1-Clemastine,635.4,0.0,0.0,3,0.0
M1-Clemastine,635.6,0.0,0.0,3,0.0
M1-Clemastine,635.8,0.0,0.0,3,0.0
M1-Clemastine,636.0,0.0,0.0,3,0.0
M1-Clemastine,636.2,0.0,0.0,3,0.0
M1-Clemastine,636.4,0.0,0.0,3,0.0
M1-Clemastine,636.6,0.0,0.0,3,0.0
M1-Clemastine,636.8,0.0,0.0,3,0.0
M1-Clemastine,637.0,0.0,0.0,3,0.0
M1-Clemastine,637.2,0.0,0.0,3,0.0
M1-Clemastine,637.4,0.0,0.0,3,0.0
M1-Clemastine,637.6,0.0,0.0,3,0.0
M1-Clemastine,637.8,0.0,0.0,3,0.0
M1-Clemastine,638.0,0.0,0.0,3,0.0
M1-Clemastine,638.2,0.0,0.0,3,0.0
M1-Clemastine,638.4,0.0,0.0,3,0.0
M1-Clemastine,638.6,0.0,0.0,3,0.0
M1-Clemastine,638.8,0.0,0.0,3,0.0
M1-Clemastine,639.0,0.0,0.0,3,0.0
M1-Clemastine,639.2,0.0,0.0,3,0.0
M1-Clemastine,639.4,0.0,0.0,3,0.0
M1-Clemastine,639.6,0.0,0.0,3,0.0
M1-Clemastine,639.8,0.0,0.0,3,0.0
M1-Clemastine,640.0,0.0,0.0,3,0.0
M1-Clemastine,640.2,0.0,0.0,3,0.0
M1-Clemastine,640.4,0.0,0.0,3,0.0
M1-Clemastine,640.6,0.0,0.0,3,0.0
M1-Clemastine,640.8,0.0,0.0,3,0.0
M1-Clemastine,641.0,0.0,0.0,3,0.0
M1-Clemastine,641.2,0.0,0.0,3,0.0
M1-Clemastine,641.4,0.0,0.0,3,0.0
M1-Clemastine,641.6,0.0,0.0,3,0.0
M1-Clemastine,641.8,0.0,0.0,3,0.0
M1-Clemastine,642.0,0.0,0.0,3,0.0
M1-Clemastine,642.2,0.0,0.0,3,0.0
M1-Clemastine,642.4,0.0,0.0,3,0.0
M1-Clemastine,642.6,0.0,0.0,3,0.0
M1-Clemastine,642.8,0.0,0.0,3,0.0
M1-Clemastine,643.0,0.0,0.0,3,0.0
M1-Clemastine,643.2,0.0,0.0,3,0.0
M1-Clemastine,643.4,0.0,0.0,3,0.0
M1-Clemastine,643.6,0.0,0.0,3,0.0
M1-Clemastine,643.8,0.0,0.0,3,0.0
M1-Clemastine,644.0,0.0,0.0,3,0.0
M1-Clemastine,644.2,0.0,0.0,3,0.0
M1-Clemastine,644.4,0.0,0.0,3,0.0
M1-Clemastine,644.6,0.0,0.0,3,0.0
M1-Clemastine,644.8,0.0,0.0,3,0.0
M1-Clemastine,645.0,0.0,0.0,3,0.0
M1-Clemastine,645.2,0.0,0.0,3,0.0
M1-Clemastine,645.4,0.0,0.0,3,0.0
M1-Clemastine,645.6,0.0,0.0,3,0.0
M1-Clemastine,645.8,0.0,0.0,3,0.0
M1-Clemastine,646.0,0.0,0.0,3,0.0
M1-Clemastine,646.2,0.0,0.0,3,0.0
M1-Clemastine,646.4,0.0,0.0,3,0.0
M1-Clemastine,646.6,0.0,0.0,3,0.0
M1-Clemastine,646.8,0.0,0.0,3,0.0
M1-Clemastine,647.0,0.0,0.0,3,0.0
M1-Clemastine,647.2,0.0,0.0,3,0.0
M1-Clemastine,647.4,0.0,0.0,3,0.0
M1-Clemastine,647.6,0.0,0.0,3,0.0
M1-Clemastine,647.8,0.0,0.0,3,0.0
M1-Clemastine,648.0,0.0,0.0,3,0.0
M1-Clemastine,648.2,0.0,0.0,3,0.0
M1-Clemastine,648.4,0.0,0.0,3,0.0
M1-Clemastine,648.6,0.0,0.0,3,0.0
M1-Clemastine,648.8,0.0,0.0,3,0.0
M1-Clemastine,649.0,0.0,0.0,3,0.0
M1-Clemastine,649.2,0.0,0.0,3,0.0
M1-Clemastine,649.4,0.0,0.0,3,0.0
M1-Clemastine,649.6,0.0,0.0,3,0.0
M1-Clemastine,649.8,0.0,0.0,3,0.0
M1-Clemastine,650.0,0.0,0.0,3,0.0
M1-Clemastine,650.2,0.0,0.0,3,0.0
M1-Clemastine,650.4,0.0,0.0,3,0.0
M1-Clemastine,650.6,0.0,0.0,3,0.0
M1-Clemastine,650.8,0.0,0.0,3,0.0
M1-Clemastine,651.0,0.0,0.0,3,0.0
M1-Clemastine,651.2,0.0,0.0,3,0.0
M1-Clemastine,651.4,0.0,0.0,3,0.0
M1-Clemastine,651.6,0.0,0.0,3,0.0
M1-Clemastine,651.8,0.0,0.0,3,0.0
M1-Clemastine,652.0,0.0,0.0,3,0.0
M1-Clemastine,652.2,0.0,0.0,3,0.0
M1-Clemastine,652.4,0.0,0.0,3,0.0
M1-Clemastine,652.6,0.0,0.0,3,0.0
M1-Clemastine,652.8,0.0,0.0,3,0.0
M1-Clemastine,653.0,0.0,0.0,3,0.0
M1-Clemastine,653.2,0.0,0.0,3,0.0
M1-Clemastine,653.4,0.0,0.0,3,0.0
M1-Clemastine,653.6,0.0,0.0,3,0.0
M1-Clemastine,653.8,0.0,0.0,3,0.0
M1-Clemastine,654.0,0.0,0.0,3,0.0
M1-Clemastine,654.2,0.0,0.0,3,0.0
M1-Clemastine,654.4,0.0,0.0,3,0.0
M1-Clemastine,654.6,0.0,0.0,3,0.0
M1-Clemastine,654.8,0.0,0.0,3,0.0
M1-Clemastine,655.0,0.0,0.0,3,0.0
M1-Clemastine,655.2,0.0,0.0,3,0.0
M1-Clemastine,655.4,0.0,0.0,3,0.0
M1-Clemastine,655.6,0.0,0.0,3,0.0
M1-Clemastine,655.8,0.0,0.0,3,0.0
M1-Clemastine,656.0,0.0,0.0,3,0.0
M1-Clemastine,656.2,0.0,0.0,3,0.0
M1-Clemastine,656.4,0.0,0.0,3,0.0
M1-Clemastine,656.6,0.0,0.0,3,0.0
M1-Clemastine,656.8,0.0,0.0,3,0.0
M1-Clemastine,657.0,0.0,0.0,3,0.0
M1-Clemastine,657.2,0.0,0.0,3,0.0
M1-Clemastine,657.4,0.0,0.0,3,0.0
M1-Clemastine,657.6,0.0,0.0,3,0.0
M1-Clemastine,657.8,0.0,0.0,3,0.0
M1-Clemastine,658.0,0.0,0.0,3,0.0
M1-Clemastine,658.2,0.0,0.0,3,0.0
M1-Clemastine,658.4,0.0,0.0,3,0.0
M1-Clemastine,658.6,0.0,0.0,3,0.0
M1-Clemastine,658.8,0.0,0.0,3,0.0
M1-Clemastine,659.0,0.0,0.0,3,0.0
M1-Clemastine,659.2,0.0,0.0,3,0.0
M1-Clemastine,659.4,0.0,0.0,3,0.0
M1-Clemastine,659.6,0.0,0.0,3,0.0
M1-Clemastine,659.8,0.0,0.0,3,0.0
M1-Clemastine,660.0,0.0,0.0,3,0.0
M1-Clemastine,660.2,0.0,0.0,3,0.0
M1-Clemastine,660.4,0.0,0.0,3,0.0
M1-Clemastine,660.6,0.0,0.0,3,0.0
M1-Clemastine,660.8,0.0,0.0,3,0.0
M1-Clemastine,661.0,0.0,0.0,3,0.0
M1-Clemastine,661.2,0.0,0.0,3,0.0
M1-Clemastine,661.4,0.0,0.0,3,0.0
M1-Clemastine,661.6,0.0,0.0,3,0.0
M1-Clemastine,661.8,0.0,0.0,3,0.0
M1-Clemastine,662.0,0.0,0.0,3,0.0
M1-Clemastine,662.2,0.0,0.0,3,0.0
M1-Clemastine,662.4,0.0,0.0,3,0.0
M1-Clemastine,662.6,0.0,0.0,3,0.0
M1-Clemastine,662.8,0.0,0.0,3,0.0
M1-Clemastine,663.0,0.0,0.0,3,0.0
M1-Clemastine,663.2,0.0,0.0,3,0.0
M1-Clemastine,663.4,0.0,0.0,3,0.0
M1-Clemastine,663.6,0.0,0.0,3,0.0
M1-Clemastine,663.8,0.0,0.0,3,0.0
M1-Clemastine,664.0,0.0,0.0,3,0.0
M1-Clemastine,664.2,0.0,0.0,3,0.0
M1-Clemastine,664.4,0.0,0.0,3,0.0
M1-Clemastine,664.6,0.0,0.0,3,0.0
M1-Clemastine,664.8,0.0,0.0,3,0.0
M1-Clemastine,665.0,0.0,0.0,3,0.0
M1-Clemastine,665.2,0.0,0.0,3,0.0
M1-Clemastine,665.4,0.0,0.0,3,0.0
M1-Clemastine,665.6,0.0,0.0,3,0.0
M1-Clemastine,665.8,0.0,0.0,3,0.0
M1-Clemastine,666.0,0.0,0.0,3,0.0
M1-Clemastine,666.2,0.0,0.0,3,0.0
M1-Clemastine,666.4,0.0,0.0,3,0.0
M1-Clemastine,666.6,0.0,0.0,3,0.0
M1-Clemastine,666.8,0.0,0.0,3,0.0
M1-Clemastine,667.0,0.0,0.0,3,0.0
M1-Clemastine,667.2,0.0,0.0,3,0.0
M1-Clemastine,667.4,0.0,0.0,3,0.0
M1-Clemastine,667.6,0.0,0.0,3,0.0
M1-Clemastine,667.8,0.0,0.0,3,0.0
M1-Clemastine,668.0,0.0,0.0,3,0.0
M1-Clemastine,668.2,0.0,0.0,3,0.0
M1-Clemastine,668.4,0.0,0.0,3,0.0
M1-Clemastine,668.6,0.0,0.0,3,0.0
M1-Clemastine,668.8,0.0,0.0,3,0.0
M1-Clemastine,669.0,0.0,0.0,3,0.0
M1-Clemastine,669.2,0.0,0.0,3,0.0
M1-Clemastine,669.4,0.0,0.0,3,0.0
M1-Clemastine,669.6,0.0,0.0,3,0.0
M1-Clemastine,669.8,0.0,0.0,3,0.0
M1-Clemastine,670.0,0.0,0.0,3,0.0
M1-Clemastine,670.2,0.0,0.0,3,0.0
M1-Clemastine,670.4,0.0,0.0,3,0.0
M1-Clemastine,670.6,0.0,0.0,3,0.0
M1-Clemastine,670.8,0.0,0.0,3,0.0
M1-Clemastine,671.0,0.0,0.0,3,0.0
M1-Clemastine,671.2,0.0,0.0,3,0.0
M1-Clemastine,671.4,0.0,0.0,3,0.0
M1-Clemastine,671.6,0.0,0.0,3,0.0
M1-Clemastine,671.8,0.0,0.0,3,0.0
M1-Clemastine,672.0,0.0,0.0,3,0.0
M1-Clemastine,672.2,0.0,0.0,3,0.0
M1-Clemastine,672.4,0.0,0.0,3,0.0
M1-Clemastine,672.6,0.0,0.0,3,0.0
M1-Clemastine,672.8,0.0,0.0,3,0.0
M1-Clemastine,673.0,0.0,0.0,3,0.0
M1-Clemastine,673.2,0.0,0.0,3,0.0
M1-Clemastine,673.4,0.0,0.0,3,0.0
M1-Clemastine,673.6,0.0,0.0,3,0.0
M1-Clemastine,673.8,0.0,0.0,3,0.0
M1-Clemastine,674.0,0.0,0.0,3,0.0
M1-Clemastine,674.2,0.0,0.0,3,0.0
M1-Clemastine,674.4,0.0,0.0,3,0.0
M1-Clemastine,674.6,0.0,0.0,3,0.0
M1-Clemastine,674.8,0.0,0.0,3,0.0
M1-Clemastine,675.0,0.0,0.0,3,0.0
M1-Clemastine,675.2,0.0,0.0,3,0.0
M1-Clemastine,675.4,0.0,0.0,3,0.0
M1-Clemastine,675.6,0.0,0.0,3,0.0
M1-Clemastine,675.8,0.0,0.0,3,0.0
M1-Clemastine,676.0,0.0,0.0,3,0.0
M1-Clemastine,676.2,0.0,0.0,3,0.0
M1-Clemastine,676.4,0.0,0.0,3,0.0
M1-Clemastine,676.6,0.0,0.0,3,0.0
M1-Clemastine,676.8,0.0,0.0,3,0.0
M1-Clemastine,677.0,0.0,0.0,3,0.0
M1-Clemastine,677.2,0.0,0.0,3,0.0
M1-Clemastine,677.4,0.0,0.0,3,0.0
M1-Clemastine,677.6,0.0,0.0,3,0.0
M1-Clemastine,677.8,0.0,0.0,3,0.0
M1-Clemastine,678.0,0.0,0.0,3,0.0
M1-Clemastine,678.2,0.0,0.0,3,0.0
M1-Clemastine,678.4,0.0,0.0,3,0.0
M1-Clemastine,678.6,0.0,0.0,3,0.0
M1-Clemastine,678.8,0.0,0.0,3,0.0
M1-Clemastine,679.0,0.0,0.0,3,0.0
M1-Clemastine,679.2,0.0,0.0,3,0.0
M1-Clemastine,679.4,0.0,0.0,3,0.0
M1-Clemastine,679.6,0.0,0.0,3,0.0
M1-Clemastine,679.8,0.0,0.0,3,0.0
M1-Clemastine,680.0,0.0,0.0,3,0.0
M1-Clemastine,680.2,0.0,0.0,3,0.0
M1-Clemastine,680.4,0.0,0.0,3,0.0
M1-Clemastine,680.6,0.0,0.0,3,0.0
M1-Clemastine,680.8,0.0,0.0,3,0.0
M1-Clemastine,681.0,0.0,0.0,3,0.0
M1-Clemastine,681.2,0.0,0.0,3,0.0
M1-Clemastine,681.4,0.0,0.0,3,0.0
M1-Clemastine,681.6,0.0,0.0,3,0.0
M1-Clemastine,681.8,0.0,0.0,3,0.0
M1-Clemastine,682.0,0.0,0.0,3,0.0
M1-Clemastine,682.2,0.0,0.0,3,0.0
M1-Clemastine,682.4,0.0,0.0,3,0.0
M1-Clemastine,682.6,0.0,0.0,3,0.0
M1-Clemastine,682.8,0.0,0.0,3,0.0
M1-Clemastine,683.0,0.0,0.0,3,0.0
M1-Clemastine,683.2,0.0,0.0,3,0.0
M1-Clemastine,683.4,0.0,0.0,3,0.0
M1-Clemastine,683.6,0.0,0.0,3,0.0
M1-Clemastine,683.8,0.0,0.0,3,0.0
M1-Clemastine,684.0,0.0,0.0,3,0.0
M1-Clemastine,684.2,0.0,0.0,3,0.0
M1-Clemastine,684.4,0.0,0.0,3,0.0
M1-Clemastine,684.6,0.0,0.0,3,0.0
M1-Clemastine,684.8,0.0,0.0,3,0.0
M1-Clemastine,685.0,0.0,0.0,3,0.0
M1-Clemastine,685.2,0.0,0.0,3,0.0
M1-Clemastine,685.4,0.0,0.0,3,0.0
M1-Clemastine,685.6,0.0,0.0,3,0.0
M1-Clemastine,685.8,0.0,0.0,3,0.0
M1-Clemastine,686.0,0.0,0.0,3,0.0
M1-Clemastine,686.2,0.0,0.0,3,0.0
M1-Clemastine,686.4,0.0,0.0,3,0.0
M1-Clemastine,686.6,0.0,0.0,3,0.0
M1-Clemastine,686.8,0.0,0.0,3,0.0
M1-Clemastine,687.0,0.0,0.0,3,0.0
M1-Clemastine,687.2,0.0,0.0,3,0.0
M1-Clemastine,687.4,0.0,0.0,3,0.0
M1-Clemastine,687.6,0.0,0.0,3,0.0
M1-Clemastine,687.8,0.0,0.0,3,0.0
M1-Clemastine,688.0,0.0,0.0,3,0.0
M1-Clemastine,688.2,0.0,0.0,3,0.0
M1-Clemastine,688.4,0.0,0.0,3,0.0
M1-Clemastine,688.6,0.0,0.0,3,0.0
M1-Clemastine,688.8,0.0,0.0,3,0.0
M1-Clemastine,689.0,0.0,0.0,3,0.0
M1-Clemastine,689.2,0.0,0.0,3,0.0
M1-Clemastine,689.4,0.0,0.0,3,0.0
M1-Clemastine,689.6,0.0,0.0,3,0.0
M1-Clemastine,689.8,0.0,0.0,3,0.0
M1-Clemastine,690.0,0.0,0.0,3,0.0
M1-Clemastine,690.2,0.0,0.0,3,0.0
M1-Clemastine,690.4,0.0,0.0,3,0.0
M1-Clemastine,690.6,0.0,0.0,3,0.0
M1-Clemastine,690.8,0.0,0.0,3,0.0
M1-Clemastine,691.0,0.0,0.0,3,0.0
M1-Clemastine,691.2,0.0,0.0,3,0.0
M1-Clemastine,691.4,0.0,0.0,3,0.0
M1-Clemastine,691.6,0.0,0.0,3,0.0
M1-Clemastine,691.8,0.0,0.0,3,0.0
M1-Clemastine,692.0,0.0,0.0,3,0.0
M1-Clemastine,692.2,0.0,0.0,3,0.0
M1-Clemastine,692.4,0.0,0.0,3,0.0
M1-Clemastine,692.6,0.0,0.0,3,0.0
M1-Clemastine,692.8,0.0,0.0,3,0.0
M1-Clemastine,693.0,0.0,0.0,3,0.0
M1-Clemastine,693.2,0.0,0.0,3,0.0
M1-Clemastine,693.4,0.0,0.0,3,0.0
M1-Clemastine,693.6,0.0,0.0,3,0.0
M1-Clemastine,693.8,0.0,0.0,3,0.0
M1-Clemastine,694.0,0.0,0.0,3,0.0
M1-Clemastine,694.2,0.0,0.0,3,0.0
M1-Clemastine,694.4,0.0,0.0,3,0.0
M1-Clemastine,694.6,0.0,0.0,3,0.0
M1-Clemastine,694.8,0.0,0.0,3,0.0
M1-Clemastine,695.0,0.0,0.0,3,0.0
M1-Clemastine,695.2,0.0,0.0,3,0.0
M1-Clemastine,695.4,0.0,0.0,3,0.0
M1-Clemastine,695.6,0.0,0.0,3,0.0
M1-Clemastine,695.8,0.0,0.0,3,0.0
M1-Clemastine,696.0,0.0,0.0,3,0.0
M1-Clemastine,696.2,0.0,0.0,3,0.0
M1-Clemastine,696.4,0.0,0.0,3,0.0
M1-Clemastine,696.6,0.0,0.0,3,0.0
M1-Clemastine,696.8,0.0,0.0,3,0.0
M1-Clemastine,697.0,0.0,0.0,3,0.0
M1-Clemastine,697.2,0.0,0.0,3,0.0
M1-Clemastine,697.4,0.0,0.0,3,0.0
M1-Clemastine,697.6,0.0,0.0,3,0.0
M1-Clemastine,697.8,0.0,0.0,3,0.0
M1-Clemastine,698.0,0.0,0.0,3,0.0
M1-Clemastine,698.2,0.0,0.0,3,0.0
M1-Clemastine,698.4,0.0,0.0,3,0.0
M1-Clemastine,698.6,0.0,0.0,3,0.0
M1-Clemastine,698.8,0.0,0.0,3,0.0
M1-Clemastine,699.0,0.0,0.0,3,0.0
M1-Clemastine,699.2,0.0,0.0,3,0.0
M1-Clemastine,699.4,0.0,0.0,3,0.0
M1-Clemastine,699.6,0.0,0.0,3,0.0
M1-Clemastine,699.8,0.0,0.0,3,0.0
M1-Clemastine,700.0,0.0,0.0,3,0.0
M1-Clemastine,700.2,0.0,0.0,3,0.0
M1-Clemastine,700.4,0.0,0.0,3,0.0
M1-Clemastine,700.6,0.0,0.0,3,0.0
M1-Clemastine,700.8,0.0,0.0,3,0.0
M1-Clemastine,701.0,0.0,0.0,3,0.0
M1-Clemastine,701.2,0.0,0.0,3,0.0
M1-Clemastine,701.4,0.0,0.0,3,0.0
M1-Clemastine,701.6,0.0,0.0,3,0.0
M1-Clemastine,701.8,0.0,0.0,3,0.0
M1-Clemastine,702.0,0.0,0.0,3,0.0
M1-Clemastine,702.2,0.0,0.0,3,0.0
M1-Clemastine,702.4,0.0,0.0,3,0.0
M1-Clemastine,702.6,0.0,0.0,3,0.0
M1-Clemastine,702.8,0.0,0.0,3,0.0
M1-Clemastine,703.0,0.0,0.0,3,0.0
M1-Clemastine,703.2,0.0,0.0,3,0.0
M1-Clemastine,703.4,0.0,0.0,3,0.0
M1-Clemastine,703.6,0.0,0.0,3,0.0
M1-Clemastine,703.8,0.0,0.0,3,0.0
M1-Clemastine,704.0,0.0,0.0,3,0.0
M1-Clemastine,704.2,0.0,0.0,3,0.0
M1-Clemastine,704.4,0.0,0.0,3,0.0
M1-Clemastine,704.6,0.0,0.0,3,0.0
M1-Clemastine,704.8,0.0,0.0,3,0.0
M1-Clemastine,705.0,0.0,0.0,3,0.0
M1-Clemastine,705.2,0.0,0.0,3,0.0
M1-Clemastine,705.4,0.0,0.0,3,0.0
M1-Clemastine,705.6,0.0,0.0,3,0.0
M1-Clemastine,705.8,0.0,0.0,3,0.0
M1-Clemastine,706.0,0.0,0.0,3,0.0
M1-Clemastine,706.2,0.0,0.0,3,0.0
M1-Clemastine,706.4,0.0,0.0,3,0.0
M1-Clemastine,706.6,0.0,0.0,3,0.0
M1-Clemastine,706.8,0.0,0.0,3,0.0
M1-Clemastine,707.0,0.0,0.0,3,0.0
M1-Clemastine,707.2,0.0,0.0,3,0.0
M1-Clemastine,707.4,0.0,0.0,3,0.0
M1-Clemastine,707.6,0.0,0.0,3,0.0
M1-Clemastine,707.8,0.0,0.0,3,0.0
M1-Clemastine,708.0,0.0,0.0,3,0.0
M1-Clemastine,708.2,0.0,0.0,3,0.0
M1-Clemastine,708.4,0.0,0.0,3,0.0
M1-Clemastine,708.6,0.0,0.0,3,0.0
M1-Clemastine,708.8,0.0,0.0,3,0.0
M1-Clemastine,709.0,0.0,0.0,3,0.0
M1-Clemastine,709.2,0.0,0.0,3,0.0
M1-Clemastine,709.4,0.0,0.0,3,0.0
M1-Clemastine,709.6,0.0,0.0,3,0.0
M1-Clemastine,709.8,0.0,0.0,3,0.0
M1-Clemastine,710.0,0.0,0.0,3,0.0
M1-Clemastine,710.2,0.0,0.0,3,0.0
M1-Clemastine,710.4,0.0,0.0,3,0.0
M1-Clemastine,710.6,0.0,0.0,3,0.0
M1-Clemastine,710.8,0.0,0.0,3,0.0
M1-Clemastine,711.0,0.0,0.0,3,0.0
M1-Clemastine,711.2,0.0,0.0,3,0.0
M1-Clemastine,711.4,0.0,0.0,3,0.0
M1-Clemastine,711.6,0.0,0.0,3,0.0
M1-Clemastine,711.8,0.0,0.0,3,0.0
M1-Clemastine,712.0,0.0,0.0,3,0.0
M1-Clemastine,712.2,0.0,0.0,3,0.0
M1-Clemastine,712.4,0.0,0.0,3,0.0
M1-Clemastine,712.6,0.0,0.0,3,0.0
M1-Clemastine,712.8,0.0,0.0,3,0.0
M1-Clemastine,713.0,0.0,0.0,3,0.0
M1-Clemastine,713.2,0.0,0.0,3,0.0
M1-Clemastine,713.4,0.0,0.0,3,0.0
M1-Clemastine,713.6,0.0,0.0,3,0.0
M1-Clemastine,713.8,0.0,0.0,3,0.0
M1-Clemastine,714.0,0.0,0.0,3,0.0
M1-Clemastine,714.2,0.0,0.0,3,0.0
M1-Clemastine,714.4,0.0,0.0,3,0.0
M1-Clemastine,714.6,0.0,0.0,3,0.0
M1-Clemastine,714.8,0.0,0.0,3,0.0
M1-Clemastine,715.0,0.0,0.0,3,0.0
M1-Clemastine,715.2,0.0,0.0,3,0.0
M1-Clemastine,715.4,0.0,0.0,3,0.0
M1-Clemastine,715.6,0.0,0.0,3,0.0
M1-Clemastine,715.8,0.0,0.0,3,0.0
M1-Clemastine,716.0,0.0,0.0,3,0.0
M1-Clemastine,716.2,0.0,0.0,3,0.0
M1-Clemastine,716.4,0.0,0.0,3,0.0
M1-Clemastine,716.6,0.0,0.0,3,0.0
M1-Clemastine,716.8,0.0,0.0,3,0.0
M1-Clemastine,717.0,0.0,0.0,3,0.0
M1-Clemastine,717.2,0.0,0.0,3,0.0
M1-Clemastine,717.4,0.0,0.0,3,0.0
M1-Clemastine,717.6,0.0,0.0,3,0.0
M1-Clemastine,717.8,0.0,0.0,3,0.0
M1-Clemastine,718.0,0.0,0.0,3,0.0
M1-Clemastine,718.2,0.0,0.0,3,0.0
M1-Clemastine,718.4,0.0,0.0,3,0.0
M1-Clemastine,718.6,0.0,0.0,3,0.0
M1-Clemastine,718.8,0.0,0.0,3,0.0
M1-Clemastine,719.0,0.0,0.0,3,0.0
M1-Clemastine,719.2,0.0,0.0,3,0.0
M1-Clemastine,719.4,0.0,0.0,3,0.0
M1-Clemastine,719.6,0.0,0.0,3,0.0
M1-Clemastine,719.8,0.0,0.0,3,0.0
M1-Clemastine,720.0,0.0,0.0,3,0.0
M1-Clemastine,720.2,0.0,0.0,3,0.0
M1-Clemastine,720.4,0.0,0.0,3,0.0
M1-Clemastine,720.6,0.0,0.0,3,0.0
M1-Clemastine,720.8,0.0,0.0,3,0.0
M1-Clemastine,721.0,0.0,0.0,3,0.0
M1-Clemastine,721.2,0.0,0.0,3,0.0
M1-Clemastine,721.4,0.0,0.0,3,0.0
M1-Clemastine,721.6,0.0,0.0,3,0.0
M1-Clemastine,721.8,0.0,0.0,3,0.0
M1-Clemastine,722.0,0.0,0.0,3,0.0
M1-Clemastine,722.2,0.0,0.0,3,0.0
M1-Clemastine,722.4,0.0,0.0,3,0.0
M1-Clemastine,722.6,0.0,0.0,3,0.0
M1-Clemastine,722.8,0.0,0.0,3,0.0
M1-Clemastine,723.0,0.0,0.0,3,0.0
M1-Clemastine,723.2,0.0,0.0,3,0.0
M1-Clemastine,723.4,0.0,0.0,3,0.0
M1-Clemastine,723.6,0.0,0.0,3,0.0
M1-Clemastine,723.8,0.0,0.0,3,0.0
M1-Clemastine,724.0,0.0,0.0,3,0.0
M1-Clemastine,724.2,0.0,0.0,3,0.0
M1-Clemastine,724.4,0.0,0.0,3,0.0
M1-Clemastine,724.6,0.0,0.0,3,0.0
M1-Clemastine,724.8,0.0,0.0,3,0.0
M1-Clemastine,725.0,0.0,0.0,3,0.0
M1-Clemastine,725.2,0.0,0.0,3,0.0
M1-Clemastine,725.4,0.0,0.0,3,0.0
M1-Clemastine,725.6,0.0,0.0,3,0.0
M1-Clemastine,725.8,0.0,0.0,3,0.0
M1-Clemastine,726.0,0.0,0.0,3,0.0
M1-Clemastine,726.2,0.0,0.0,3,0.0
M1-Clemastine,726.4,0.0,0.0,3,0.0
M1-Clemastine,726.6,0.0,0.0,3,0.0
M1-Clemastine,726.8,0.0,0.0,3,0.0
M1-Clemastine,727.0,0.0,0.0,3,0.0
M1-Clemastine,727.2,0.0,0.0,3,0.0
M1-Clemastine,727.4,0.0,0.0,3,0.0
M1-Clemastine,727.6,0.0,0.0,3,0.0
M1-Clemastine,727.8,0.0,0.0,3,0.0
M1-Clemastine,728.0,0.0,0.0,3,0.0
M1-Clemastine,728.2,0.0,0.0,3,0.0
M1-Clemastine,728.4,0.0,0.0,3,0.0
M1-Clemastine,728.6,0.0,0.0,3,0.0
M1-Clemastine,728.8,0.0,0.0,3,0.0
M1-Clemastine,729.0,0.0,0.0,3,0.0
M1-Clemastine,729.2,0.0,0.0,3,0.0
M1-Clemastine,729.4,0.0,0.0,3,0.0
M1-Clemastine,729.6,0.0,0.0,3,0.0
M1-Clemastine,729.8,0.0,0.0,3,0.0
M1-Clemastine,730.0,0.0,0.0,3,0.0
M1-Clemastine,730.2,0.0,0.0,3,0.0
M1-Clemastine,730.4,0.0,0.0,3,0.0
M1-Clemastine,730.6,0.0,0.0,3,0.0
M1-Clemastine,730.8,0.0,0.0,3,0.0
M1-Clemastine,731.0,0.0,0.0,3,0.0
M1-Clemastine,731.2,0.0,0.0,3,0.0
M1-Clemastine,731.4,0.0,0.0,3,0.0
M1-Clemastine,731.6,0.0,0.0,3,0.0
M1-Clemastine,731.8,0.0,0.0,3,0.0
M1-Clemastine,732.0,0.0,0.0,3,0.0
M1-Clemastine,732.2,0.0,0.0,3,0.0
M1-Clemastine,732.4,0.0,0.0,3,0.0
M1-Clemastine,732.6,0.0,0.0,3,0.0
M1-Clemastine,732.8,0.0,0.0,3,0.0
M1-Clemastine,733.0,0.0,0.0,3,0.0
M1-Clemastine,733.2,0.0,0.0,3,0.0
M1-Clemastine,733.4,0.0,0.0,3,0.0
M1-Clemastine,733.6,0.0,0.0,3,0.0
M1-Clemastine,733.8,0.0,0.0,3,0.0
M1-Clemastine,734.0,0.0,0.0,3,0.0
M1-Clemastine,734.2,0.0,0.0,3,0.0
M1-Clemastine,734.4,0.0,0.0,3,0.0
M1-Clemastine,734.6,0.0,0.0,3,0.0
M1-Clemastine,734.8,0.0,0.0,3,0.0
M1-Clemastine,735.0,0.0,0.0,3,0.0
M1-Clemastine,735.2,0.0,0.0,3,0.0
M1-Clemastine,735.4,0.0,0.0,3,0.0
M1-Clemastine,735.6,0.0,0.0,3,0.0
M1-Clemastine,735.8,0.0,0.0,3,0.0
M1-Clemastine,736.0,0.0,0.0,3,0.0
M1-Clemastine,736.2,0.0,0.0,3,0.0
M1-Clemastine,736.4,0.0,0.0,3,0.0
M1-Clemastine,736.6,0.0,0.0,3,0.0
M1-Clemastine,736.8,0.0,0.0,3,0.0
M1-Clemastine,737.0,0.0,0.0,3,0.0
M1-Clemastine,737.2,0.0,0.0,3,0.0
M1-Clemastine,737.4,0.0,0.0,3,0.0
M1-Clemastine,737.6,0.0,0.0,3,0.0
M1-Clemastine,737.8,0.0,0.0,3,0.0
M1-Clemastine,738.0,0.0,0.0,3,0.0
M1-Clemastine,738.2,0.0,0.0,3,0.0
M1-Clemastine,738.4,0.0,0.0,3,0.0
M1-Clemastine,738.6,0.0,0.0,3,0.0
M1-Clemastine,738.8,0.0,0.0,3,0.0
M1-Clemastine,739.0,0.0,0.0,3,0.0
M1-Clemastine,739.2,0.0,0.0,3,0.0
M1-Clemastine,739.4,0.0,0.0,3,0.0
M1-Clemastine,739.6,0.0,0.0,3,0.0
M1-Clemastine,739.8,0.0,0.0,3,0.0
M1-Clemastine,740.0,0.0,0.0,3,0.0
M1-Clemastine,740.2,0.0,0.0,3,0.0
M1-Clemastine,740.4,0.0,0.0,3,0.0
M1-Clemastine,740.6,0.0,0.0,3,0.0
M1-Clemastine,740.8,0.0,0.0,3,0.0
M1-Clemastine,741.0,0.0,0.0,3,0.0
M1-Clemastine,741.2,0.0,0.0,3,0.0
M1-Clemastine,741.4,0.0,0.0,3,0.0
M1-Clemastine,741.6,0.0,0.0,3,0.0
M1-Clemastine,741.8,0.0,0.0,3,0.0
M1-Clemastine,742.0,0.0,0.0,3,0.0
M1-Clemastine,742.2,0.0,0.0,3,0.0
M1-Clemastine,742.4,0.0,0.0,3,0.0
M1-Clemastine,742.6,0.0,0.0,3,0.0
M1-Clemastine,742.8,0.0,0.0,3,0.0
M1-Clemastine,743.0,0.0,0.0,3,0.0
M1-Clemastine,743.2,0.0,0.0,3,0.0
M1-Clemastine,743.4,0.0,0.0,3,0.0
M1-Clemastine,743.6,0.0,0.0,3,0.0
M1-Clemastine,743.8,0.0,0.0,3,0.0
M1-Clemastine,744.0,0.0,0.0,3,0.0
M1-Clemastine,744.2,0.0,0.0,3,0.0
M1-Clemastine,744.4,0.0,0.0,3,0.0
M1-Clemastine,744.6,0.0,0.0,3,0.0
M1-Clemastine,744.8,0.0,0.0,3,0.0
M1-Clemastine,745.0,0.0,0.0,3,0.0
M1-Clemastine,745.2,0.0,0.0,3,0.0
M1-Clemastine,745.4,0.0,0.0,3,0.0
M1-Clemastine,745.6,0.0,0.0,3,0.0
M1-Clemastine,745.8,0.0,0.0,3,0.0
M1-Clemastine,746.0,0.0,0.0,3,0.0
M1-Clemastine,746.2,0.0,0.0,3,0.0
M1-Clemastine,746.4,0.0,0.0,3,0.0
M1-Clemastine,746.6,0.0,0.0,3,0.0
M1-Clemastine,746.8,0.0,0.0,3,0.0
M1-Clemastine,747.0,0.0,0.0,3,0.0
M1-Clemastine,747.2,0.0,0.0,3,0.0
M1-Clemastine,747.4,0.0,0.0,3,0.0
M1-Clemastine,747.6,0.0,0.0,3,0.0
M1-Clemastine,747.8,0.0,0.0,3,0.0
M1-Clemastine,748.0,0.0,0.0,3,0.0
M1-Clemastine,748.2,0.0,0.0,3,0.0
M1-Clemastine,748.4,0.0,0.0,3,0.0
M1-Clemastine,748.6,0.0,0.0,3,0.0
M1-Clemastine,748.8,0.0,0.0,3,0.0
M1-Clemastine,749.0,0.0,0.0,3,0.0
M1-Clemastine,749.2,0.0,0.0,3,0.0
M1-Clemastine,749.4,0.0,0.0,3,0.0
M1-Clemastine,749.6,0.0,0.0,3,0.0
M1-Clemastine,749.8,0.0,0.0,3,0.0
M1-Clemastine,750.0,0.0,0.0,3,0.0
M1-Clemastine,750.2,0.0,0.0,3,0.0
M1-Clemastine,750.4,0.0,0.0,3,0.0
M1-Clemastine,750.6,0.0,0.0,3,0.0
M1-Clemastine,750.8,0.0,0.0,3,0.0
M1-Clemastine,751.0,0.0,0.0,3,0.0
M1-Clemastine,751.2,0.0,0.0,3,0.0
M1-Clemastine,751.4,0.0,0.0,3,0.0
M1-Clemastine,751.6,0.0,0.0,3,0.0
M1-Clemastine,751.8,0.0,0.0,3,0.0
M1-Clemastine,752.0,0.0,0.0,3,0.0
M1-Clemastine,752.2,0.0,0.0,3,0.0
M1-Clemastine,752.4,0.0,0.0,3,0.0
M1-Clemastine,752.6,0.0,0.0,3,0.0
M1-Clemastine,752.8,0.0,0.0,3,0.0
M1-Clemastine,753.0,0.0,0.0,3,0.0
M1-Clemastine,753.2,0.0,0.0,3,0.0
M1-Clemastine,753.4,0.0,0.0,3,0.0
M1-Clemastine,753.6,0.0,0.0,3,0.0
M1-Clemastine,753.8,0.0,0.0,3,0.0
M1-Clemastine,754.0,0.0,0.0,3,0.0
M1-Clemastine,754.2,0.0,0.0,3,0.0
M1-Clemastine,754.4,0.0,0.0,3,0.0
M1-Clemastine,754.6,0.0,0.0,3,0.0
M1-Clemastine,754.8,0.0,0.0,3,0.0
M1-Clemastine,755.0,0.0,0.0,3,0.0
M1-Clemastine,755.2,0.0,0.0,3,0.0
M1-Clemastine,755.4,0.0,0.0,3,0.0
M1-Clemastine,755.6,0.0,0.0,3,0.0
M1-Clemastine,755.8,0.0,0.0,3,0.0
M1-Clemastine,756.0,0.0,0.0,3,0.0
M1-Clemastine,756.2,0.0,0.0,3,0.0
M1-Clemastine,756.4,0.0,0.0,3,0.0
M1-Clemastine,756.6,0.0,0.0,3,0.0
M1-Clemastine,756.8,0.0,0.0,3,0.0
M1-Clemastine,757.0,0.0,0.0,3,0.0
M1-Clemastine,757.2,0.0,0.0,3,0.0
M1-Clemastine,757.4,0.0,0.0,3,0.0
M1-Clemastine,757.6,0.0,0.0,3,0.0
M1-Clemastine,757.8,0.0,0.0,3,0.0
M1-Clemastine,758.0,0.0,0.0,3,0.0
M1-Clemastine,758.2,0.0,0.0,3,0.0
M1-Clemastine,758.4,0.0,0.0,3,0.0
M1-Clemastine,758.6,0.0,0.0,3,0.0
M1-Clemastine,758.8,0.0,0.0,3,0.0
M1-Clemastine,759.0,0.0,0.0,3,0.0
M1-Clemastine,759.2,0.0,0.0,3,0.0
M1-Clemastine,759.4,0.0,0.0,3,0.0
M1-Clemastine,759.6,0.0,0.0,3,0.0
M1-Clemastine,759.8,0.0,0.0,3,0.0
M1-Clemastine,760.0,0.0,0.0,3,0.0
M1-Clemastine,760.2,0.0,0.0,3,0.0
M1-Clemastine,760.4,0.0,0.0,3,0.0
M1-Clemastine,760.6,0.0,0.0,3,0.0
M1-Clemastine,760.8,0.0,0.0,3,0.0
M1-Clemastine,761.0,0.0,0.0,3,0.0
M1-Clemastine,761.2,0.0,0.0,3,0.0
M1-Clemastine,761.4,0.0,0.0,3,0.0
M1-Clemastine,761.6,0.0,0.0,3,0.0
M1-Clemastine,761.8,0.0,0.0,3,0.0
M1-Clemastine,762.0,0.0,0.0,3,0.0
M1-Clemastine,762.2,0.0,0.0,3,0.0
M1-Clemastine,762.4,0.0,0.0,3,0.0
M1-Clemastine,762.6,0.0,0.0,3,0.0
M1-Clemastine,762.8,0.0,0.0,3,0.0
M1-Clemastine,763.0,0.0,0.0,3,0.0
M1-Clemastine,763.2,0.0,0.0,3,0.0
M1-Clemastine,763.4,0.0,0.0,3,0.0
M1-Clemastine,763.6,0.0,0.0,3,0.0
M1-Clemastine,763.8,0.0,0.0,3,0.0
M1-Clemastine,764.0,0.0,0.0,3,0.0
M1-Clemastine,764.2,0.0,0.0,3,0.0
M1-Clemastine,764.4,0.0,0.0,3,0.0
M1-Clemastine,764.6,0.0,0.0,3,0.0
M1-Clemastine,764.8,0.0,0.0,3,0.0
M1-Clemastine,765.0,0.0,0.0,3,0.0
M1-Clemastine,765.2,0.0,0.0,3,0.0
M1-Clemastine,765.4,0.0,0.0,3,0.0
M1-Clemastine,765.6,0.0,0.0,3,0.0
M1-Clemastine,765.8,0.0,0.0,3,0.0
M1-Clemastine,766.0,0.0,0.0,3,0.0
M1-Clemastine,766.2,0.0,0.0,3,0.0
M1-Clemastine,766.4,0.0,0.0,3,0.0
M1-Clemastine,766.6,0.0,0.0,3,0.0
M1-Clemastine,766.8,0.0,0.0,3,0.0
M1-Clemastine,767.0,0.0,0.0,3,0.0
M1-Clemastine,767.2,0.0,0.0,3,0.0
M1-Clemastine,767.4,0.0,0.0,3,0.0
M1-Clemastine,767.6,0.0,0.0,3,0.0
M1-Clemastine,767.8,0.0,0.0,3,0.0
M1-Clemastine,768.0,0.0,0.0,3,0.0
M1-Clemastine,768.2,0.0,0.0,3,0.0
M1-Clemastine,768.4,0.0,0.0,3,0.0
M1-Clemastine,768.6,0.0,0.0,3,0.0
M1-Clemastine,768.8,0.0,0.0,3,0.0
M1-Clemastine,769.0,0.0,0.0,3,0.0
M1-Clemastine,769.2,0.0,0.0,3,0.0
M1-Clemastine,769.4,0.0,0.0,3,0.0
M1-Clemastine,769.6,0.0,0.0,3,0.0
M1-Clemastine,769.8,0.0,0.0,3,0.0
M1-Clemastine,770.0,0.0,0.0,3,0.0
M1-Clemastine,770.2,0.0,0.0,3,0.0
M1-Clemastine,770.4,0.0,0.0,3,0.0
M1-Clemastine,770.6,0.0,0.0,3,0.0
M1-Clemastine,770.8,0.0,0.0,3,0.0
M1-Clemastine,771.0,0.0,0.0,3,0.0
M1-Clemastine,771.2,0.0,0.0,3,0.0
M1-Clemastine,771.4,0.0,0.0,3,0.0
M1-Clemastine,771.6,0.0,0.0,3,0.0
M1-Clemastine,771.8,0.0,0.0,3,0.0
M1-Clemastine,772.0,0.0,0.0,3,0.0
M1-Clemastine,772.2,0.0,0.0,3,0.0
M1-Clemastine,772.4,0.0,0.0,3,0.0
M1-Clemastine,772.6,0.0,0.0,3,0.0
M1-Clemastine,772.8,0.0,0.0,3,0.0
M1-Clemastine,773.0,0.0,0.0,3,0.0
M1-Clemastine,773.2,0.0,0.0,3,0.0
M1-Clemastine,773.4,0.0,0.0,3,0.0
M1-Clemastine,773.6,0.0,0.0,3,0.0
M1-Clemastine,773.8,0.0,0.0,3,0.0
M1-Clemastine,774.0,0.0,0.0,3,0.0
M1-Clemastine,774.2,0.0,0.0,3,0.0
M1-Clemastine,774.4,0.0,0.0,3,0.0
M1-Clemastine,774.6,0.0,0.0,3,0.0
M1-Clemastine,774.8,0.0,0.0,3,0.0
M1-Clemastine,775.0,0.0,0.0,3,0.0
M1-Clemastine,775.2,0.0,0.0,3,0.0
M1-Clemastine,775.4,0.0,0.0,3,0.0
M1-Clemastine,775.6,0.0,0.0,3,0.0
M1-Clemastine,775.8,0.0,0.0,3,0.0
M1-Clemastine,776.0,0.0,0.0,3,0.0
M1-Clemastine,776.2,0.0,0.0,3,0.0
M1-Clemastine,776.4,0.0,0.0,3,0.0
M1-Clemastine,776.6,0.0,0.0,3,0.0
M1-Clemastine,776.8,0.0,0.0,3,0.0
M1-Clemastine,777.0,0.0,0.0,3,0.0
M1-Clemastine,777.2,0.0,0.0,3,0.0
M1-Clemastine,777.4,0.0,0.0,3,0.0
M1-Clemastine,777.6,0.0,0.0,3,0.0
M1-Clemastine,777.8,0.0,0.0,3,0.0
M1-Clemastine,778.0,0.0,0.0,3,0.0
M1-Clemastine,778.2,0.0,0.0,3,0.0
M1-Clemastine,778.4,0.0,0.0,3,0.0
M1-Clemastine,778.6,0.0,0.0,3,0.0
M1-Clemastine,778.8,0.0,0.0,3,0.0
M1-Clemastine,779.0,0.0,0.0,3,0.0
M1-Clemastine,779.2,0.0,0.0,3,0.0
M1-Clemastine,779.4,0.0,0.0,3,0.0
M1-Clemastine,779.6,0.0,0.0,3,0.0
M1-Clemastine,779.8,0.0,0.0,3,0.0
M1-Clemastine,780.0,0.0,0.0,3,0.0
M1-Clemastine,780.2,0.0,0.0,3,0.0
M1-Clemastine,780.4,0.0,0.0,3,0.0
M1-Clemastine,780.6,0.0,0.0,3,0.0
M1-Clemastine,780.8,0.0,0.0,3,0.0
M1-Clemastine,781.0,0.0,0.0,3,0.0
M1-Clemastine,781.2,0.0,0.0,3,0.0
M1-Clemastine,781.4,0.0,0.0,3,0.0
M1-Clemastine,781.6,0.0,0.0,3,0.0
M1-Clemastine,781.8,0.0,0.0,3,0.0
M1-Clemastine,782.0,0.0,0.0,3,0.0
M1-Clemastine,782.2,0.0,0.0,3,0.0
M1-Clemastine,782.4,0.0,0.0,3,0.0
M1-Clemastine,782.6,0.0,0.0,3,0.0
M1-Clemastine,782.8,0.0,0.0,3,0.0
M1-Clemastine,783.0,0.0,0.0,3,0.0
M1-Clemastine,783.2,0.0,0.0,3,0.0
M1-Clemastine,783.4,0.0,0.0,3,0.0
M1-Clemastine,783.6,0.0,0.0,3,0.0
M1-Clemastine,783.8,0.0,0.0,3,0.0
M1-Clemastine,784.0,0.0,0.0,3,0.0
M1-Clemastine,784.2,0.0,0.0,3,0.0
M1-Clemastine,784.4,0.0,0.0,3,0.0
M1-Clemastine,784.6,0.0,0.0,3,0.0
M1-Clemastine,784.8,0.0,0.0,3,0.0
M1-Clemastine,785.0,0.0,0.0,3,0.0
M1-Clemastine,785.2,0.0,0.0,3,0.0
M1-Clemastine,785.4,0.0,0.0,3,0.0
M1-Clemastine,785.6,0.0,0.0,3,0.0
M1-Clemastine,785.8,0.0,0.0,3,0.0
M1-Clemastine,786.0,0.0,0.0,3,0.0
M1-Clemastine,786.2,0.0,0.0,3,0.0
M1-Clemastine,786.4,0.0,0.0,3,0.0
M1-Clemastine,786.6,0.0,0.0,3,0.0
M1-Clemastine,786.8,0.0,0.0,3,0.0
M1-Clemastine,787.0,0.0,0.0,3,0.0
M1-Clemastine,787.2,0.0,0.0,3,0.0
M1-Clemastine,787.4,0.0,0.0,3,0.0
M1-Clemastine,787.6,0.0,0.0,3,0.0
M1-Clemastine,787.8,0.0,0.0,3,0.0
M1-Clemastine,788.0,0.0,0.0,3,0.0
M1-Clemastine,788.2,0.0,0.0,3,0.0
M1-Clemastine,788.4,0.0,0.0,3,0.0
M1-Clemastine,788.6,0.0,0.0,3,0.0
M1-Clemastine,788.8,0.0,0.0,3,0.0
M1-Clemastine,789.0,0.0,0.0,3,0.0
M1-Clemastine,789.2,0.0,0.0,3,0.0
M1-Clemastine,789.4,0.0,0.0,3,0.0
M1-Clemastine,789.6,0.0,0.0,3,0.0
M1-Clemastine,789.8,0.0,0.0,3,0.0
M1-Clemastine,790.0,0.0,0.0,3,0.0
M1-Clemastine,790.2,0.0,0.0,3,0.0
M1-Clemastine,790.4,0.0,0.0,3,0.0
M1-Clemastine,790.6,0.0,0.0,3,0.0
M1-Clemastine,790.8,0.0,0.0,3,0.0
M1-Clemastine,791.0,0.0,0.0,3,0.0
M1-Clemastine,791.2,0.0,0.0,3,0.0
M1-Clemastine,791.4,0.0,0.0,3,0.0
M1-Clemastine,791.6,0.0,0.0,3,0.0
M1-Clemastine,791.8,0.0,0.0,3,0.0
M1-Clemastine,792.0,0.0,0.0,3,0.0
M1-Clemastine,792.2,0.0,0.0,3,0.0
M1-Clemastine,792.4,0.0,0.0,3,0.0
M1-Clemastine,792.6,0.0,0.0,3,0.0
M1-Clemastine,792.8,0.0,0.0,3,0.0
M1-Clemastine,793.0,0.0,0.0,3,0.0
M1-Clemastine,793.2,0.0,0.0,3,0.0
M1-Clemastine,793.4,0.0,0.0,3,0.0
M1-Clemastine,793.6,0.0,0.0,3,0.0
M1-Clemastine,793.8,0.0,0.0,3,0.0
M1-Clemastine,794.0,0.0,0.0,3,0.0
M1-Clemastine,794.2,0.0,0.0,3,0.0
M1-Clemastine,794.4,0.0,0.0,3,0.0
M1-Clemastine,794.6,0.0,0.0,3,0.0
M1-Clemastine,794.8,0.0,0.0,3,0.0
M1-Clemastine,795.0,0.0,0.0,3,0.0
M1-Clemastine,795.2,0.0,0.0,3,0.0
M1-Clemastine,795.4,0.0,0.0,3,0.0
M1-Clemastine,795.6,0.0,0.0,3,0.0
M1-Clemastine,795.8,0.0,0.0,3,0.0
M1-Clemastine,796.0,0.0,0.0,3,0.0
M1-Clemastine,796.2,0.0,0.0,3,0.0
M1-Clemastine,796.4,0.0,0.0,3,0.0
M1-Clemastine,796.6,0.0,0.0,3,0.0
M1-Clemastine,796.8,0.0,0.0,3,0.0
M1-Clemastine,797.0,0.0,0.0,3,0.0
M1-Clemastine,797.2,0.0,0.0,3,0.0
M1-Clemastine,797.4,0.0,0.0,3,0.0
M1-Clemastine,797.6,0.0,0.0,3,0.0
M1-Clemastine,797.8,0.0,0.0,3,0.0
M1-Clemastine,798.0,0.0,0.0,3,0.0
M1-Clemastine,798.2,0.0,0.0,3,0.0
M1-Clemastine,798.4,0.0,0.0,3,0.0
M1-Clemastine,798.6,0.0,0.0,3,0.0
M1-Clemastine,798.8,0.0,0.0,3,0.0
M1-Clemastine,799.0,0.0,0.0,3,0.0
M1-Clemastine,799.2,0.0,0.0,3,0.0
M1-Clemastine,799.4,0.0,0.0,3,0.0
M1-Clemastine,799.6,0.0,0.0,3,0.0
M1-Clemastine,799.8,0.0,0.0,3,0.0
M1-Clemastine,800.0,0.0,0.0,3,0.0
M1-Clemastine,800.2,0.0,0.0,3,0.0
M1-Clemastine,800.4,0.0,0.0,3,0.0
M1-Clemastine,800.6,0.0,0.0,3,0.0
M1-Clemastine,800.8,0.0,0.0,3,0.0
M1-Clemastine,801.0,0.0,0.0,3,0.0
M1-Clemastine,801.2,0.0,0.0,3,0.0
M1-Clemastine,801.4,0.0,0.0,3,0.0
M1-Clemastine,801.6,0.0,0.0,3,0.0
M1-Clemastine,801.8,0.0,0.0,3,0.0
M1-Clemastine,802.0,0.0,0.0,3,0.0
M1-Clemastine,802.2,0.0,0.0,3,0.0
M1-Clemastine,802.4,0.0,0.0,3,0.0
M1-Clemastine,802.6,0.0,0.0,3,0.0
M1-Clemastine,802.8,0.0,0.0,3,0.0
M1-Clemastine,803.0,0.0,0.0,3,0.0
M1-Clemastine,803.2,0.0,0.0,3,0.0
M1-Clemastine,803.4,0.0,0.0,3,0.0
M1-Clemastine,803.6,0.0,0.0,3,0.0
M1-Clemastine,803.8,0.0,0.0,3,0.0
M1-Clemastine,804.0,0.0,0.0,3,0.0
M1-Clemastine,804.2,0.0,0.0,3,0.0
M1-Clemastine,804.4,0.0,0.0,3,0.0
M1-Clemastine,804.6,0.0,0.0,3,0.0
M1-Clemastine,804.8,0.0,0.0,3,0.0
M1-Clemastine,805.0,0.0,0.0,3,0.0
M1-Clemastine,805.2,0.0,0.0,3,0.0
M1-Clemastine,805.4,0.0,0.0,3,0.0
M1-Clemastine,805.6,0.0,0.0,3,0.0
M1-Clemastine,805.8,0.0,0.0,3,0.0
M1-Clemastine,806.0,0.0,0.0,3,0.0
M1-Clemastine,806.2,0.0,0.0,3,0.0
M1-Clemastine,806.4,0.0,0.0,3,0.0
M1-Clemastine,806.6,0.0,0.0,3,0.0
M1-Clemastine,806.8,0.0,0.0,3,0.0
M1-Clemastine,807.0,0.0,0.0,3,0.0
M1-Clemastine,807.2,0.0,0.0,3,0.0
M1-Clemastine,807.4,0.0,0.0,3,0.0
M1-Clemastine,807.6,0.0,0.0,3,0.0
M1-Clemastine,807.8,0.0,0.0,3,0.0
M1-Clemastine,808.0,0.0,0.0,3,0.0
M1-Clemastine,808.2,0.0,0.0,3,0.0
M1-Clemastine,808.4,0.0,0.0,3,0.0
M1-Clemastine,808.6,0.0,0.0,3,0.0
M1-Clemastine,808.8,0.0,0.0,3,0.0
M1-Clemastine,809.0,0.0,0.0,3,0.0
M1-Clemastine,809.2,0.0,0.0,3,0.0
M1-Clemastine,809.4,0.0,0.0,3,0.0
M1-Clemastine,809.6,0.0,0.0,3,0.0
M1-Clemastine,809.8,0.0,0.0,3,0.0
M1-Clemastine,810.0,0.0,0.0,3,0.0
M1-Clemastine,810.2,0.0,0.0,3,0.0
M1-Clemastine,810.4,0.0,0.0,3,0.0
M1-Clemastine,810.6,0.0,0.0,3,0.0
M1-Clemastine,810.8,0.0,0.0,3,0.0
M1-Clemastine,811.0,0.0,0.0,3,0.0
M1-Clemastine,811.2,0.0,0.0,3,0.0
M1-Clemastine,811.4,0.0,0.0,3,0.0
M1-Clemastine,811.6,0.0,0.0,3,0.0
M1-Clemastine,811.8,0.0,0.0,3,0.0
M1-Clemastine,812.0,0.0,0.0,3,0.0
M1-Clemastine,812.2,0.0,0.0,3,0.0
M1-Clemastine,812.4,0.0,0.0,3,0.0
M1-Clemastine,812.6,0.0,0.0,3,0.0
M1-Clemastine,812.8,0.0,0.0,3,0.0
M1-Clemastine,813.0,0.0,0.0,3,0.0
M1-Clemastine,813.2,0.0,0.0,3,0.0
M1-Clemastine,813.4,0.0,0.0,3,0.0
M1-Clemastine,813.6,0.0,0.0,3,0.0
M1-Clemastine,813.8,0.0,0.0,3,0.0
M1-Clemastine,814.0,0.0,0.0,3,0.0
M1-Clemastine,814.2,0.0,0.0,3,0.0
M1-Clemastine,814.4,0.0,0.0,3,0.0
M1-Clemastine,814.6,0.0,0.0,3,0.0
M1-Clemastine,814.8,0.0,0.0,3,0.0
M1-Clemastine,815.0,0.0,0.0,3,0.0
M1-Clemastine,815.2,0.0,0.0,3,0.0
M1-Clemastine,815.4,0.0,0.0,3,0.0
M1-Clemastine,815.6,0.0,0.0,3,0.0
M1-Clemastine,815.8,0.0,0.0,3,0.0
M1-Clemastine,816.0,0.0,0.0,3,0.0
M1-Clemastine,816.2,0.0,0.0,3,0.0
M1-Clemastine,816.4,0.0,0.0,3,0.0
M1-Clemastine,816.6,0.0,0.0,3,0.0
M1-Clemastine,816.8,0.0,0.0,3,0.0
M1-Clemastine,817.0,0.0,0.0,3,0.0
M1-Clemastine,817.2,0.0,0.0,3,0.0
M1-Clemastine,817.4,0.0,0.0,3,0.0
M1-Clemastine,817.6,0.0,0.0,3,0.0
M1-Clemastine,817.8,0.0,0.0,3,0.0
M1-Clemastine,818.0,0.0,0.0,3,0.0
M1-Clemastine,818.2,0.0,0.0,3,0.0
M1-Clemastine,818.4,0.0,0.0,3,0.0
M1-Clemastine,818.6,0.0,0.0,3,0.0
M1-Clemastine,818.8,0.0,0.0,3,0.0
M1-Clemastine,819.0,0.0,0.0,3,0.0
M1-Clemastine,819.2,0.0,0.0,3,0.0
M1-Clemastine,819.4,0.0,0.0,3,0.0
M1-Clemastine,819.6,0.0,0.0,3,0.0
M1-Clemastine,819.8,0.0,0.0,3,0.0
M1-Clemastine,820.0,0.0,0.0,3,0.0
M1-Clemastine,820.2,0.0,0.0,3,0.0
M1-Clemastine,820.4,0.0,0.0,3,0.0
M1-Clemastine,820.6,0.0,0.0,3,0.0
M1-Clemastine,820.8,0.0,0.0,3,0.0
M1-Clemastine,821.0,0.0,0.0,3,0.0
M1-Clemastine,821.2,0.0,0.0,3,0.0
M1-Clemastine,821.4,0.0,0.0,3,0.0
M1-Clemastine,821.6,0.0,0.0,3,0.0
M1-Clemastine,821.8,0.0,0.0,3,0.0
M1-Clemastine,822.0,0.0,0.0,3,0.0
M1-Clemastine,822.2,0.0,0.0,3,0.0
M1-Clemastine,822.4,0.0,0.0,3,0.0
M1-Clemastine,822.6,0.0,0.0,3,0.0
M1-Clemastine,822.8,0.0,0.0,3,0.0
M1-Clemastine,823.0,0.0,0.0,3,0.0
M1-Clemastine,823.2,0.0,0.0,3,0.0
M1-Clemastine,823.4,0.0,0.0,3,0.0
M1-Clemastine,823.6,0.0,0.0,3,0.0
M1-Clemastine,823.8,0.0,0.0,3,0.0
M1-Clemastine,824.0,0.0,0.0,3,0.0
M1-Clemastine,824.2,0.0,0.0,3,0.0
M1-Clemastine,824.4,0.0,0.0,3,0.0
M1-Clemastine,824.6,0.0,0.0,3,0.0
M1-Clemastine,824.8,0.0,0.0,3,0.0
M1-Clemastine,825.0,0.0,0.0,3,0.0
M1-Clemastine,825.2,0.0,0.0,3,0.0
M1-Clemastine,825.4,0.0,0.0,3,0.0
M1-Clemastine,825.6,0.0,0.0,3,0.0
M1-Clemastine,825.8,0.0,0.0,3,0.0
M1-Clemastine,826.0,0.0,0.0,3,0.0
M1-Clemastine,826.2,0.0,0.0,3,0.0
M1-Clemastine,826.4,0.0,0.0,3,0.0
M1-Clemastine,826.6,0.0,0.0,3,0.0
M1-Clemastine,826.8,0.0,0.0,3,0.0
M1-Clemastine,827.0,0.0,0.0,3,0.0
M1-Clemastine,827.2,0.0,0.0,3,0.0
M1-Clemastine,827.4,0.0,0.0,3,0.0
M1-Clemastine,827.6,0.0,0.0,3,0.0
M1-Clemastine,827.8,0.0,0.0,3,0.0
M1-Clemastine,828.0,0.0,0.0,3,0.0
M1-Clemastine,828.2,0.0,0.0,3,0.0
M1-Clemastine,828.4,0.0,0.0,3,0.0
M1-Clemastine,828.6,0.0,0.0,3,0.0
M1-Clemastine,828.8,0.0,0.0,3,0.0
M1-Clemastine,829.0,0.0,0.0,3,0.0
M1-Clemastine,829.2,0.0,0.0,3,0.0
M1-Clemastine,829.4,0.0,0.0,3,0.0
M1-Clemastine,829.6,0.0,0.0,3,0.0
M1-Clemastine,829.8,0.0,0.0,3,0.0
M1-Clemastine,830.0,0.0,0.0,3,0.0
M1-Clemastine,830.2,0.0,0.0,3,0.0
M1-Clemastine,830.4,0.0,0.0,3,0.0
M1-Clemastine,830.6,0.0,0.0,3,0.0
M1-Clemastine,830.8,0.0,0.0,3,0.0
M1-Clemastine,831.0,0.0,0.0,3,0.0
M1-Clemastine,831.2,0.0,0.0,3,0.0
M1-Clemastine,831.4,0.0,0.0,3,0.0
M1-Clemastine,831.6,0.0,0.0,3,0.0
M1-Clemastine,831.8,0.0,0.0,3,0.0
M1-Clemastine,832.0,0.0,0.0,3,0.0
M1-Clemastine,832.2,0.0,0.0,3,0.0
M1-Clemastine,832.4,0.0,0.0,3,0.0
M1-Clemastine,832.6,0.0,0.0,3,0.0
M1-Clemastine,832.8,0.0,0.0,3,0.0
M1-Clemastine,833.0,0.0,0.0,3,0.0
M1-Clemastine,833.2,0.0,0.0,3,0.0
M1-Clemastine,833.4,0.0,0.0,3,0.0
M1-Clemastine,833.6,0.0,0.0,3,0.0
M1-Clemastine,833.8,0.0,0.0,3,0.0
M1-Clemastine,834.0,0.0,0.0,3,0.0
M1-Clemastine,834.2,0.0,0.0,3,0.0
M1-Clemastine,834.4,0.0,0.0,3,0.0
M1-Clemastine,834.6,0.0,0.0,3,0.0
M1-Clemastine,834.8,0.0,0.0,3,0.0
M1-Clemastine,835.0,0.0,0.0,3,0.0
M1-Clemastine,835.2,0.0,0.0,3,0.0
M1-Clemastine,835.4,0.0,0.0,3,0.0
M1-Clemastine,835.6,0.0,0.0,3,0.0
M1-Clemastine,835.8,0.0,0.0,3,0.0
M1-Clemastine,836.0,0.0,0.0,3,0.0
M1-Clemastine,836.2,0.0,0.0,3,0.0
M1-Clemastine,836.4,0.0,0.0,3,0.0
M1-Clemastine,836.6,0.0,0.0,3,0.0
M1-Clemastine,836.8,0.0,0.0,3,0.0
M1-Clemastine,837.0,0.0,0.0,3,0.0
M1-Clemastine,837.2,0.0,0.0,3,0.0
M1-Clemastine,837.4,0.0,0.0,3,0.0
M1-Clemastine,837.6,0.0,0.0,3,0.0
M1-Clemastine,837.8,0.0,0.0,3,0.0
M1-Clemastine,838.0,0.0,0.0,3,0.0
M1-Clemastine,838.2,0.0,0.0,3,0.0
M1-Clemastine,838.4,0.0,0.0,3,0.0
M1-Clemastine,838.6,0.0,0.0,3,0.0
M1-Clemastine,838.8,0.0,0.0,3,0.0
M1-Clemastine,839.0,0.0,0.0,3,0.0
M1-Clemastine,839.2,0.0,0.0,3,0.0
M1-Clemastine,839.4,0.0,0.0,3,0.0
M1-Clemastine,839.6,0.0,0.0,3,0.0
M1-Clemastine,839.8,0.0,0.0,3,0.0
M1-Clemastine,840.0,0.0,0.0,3,0.0
M1-Clemastine,840.2,0.0,0.0,3,0.0
M1-Clemastine,840.4,0.0,0.0,3,0.0
M1-Clemastine,840.6,0.0,0.0,3,0.0
M1-Clemastine,840.8,0.0,0.0,3,0.0
M1-Clemastine,841.0,0.0,0.0,3,0.0
M1-Clemastine,841.2,0.0,0.0,3,0.0
M1-Clemastine,841.4,0.0,0.0,3,0.0
M1-Clemastine,841.6,0.0,0.0,3,0.0
M1-Clemastine,841.8,0.0,0.0,3,0.0
M1-Clemastine,842.0,0.0,0.0,3,0.0
M1-Clemastine,842.2,0.0,0.0,3,0.0
M1-Clemastine,842.4,0.0,0.0,3,0.0
M1-Clemastine,842.6,0.0,0.0,3,0.0
M1-Clemastine,842.8,0.0,0.0,3,0.0
M1-Clemastine,843.0,0.0,0.0,3,0.0
M1-Clemastine,843.2,0.0,0.0,3,0.0
M1-Clemastine,843.4,0.0,0.0,3,0.0
M1-Clemastine,843.6,0.0,0.0,3,0.0
M1-Clemastine,843.8,0.0,0.0,3,0.0
M1-Clemastine,844.0,0.0,0.0,3,0.0
M1-Clemastine,844.2,0.0,0.0,3,0.0
M1-Clemastine,844.4,0.0,0.0,3,0.0
M1-Clemastine,844.6,0.0,0.0,3,0.0
M1-Clemastine,844.8,0.0,0.0,3,0.0
M1-Clemastine,845.0,0.0,0.0,3,0.0
M1-Clemastine,845.2,0.0,0.0,3,0.0
M1-Clemastine,845.4,0.0,0.0,3,0.0
M1-Clemastine,845.6,0.0,0.0,3,0.0
M1-Clemastine,845.8,0.0,0.0,3,0.0
M1-Clemastine,846.0,0.0,0.0,3,0.0
M1-Clemastine,846.2,0.0,0.0,3,0.0
M1-Clemastine,846.4,0.0,0.0,3,0.0
M1-Clemastine,846.6,0.0,0.0,3,0.0
M1-Clemastine,846.8,0.0,0.0,3,0.0
M1-Clemastine,847.0,0.0,0.0,3,0.0
M1-Clemastine,847.2,0.0,0.0,3,0.0
M1-Clemastine,847.4,0.0,0.0,3,0.0
M1-Clemastine,847.6,0.0,0.0,3,0.0
M1-Clemastine,847.8,0.0,0.0,3,0.0
M1-Clemastine,848.0,0.0,0.0,3,0.0
M1-Clemastine,848.2,0.0,0.0,3,0.0
M1-Clemastine,848.4,0.0,0.0,3,0.0
M1-Clemastine,848.6,0.0,0.0,3,0.0
M1-Clemastine,848.8,0.0,0.0,3,0.0
M1-Clemastine,849.0,0.0,0.0,3,0.0
M1-Clemastine,849.2,0.0,0.0,3,0.0
M1-Clemastine,849.4,0.0,0.0,3,0.0
M1-Clemastine,849.6,0.0,0.0,3,0.0
M1-Clemastine,849.8,0.0,0.0,3,0.0
M1-Clemastine,850.0,0.0,0.0,3,0.0
M1-Clemastine,850.2,0.0,0.0,3,0.0
M1-Clemastine,850.4,0.0,0.0,3,0.0
M1-Clemastine,850.6,0.0,0.0,3,0.0
M1-Clemastine,850.8,0.0,0.0,3,0.0
M1-Clemastine,851.0,0.0,0.0,3,0.0
M1-Clemastine,851.2,0.0,0.0,3,0.0
M1-Clemastine,851.4,0.0,0.0,3,0.0
M1-Clemastine,851.6,0.0,0.0,3,0.0
M1-Clemastine,851.8,0.0,0.0,3,0.0
M1-Clemastine,852.0,0.0,0.0,3,0.0
M1-Clemastine,852.2,0.0,0.0,3,0.0
M1-Clemastine,852.4,0.0,0.0,3,0.0
M1-Clemastine,852.6,0.0,0.0,3,0.0
M1-Clemastine,852.8,0.0,0.0,3,0.0
M1-Clemastine,853.0,0.0,0.0,3,0.0
M1-Clemastine,853.2,0.0,0.0,3,0.0
M1-Clemastine,853.4,0.0,0.0,3,0.0
M1-Clemastine,853.6,0.0,0.0,3,0.0
M1-Clemastine,853.8,0.0,0.0,3,0.0
M1-Clemastine,854.0,0.0,0.0,3,0.0
M1-Clemastine,854.2,0.0,0.0,3,0.0
M1-Clemastine,854.4,0.0,0.0,3,0.0
M1-Clemastine,854.6,0.0,0.0,3,0.0
M1-Clemastine,854.8,0.0,0.0,3,0.0
M1-Clemastine,855.0,0.0,0.0,3,0.0
M1-Clemastine,855.2,0.0,0.0,3,0.0
M1-Clemastine,855.4,0.0,0.0,3,0.0
M1-Clemastine,855.6,0.0,0.0,3,0.0
M1-Clemastine,855.8,0.0,0.0,3,0.0
M1-Clemastine,856.0,0.0,0.0,3,0.0
M1-Clemastine,856.2,0.0,0.0,3,0.0
M1-Clemastine,856.4,0.0,0.0,3,0.0
M1-Clemastine,856.6,0.0,0.0,3,0.0
M1-Clemastine,856.8,0.0,0.0,3,0.0
M1-Clemastine,857.0,0.0,0.0,3,0.0
M1-Clemastine,857.2,0.0,0.0,3,0.0
M1-Clemastine,857.4,0.0,0.0,3,0.0
M1-Clemastine,857.6,0.0,0.0,3,0.0
M1-Clemastine,857.8,0.0,0.0,3,0.0
M1-Clemastine,858.0,0.0,0.0,3,0.0
M1-Clemastine,858.2,0.0,0.0,3,0.0
M1-Clemastine,858.4,0.0,0.0,3,0.0
M1-Clemastine,858.6,0.0,0.0,3,0.0
M1-Clemastine,858.8,0.0,0.0,3,0.0
M1-Clemastine,859.0,0.0,0.0,3,0.0
M1-Clemastine,859.2,0.0,0.0,3,0.0
M1-Clemastine,859.4,0.0,0.0,3,0.0
M1-Clemastine,859.6,0.0,0.0,3,0.0
M1-Clemastine,859.8,0.0,0.0,3,0.0
M1-Clemastine,860.0,0.0,0.0,3,0.0
M1-Clemastine,860.2,0.0,0.0,3,0.0
M1-Clemastine,860.4,0.0,0.0,3,0.0
M1-Clemastine,860.6,0.0,0.0,3,0.0
M1-Clemastine,860.8,0.0,0.0,3,0.0
M1-Clemastine,861.0,0.0,0.0,3,0.0
M1-Clemastine,861.2,0.0,0.0,3,0.0
M1-Clemastine,861.4,0.0,0.0,3,0.0
M1-Clemastine,861.6,0.0,0.0,3,0.0
M1-Clemastine,861.8,0.0,0.0,3,0.0
M1-Clemastine,862.0,0.0,0.0,3,0.0
M1-Clemastine,862.2,0.0,0.0,3,0.0
M1-Clemastine,862.4,0.0,0.0,3,0.0
M1-Clemastine,862.6,0.0,0.0,3,0.0
M1-Clemastine,862.8,0.0,0.0,3,0.0
M1-Clemastine,863.0,0.0,0.0,3,0.0
M1-Clemastine,863.2,0.0,0.0,3,0.0
M1-Clemastine,863.4,0.0,0.0,3,0.0
M1-Clemastine,863.6,0.0,0.0,3,0.0
M1-Clemastine,863.8,0.0,0.0,3,0.0
M1-Clemastine,864.0,0.0,0.0,3,0.0
M1-Clemastine,864.2,0.0,0.0,3,0.0
M1-Clemastine,864.4,0.0,0.0,3,0.0
M1-Clemastine,864.6,0.0,0.0,3,0.0
M1-Clemastine,864.8,0.0,0.0,3,0.0
M1-Clemastine,865.0,0.0,0.0,3,0.0
M1-Clemastine,865.2,0.0,0.0,3,0.0
M1-Clemastine,865.4,0.0,0.0,3,0.0
M1-Clemastine,865.6,0.0,0.0,3,0.0
M1-Clemastine,865.8,0.0,0.0,3,0.0
M1-Clemastine,866.0,0.0,0.0,3,0.0
M1-Clemastine,866.2,0.0,0.0,3,0.0
M1-Clemastine,866.4,0.0,0.0,3,0.0
M1-Clemastine,866.6,0.0,0.0,3,0.0
M1-Clemastine,866.8,0.0,0.0,3,0.0
M1-Clemastine,867.0,0.0,0.0,3,0.0
M1-Clemastine,867.2,0.0,0.0,3,0.0
M1-Clemastine,867.4,0.0,0.0,3,0.0
M1-Clemastine,867.6,0.0,0.0,3,0.0
M1-Clemastine,867.8,0.0,0.0,3,0.0
M1-Clemastine,868.0,0.0,0.0,3,0.0
M1-Clemastine,868.2,0.0,0.0,3,0.0
M1-Clemastine,868.4,0.0,0.0,3,0.0
M1-Clemastine,868.6,0.0,0.0,3,0.0
M1-Clemastine,868.8,0.0,0.0,3,0.0
M1-Clemastine,869.0,0.0,0.0,3,0.0
M1-Clemastine,869.2,0.0,0.0,3,0.0
M1-Clemastine,869.4,0.0,0.0,3,0.0
M1-Clemastine,869.6,0.0,0.0,3,0.0
M1-Clemastine,869.8,0.0,0.0,3,0.0
M1-Clemastine,870.0,0.0,0.0,3,0.0
M1-Clemastine,870.2,0.0,0.0,3,0.0
M1-Clemastine,870.4,0.0,0.0,3,0.0
M1-Clemastine,870.6,0.0,0.0,3,0.0
M1-Clemastine,870.8,0.0,0.0,3,0.0
M1-Clemastine,871.0,0.0,0.0,3,0.0
M1-Clemastine,871.2,0.0,0.0,3,0.0
M1-Clemastine,871.4,0.0,0.0,3,0.0
M1-Clemastine,871.6,0.0,0.0,3,0.0
M1-Clemastine,871.8,0.0,0.0,3,0.0
M1-Clemastine,872.0,0.0,0.0,3,0.0
M1-Clemastine,872.2,0.0,0.0,3,0.0
M1-Clemastine,872.4,0.0,0.0,3,0.0
M1-Clemastine,872.6,0.0,0.0,3,0.0
M1-Clemastine,872.8,0.0,0.0,3,0.0
M1-Clemastine,873.0,0.0,0.0,3,0.0
M1-Clemastine,873.2,0.0,0.0,3,0.0
M1-Clemastine,873.4,0.0,0.0,3,0.0
M1-Clemastine,873.6,0.0,0.0,3,0.0
M1-Clemastine,873.8,0.0,0.0,3,0.0
M1-Clemastine,874.0,0.0,0.0,3,0.0
M1-Clemastine,874.2,0.0,0.0,3,0.0
M1-Clemastine,874.4,0.0,0.0,3,0.0
M1-Clemastine,874.6,0.0,0.0,3,0.0
M1-Clemastine,874.8,0.0,0.0,3,0.0
M1-Clemastine,875.0,0.0,0.0,3,0.0
M1-Clemastine,875.2,0.0,0.0,3,0.0
M1-Clemastine,875.4,0.0,0.0,3,0.0
M1-Clemastine,875.6,0.0,0.0,3,0.0
M1-Clemastine,875.8,0.0,0.0,3,0.0
M1-Clemastine,876.0,0.0,0.0,3,0.0
M1-Clemastine,876.2,0.0,0.0,3,0.0
M1-Clemastine,876.4,0.0,0.0,3,0.0
M1-Clemastine,876.6,0.0,0.0,3,0.0
M1-Clemastine,876.8,0.0,0.0,3,0.0
M1-Clemastine,877.0,0.0,0.0,3,0.0
M1-Clemastine,877.2,0.0,0.0,3,0.0
M1-Clemastine,877.4,0.0,0.0,3,0.0
M1-Clemastine,877.6,0.0,0.0,3,0.0
M1-Clemastine,877.8,0.0,0.0,3,0.0
M1-Clemastine,878.0,0.0,0.0,3,0.0
M1-Clemastine,878.2,0.0,0.0,3,0.0
M1-Clemastine,878.4,0.0,0.0,3,0.0
M1-Clemastine,878.6,0.0,0.0,3,0.0
M1-Clemastine,878.8,0.0,0.0,3,0.0
M1-Clemastine,879.0,0.0,0.0,3,0.0
M1-Clemastine,879.2,0.0,0.0,3,0.0
M1-Clemastine,879.4,0.0,0.0,3,0.0
M1-Clemastine,879.6,0.0,0.0,3,0.0
M1-Clemastine,879.8,0.0,0.0,3,0.0
M1-Clemastine,880.0,0.0,0.0,3,0.0
M1-Clemastine,880.2,0.0,0.0,3,0.0
M1-Clemastine,880.4,0.0,0.0,3,0.0
M1-Clemastine,880.6,0.0,0.0,3,0.0
M1-Clemastine,880.8,0.0,0.0,3,0.0
M1-Clemastine,881.0,0.0,0.0,3,0.0
M1-Clemastine,881.2,0.0,0.0,3,0.0
M1-Clemastine,881.4,0.0,0.0,3,0.0
M1-Clemastine,881.6,0.0,0.0,3,0.0
M1-Clemastine,881.8,0.0,0.0,3,0.0
M1-Clemastine,882.0,0.0,0.0,3,0.0
M1-Clemastine,882.2,0.0,0.0,3,0.0
M1-Clemastine,882.4,0.0,0.0,3,0.0
M1-Clemastine,882.6,0.0,0.0,3,0.0
M1-Clemastine,882.8,0.0,0.0,3,0.0
M1-Clemastine,883.0,0.0,0.0,3,0.0
M1-Clemastine,883.2,0.0,0.0,3,0.0
M1-Clemastine,883.4,0.0,0.0,3,0.0
M1-Clemastine,883.6,0.0,0.0,3,0.0
M1-Clemastine,883.8,0.0,0.0,3,0.0
M1-Clemastine,884.0,0.0,0.0,3,0.0
M1-Clemastine,884.2,0.0,0.0,3,0.0
M1-Clemastine,884.4,0.0,0.0,3,0.0
M1-Clemastine,884.6,0.0,0.0,3,0.0
M1-Clemastine,884.8,0.0,0.0,3,0.0
M1-Clemastine,885.0,0.0,0.0,3,0.0
M1-Clemastine,885.2,0.0,0.0,3,0.0
M1-Clemastine,885.4,0.0,0.0,3,0.0
M1-Clemastine,885.6,0.0,0.0,3,0.0
M1-Clemastine,885.8,0.0,0.0,3,0.0
M1-Clemastine,886.0,0.0,0.0,3,0.0
M1-Clemastine,886.2,0.0,0.0,3,0.0
M1-Clemastine,886.4,0.0,0.0,3,0.0
M1-Clemastine,886.6,0.0,0.0,3,0.0
M1-Clemastine,886.8,0.0,0.0,3,0.0
M1-Clemastine,887.0,0.0,0.0,3,0.0
M1-Clemastine,887.2,0.0,0.0,3,0.0
M1-Clemastine,887.4,0.0,0.0,3,0.0
M1-Clemastine,887.6,0.0,0.0,3,0.0
M1-Clemastine,887.8,0.0,0.0,3,0.0
M1-Clemastine,888.0,0.0,0.0,3,0.0
M1-Clemastine,888.2,0.0,0.0,3,0.0
M1-Clemastine,888.4,0.0,0.0,3,0.0
M1-Clemastine,888.6,0.0,0.0,3,0.0
M1-Clemastine,888.8,0.0,0.0,3,0.0
M1-Clemastine,889.0,0.0,0.0,3,0.0
M1-Clemastine,889.2,0.0,0.0,3,0.0
M1-Clemastine,889.4,0.0,0.0,3,0.0
M1-Clemastine,889.6,0.0,0.0,3,0.0
M1-Clemastine,889.8,0.0,0.0,3,0.0
M1-Clemastine,890.0,0.0,0.0,3,0.0
M1-Clemastine,890.2,0.0,0.0,3,0.0
M1-Clemastine,890.4,0.0,0.0,3,0.0
M1-Clemastine,890.6,0.0,0.0,3,0.0
M1-Clemastine,890.8,0.0,0.0,3,0.0
M1-Clemastine,891.0,0.0,0.0,3,0.0
M1-Clemastine,891.2,0.0,0.0,3,0.0
M1-Clemastine,891.4,0.0,0.0,3,0.0
M1-Clemastine,891.6,0.0,0.0,3,0.0
M1-Clemastine,891.8,0.0,0.0,3,0.0
M1-Clemastine,892.0,0.0,0.0,3,0.0
M1-Clemastine,892.2,0.0,0.0,3,0.0
M1-Clemastine,892.4,0.0,0.0,3,0.0
M1-Clemastine,892.6,0.0,0.0,3,0.0
M1-Clemastine,892.8,0.0,0.0,3,0.0
M1-Clemastine,893.0,0.0,0.0,3,0.0
M1-Clemastine,893.2,0.0,0.0,3,0.0
M1-Clemastine,893.4,0.0,0.0,3,0.0
M1-Clemastine,893.6,0.0,0.0,3,0.0
M1-Clemastine,893.8,0.0,0.0,3,0.0
M1-Clemastine,894.0,0.0,0.0,3,0.0
M1-Clemastine,894.2,0.0,0.0,3,0.0
M1-Clemastine,894.4,0.0,0.0,3,0.0
M1-Clemastine,894.6,0.0,0.0,3,0.0
M1-Clemastine,894.8,0.0,0.0,3,0.0
M1-Clemastine,895.0,0.0,0.0,3,0.0
M1-Clemastine,895.2,0.0,0.0,3,0.0
M1-Clemastine,895.4,0.0,0.0,3,0.0
M1-Clemastine,895.6,0.0,0.0,3,0.0
M1-Clemastine,895.8,0.0,0.0,3,0.0
M1-Clemastine,896.0,0.0,0.0,3,0.0
M1-Clemastine,896.2,0.0,0.0,3,0.0
M1-Clemastine,896.4,0.0,0.0,3,0.0
M1-Clemastine,896.6,0.0,0.0,3,0.0
M1-Clemastine,896.8,0.0,0.0,3,0.0
M1-Clemastine,897.0,0.0,0.0,3,0.0
M1-Clemastine,897.2,0.0,0.0,3,0.0
M1-Clemastine,897.4,0.0,0.0,3,0.0
M1-Clemastine,897.6,0.0,0.0,3,0.0
M1-Clemastine,897.8,0.0,0.0,3,0.0
M1-Clemastine,898.0,0.0,0.0,3,0.0
M1-Clemastine,898.2,0.0,0.0,3,0.0
M1-Clemastine,898.4,0.0,0.0,3,0.0
M1-Clemastine,898.6,0.0,0.0,3,0.0
M1-Clemastine,898.8,0.0,0.0,3,0.0
M1-Clemastine,899.0,0.0,0.0,3,0.0
M1-Clemastine,899.2,0.0,0.0,3,0.0
M1-Clemastine,899.4,0.0,0.0,3,0.0
M1-Clemastine,899.6,0.0,0.0,3,0.0
M1-Clemastine,899.8,0.0,0.0,3,0.0
M1-Clemastine,900.0,0.0,0.0,3,0.0
M1-Clemastine,900.2,0.0,0.0,3,0.0
M1-Clemastine,900.4,0.0,0.0,3,0.0
M1-Clemastine,900.6,0.0,0.0,3,0.0
M1-Clemastine,900.8,0.0,0.0,3,0.0
M1-Clemastine,901.0,0.0,0.0,3,0.0
M1-Clemastine,901.2,0.0,0.0,3,0.0
M1-Clemastine,901.4,0.0,0.0,3,0.0
M1-Clemastine,901.6,0.0,0.0,3,0.0
M1-Clemastine,901.8,0.0,0.0,3,0.0
M1-Clemastine,902.0,0.0,0.0,3,0.0
M1-Clemastine,902.2,0.0,0.0,3,0.0
M1-Clemastine,902.4,0.0,0.0,3,0.0
M1-Clemastine,902.6,0.0,0.0,3,0.0
M1-Clemastine,902.8,0.0,0.0,3,0.0
M1-Clemastine,903.0,0.0,0.0,3,0.0
M1-Clemastine,903.2,0.0,0.0,3,0.0
M1-Clemastine,903.4,0.0,0.0,3,0.0
M1-Clemastine,903.6,0.0,0.0,3,0.0
M1-Clemastine,903.8,0.0,0.0,3,0.0
M1-Clemastine,904.0,0.0,0.0,3,0.0
M1-Clemastine,904.2,0.0,0.0,3,0.0
M1-Clemastine,904.4,0.0,0.0,3,0.0
M1-Clemastine,904.6,0.0,0.0,3,0.0
M1-Clemastine,904.8,0.0,0.0,3,0.0
M1-Clemastine,905.0,0.0,0.0,3,0.0
M1-Clemastine,905.2,0.0,0.0,3,0.0
M1-Clemastine,905.4,0.0,0.0,3,0.0
M1-Clemastine,905.6,0.0,0.0,3,0.0
M1-Clemastine,905.8,0.0,0.0,3,0.0
M1-Clemastine,906.0,0.0,0.0,3,0.0
M1-Clemastine,906.2,0.0,0.0,3,0.0
M1-Clemastine,906.4,0.0,0.0,3,0.0
M1-Clemastine,906.6,0.0,0.0,3,0.0
M1-Clemastine,906.8,0.0,0.0,3,0.0
M1-Clemastine,907.0,0.0,0.0,3,0.0
M1-Clemastine,907.2,0.0,0.0,3,0.0
M1-Clemastine,907.4,0.0,0.0,3,0.0
M1-Clemastine,907.6,0.0,0.0,3,0.0
M1-Clemastine,907.8,0.0,0.0,3,0.0
M1-Clemastine,908.0,0.0,0.0,3,0.0
M1-Clemastine,908.2,0.0,0.0,3,0.0
M1-Clemastine,908.4,0.0,0.0,3,0.0
M1-Clemastine,908.6,0.0,0.0,3,0.0
M1-Clemastine,908.8,0.0,0.0,3,0.0
M1-Clemastine,909.0,0.0,0.0,3,0.0
M1-Clemastine,909.2,0.0,0.0,3,0.0
M1-Clemastine,909.4,0.0,0.0,3,0.0
M1-Clemastine,909.6,0.0,0.0,3,0.0
M1-Clemastine,909.8,0.0,0.0,3,0.0
M1-Clemastine,910.0,0.0,0.0,3,0.0
M1-Clemastine,910.2,0.0,0.0,3,0.0
M1-Clemastine,910.4,0.0,0.0,3,0.0
M1-Clemastine,910.6,0.0,0.0,3,0.0
M1-Clemastine,910.8,0.0,0.0,3,0.0
M1-Clemastine,911.0,0.0,0.0,3,0.0
M1-Clemastine,911.2,0.0,0.0,3,0.0
M1-Clemastine,911.4,0.0,0.0,3,0.0
M1-Clemastine,911.6,0.0,0.0,3,0.0
M1-Clemastine,911.8,0.0,0.0,3,0.0
M1-Clemastine,912.0,0.0,0.0,3,0.0
M1-Clemastine,912.2,0.0,0.0,3,0.0
M1-Clemastine,912.4,0.0,0.0,3,0.0
M1-Clemastine,912.6,0.0,0.0,3,0.0
M1-Clemastine,912.8,0.0,0.0,3,0.0
M1-Clemastine,913.0,0.0,0.0,3,0.0
M1-Clemastine,913.2,0.0,0.0,3,0.0
M1-Clemastine,913.4,0.0,0.0,3,0.0
M1-Clemastine,913.6,0.0,0.0,3,0.0
M1-Clemastine,913.8,0.0,0.0,3,0.0
M1-Clemastine,914.0,0.0,0.0,3,0.0
M1-Clemastine,914.2,0.0,0.0,3,0.0
M1-Clemastine,914.4,0.0,0.0,3,0.0
M1-Clemastine,914.6,0.0,0.0,3,0.0
M1-Clemastine,914.8,0.0,0.0,3,0.0
M1-Clemastine,915.0,0.0,0.0,3,0.0
M1-Clemastine,915.2,0.0,0.0,3,0.0
M1-Clemastine,915.4,0.0,0.0,3,0.0
M1-Clemastine,915.6,0.0,0.0,3,0.0
M1-Clemastine,915.8,0.0,0.0,3,0.0
M1-Clemastine,916.0,0.0,0.0,3,0.0
M1-Clemastine,916.2,0.0,0.0,3,0.0
M1-Clemastine,916.4,0.0,0.0,3,0.0
M1-Clemastine,916.6,0.0,0.0,3,0.0
M1-Clemastine,916.8,0.0,0.0,3,0.0
M1-Clemastine,917.0,0.0,0.0,3,0.0
M1-Clemastine,917.2,0.0,0.0,3,0.0
M1-Clemastine,917.4,0.0,0.0,3,0.0
M1-Clemastine,917.6,0.0,0.0,3,0.0
M1-Clemastine,917.8,0.0,0.0,3,0.0
M1-Clemastine,918.0,0.0,0.0,3,0.0
M1-Clemastine,918.2,0.0,0.0,3,0.0
M1-Clemastine,918.4,0.0,0.0,3,0.0
M1-Clemastine,918.6,0.0,0.0,3,0.0
M1-Clemastine,918.8,0.0,0.0,3,0.0
M1-Clemastine,919.0,0.0,0.0,3,0.0
M1-Clemastine,919.2,0.0,0.0,3,0.0
M1-Clemastine,919.4,0.0,0.0,3,0.0
M1-Clemastine,919.6,0.0,0.0,3,0.0
M1-Clemastine,919.8,0.0,0.0,3,0.0
M1-Clemastine,920.0,0.0,0.0,3,0.0
M1-Clemastine,920.2,0.0,0.0,3,0.0
M1-Clemastine,920.4,0.0,0.0,3,0.0
M1-Clemastine,920.6,0.0,0.0,3,0.0
M1-Clemastine,920.8,0.0,0.0,3,0.0
M1-Clemastine,921.0,0.0,0.0,3,0.0
M1-Clemastine,921.2,0.0,0.0,3,0.0
M1-Clemastine,921.4,0.0,0.0,3,0.0
M1-Clemastine,921.6,0.0,0.0,3,0.0
M1-Clemastine,921.8,0.0,0.0,3,0.0
M1-Clemastine,922.0,0.0,0.0,3,0.0
M1-Clemastine,922.2,0.0,0.0,3,0.0
M1-Clemastine,922.4,0.0,0.0,3,0.0
M1-Clemastine,922.6,0.0,0.0,3,0.0
M1-Clemastine,922.8,0.0,0.0,3,0.0
M1-Clemastine,923.0,0.0,0.0,3,0.0
M1-Clemastine,923.2,0.0,0.0,3,0.0
M1-Clemastine,923.4,0.0,0.0,3,0.0
M1-Clemastine,923.6,0.0,0.0,3,0.0
M1-Clemastine,923.8,0.0,0.0,3,0.0
M1-Clemastine,924.0,0.0,0.0,3,0.0
M1-Clemastine,924.2,0.0,0.0,3,0.0
M1-Clemastine,924.4,0.0,0.0,3,0.0
M1-Clemastine,924.6,0.0,0.0,3,0.0
M1-Clemastine,924.8,0.0,0.0,3,0.0
M1-Clemastine,925.0,0.0,0.0,3,0.0
M1-Clemastine,925.2,0.0,0.0,3,0.0
M1-Clemastine,925.4,0.0,0.0,3,0.0
M1-Clemastine,925.6,0.0,0.0,3,0.0
M1-Clemastine,925.8,0.0,0.0,3,0.0
M1-Clemastine,926.0,0.0,0.0,3,0.0
M1-Clemastine,926.2,0.0,0.0,3,0.0
M1-Clemastine,926.4,0.0,0.0,3,0.0
M1-Clemastine,926.6,0.0,0.0,3,0.0
M1-Clemastine,926.8,0.0,0.0,3,0.0
M1-Clemastine,927.0,0.0,0.0,3,0.0
M1-Clemastine,927.2,0.0,0.0,3,0.0
M1-Clemastine,927.4,0.0,0.0,3,0.0
M1-Clemastine,927.6,0.0,0.0,3,0.0
M1-Clemastine,927.8,0.0,0.0,3,0.0
M1-Clemastine,928.0,0.0,0.0,3,0.0
M1-Clemastine,928.2,0.0,0.0,3,0.0
M1-Clemastine,928.4,0.0,0.0,3,0.0
M1-Clemastine,928.6,0.0,0.0,3,0.0
M1-Clemastine,928.8,0.0,0.0,3,0.0
M1-Clemastine,929.0,0.0,0.0,3,0.0
M1-Clemastine,929.2,0.0,0.0,3,0.0
M1-Clemastine,929.4,0.0,0.0,3,0.0
M1-Clemastine,929.6,0.0,0.0,3,0.0
M1-Clemastine,929.8,0.0,0.0,3,0.0
M1-Clemastine,930.0,0.0,0.0,3,0.0
M1-Clemastine,930.2,0.0,0.0,3,0.0
M1-Clemastine,930.4,0.0,0.0,3,0.0
M1-Clemastine,930.6,0.0,0.0,3,0.0
M1-Clemastine,930.8,0.0,0.0,3,0.0
M1-Clemastine,931.0,0.0,0.0,3,0.0
M1-Clemastine,931.2,0.0,0.0,3,0.0
M1-Clemastine,931.4,0.0,0.0,3,0.0
M1-Clemastine,931.6,0.0,0.0,3,0.0
M1-Clemastine,931.8,0.0,0.0,3,0.0
M1-Clemastine,932.0,0.0,0.0,3,0.0
M1-Clemastine,932.2,0.0,0.0,3,0.0
M1-Clemastine,932.4,0.0,0.0,3,0.0
M1-Clemastine,932.6,0.0,0.0,3,0.0
M1-Clemastine,932.8,0.0,0.0,3,0.0
M1-Clemastine,933.0,0.0,0.0,3,0.0
M1-Clemastine,933.2,0.0,0.0,3,0.0
M1-Clemastine,933.4,0.0,0.0,3,0.0
M1-Clemastine,933.6,0.0,0.0,3,0.0
M1-Clemastine,933.8,0.0,0.0,3,0.0
M1-Clemastine,934.0,0.0,0.0,3,0.0
M1-Clemastine,934.2,0.0,0.0,3,0.0
M1-Clemastine,934.4,0.0,0.0,3,0.0
M1-Clemastine,934.6,0.0,0.0,3,0.0
M1-Clemastine,934.8,0.0,0.0,3,0.0
M1-Clemastine,935.0,0.0,0.0,3,0.0
M1-Clemastine,935.2,0.0,0.0,3,0.0
M1-Clemastine,935.4,0.0,0.0,3,0.0
M1-Clemastine,935.6,0.0,0.0,3,0.0
M1-Clemastine,935.8,0.0,0.0,3,0.0
M1-Clemastine,936.0,0.0,0.0,3,0.0
M1-Clemastine,936.2,0.0,0.0,3,0.0
M1-Clemastine,936.4,0.0,0.0,3,0.0
M1-Clemastine,936.6,0.0,0.0,3,0.0
M1-Clemastine,936.8,0.0,0.0,3,0.0
M1-Clemastine,937.0,0.0,0.0,3,0.0
M1-Clemastine,937.2,0.0,0.0,3,0.0
M1-Clemastine,937.4,0.0,0.0,3,0.0
M1-Clemastine,937.6,0.0,0.0,3,0.0
M1-Clemastine,937.8,0.0,0.0,3,0.0
M1-Clemastine,938.0,0.0,0.0,3,0.0
M1-Clemastine,938.2,0.0,0.0,3,0.0
M1-Clemastine,938.4,0.0,0.0,3,0.0
M1-Clemastine,938.6,0.0,0.0,3,0.0
M1-Clemastine,938.8,0.0,0.0,3,0.0
M1-Clemastine,939.0,0.0,0.0,3,0.0
M1-Clemastine,939.2,0.0,0.0,3,0.0
M1-Clemastine,939.4,0.0,0.0,3,0.0
M1-Clemastine,939.6,0.0,0.0,3,0.0
M1-Clemastine,939.8,0.0,0.0,3,0.0
M1-Clemastine,940.0,0.0,0.0,3,0.0
M1-Clemastine,940.2,0.0,0.0,3,0.0
M1-Clemastine,940.4,0.0,0.0,3,0.0
M1-Clemastine,940.6,0.0,0.0,3,0.0
M1-Clemastine,940.8,0.0,0.0,3,0.0
M1-Clemastine,941.0,0.0,0.0,3,0.0
M1-Clemastine,941.2,0.0,0.0,3,0.0
M1-Clemastine,941.4,0.0,0.0,3,0.0
M1-Clemastine,941.6,0.0,0.0,3,0.0
M1-Clemastine,941.8,0.0,0.0,3,0.0
M1-Clemastine,942.0,0.0,0.0,3,0.0
M1-Clemastine,942.2,0.0,0.0,3,0.0
M1-Clemastine,942.4,0.0,0.0,3,0.0
M1-Clemastine,942.6,0.0,0.0,3,0.0
M1-Clemastine,942.8,0.0,0.0,3,0.0
M1-Clemastine,943.0,0.0,0.0,3,0.0
M1-Clemastine,943.2,0.0,0.0,3,0.0
M1-Clemastine,943.4,0.0,0.0,3,0.0
M1-Clemastine,943.6,0.0,0.0,3,0.0
M1-Clemastine,943.8,0.0,0.0,3,0.0
M1-Clemastine,944.0,0.0,0.0,3,0.0
M1-Clemastine,944.2,0.0,0.0,3,0.0
M1-Clemastine,944.4,0.0,0.0,3,0.0
M1-Clemastine,944.6,0.0,0.0,3,0.0
M1-Clemastine,944.8,0.0,0.0,3,0.0
M1-Clemastine,945.0,0.0,0.0,3,0.0
M1-Clemastine,945.2,0.0,0.0,3,0.0
M1-Clemastine,945.4,0.0,0.0,3,0.0
M1-Clemastine,945.6,0.0,0.0,3,0.0
M1-Clemastine,945.8,0.0,0.0,3,0.0
M1-Clemastine,946.0,0.0,0.0,3,0.0
M1-Clemastine,946.2,0.0,0.0,3,0.0
M1-Clemastine,946.4,0.0,0.0,3,0.0
M1-Clemastine,946.6,0.0,0.0,3,0.0
M1-Clemastine,946.8,0.0,0.0,3,0.0
M1-Clemastine,947.0,0.0,0.0,3,0.0
M1-Clemastine,947.2,0.0,0.0,3,0.0
M1-Clemastine,947.4,0.0,0.0,3,0.0
M1-Clemastine,947.6,0.0,0.0,3,0.0
M1-Clemastine,947.8,0.0,0.0,3,0.0
M1-Clemastine,948.0,0.0,0.0,3,0.0
M1-Clemastine,948.2,0.0,0.0,3,0.0
M1-Clemastine,948.4,0.0,0.0,3,0.0
M1-Clemastine,948.6,0.0,0.0,3,0.0
M1-Clemastine,948.8,0.0,0.0,3,0.0
M1-Clemastine,949.0,0.0,0.0,3,0.0
M1-Clemastine,949.2,0.0,0.0,3,0.0
M1-Clemastine,949.4,0.0,0.0,3,0.0
M1-Clemastine,949.6,0.0,0.0,3,0.0
M1-Clemastine,949.8,0.0,0.0,3,0.0
M1-Clemastine,950.0,0.0,0.0,3,0.0
M1-Clemastine,950.2,0.0,0.0,3,0.0
M1-Clemastine,950.4,0.0,0.0,3,0.0
M1-Clemastine,950.6,0.0,0.0,3,0.0
M1-Clemastine,950.8,0.0,0.0,3,0.0
M1-Clemastine,951.0,0.0,0.0,3,0.0
M1-Clemastine,951.2,0.0,0.0,3,0.0
M1-Clemastine,951.4,0.0,0.0,3,0.0
M1-Clemastine,951.6,0.0,0.0,3,0.0
M1-Clemastine,951.8,0.0,0.0,3,0.0
M1-Clemastine,952.0,0.0,0.0,3,0.0
M1-Clemastine,952.2,0.0,0.0,3,0.0
M1-Clemastine,952.4,0.0,0.0,3,0.0
M1-Clemastine,952.6,0.0,0.0,3,0.0
M1-Clemastine,952.8,0.0,0.0,3,0.0
M1-Clemastine,953.0,0.0,0.0,3,0.0
M1-Clemastine,953.2,0.0,0.0,3,0.0
M1-Clemastine,953.4,0.0,0.0,3,0.0
M1-Clemastine,953.6,0.0,0.0,3,0.0
M1-Clemastine,953.8,0.0,0.0,3,0.0
M1-Clemastine,954.0,0.0,0.0,3,0.0
M1-Clemastine,954.2,0.0,0.0,3,0.0
M1-Clemastine,954.4,0.0,0.0,3,0.0
M1-Clemastine,954.6,0.0,0.0,3,0.0
M1-Clemastine,954.8,0.0,0.0,3,0.0
M1-Clemastine,955.0,0.0,0.0,3,0.0
M1-Clemastine,955.2,0.0,0.0,3,0.0
M1-Clemastine,955.4,0.0,0.0,3,0.0
M1-Clemastine,955.6,0.0,0.0,3,0.0
M1-Clemastine,955.8,0.0,0.0,3,0.0
M1-Clemastine,956.0,0.0,0.0,3,0.0
M1-Clemastine,956.2,0.0,0.0,3,0.0
M1-Clemastine,956.4,0.0,0.0,3,0.0
M1-Clemastine,956.6,0.0,0.0,3,0.0
M1-Clemastine,956.8,0.0,0.0,3,0.0
M1-Clemastine,957.0,0.0,0.0,3,0.0
M1-Clemastine,957.2,0.0,0.0,3,0.0
M1-Clemastine,957.4,0.0,0.0,3,0.0
M1-Clemastine,957.6,0.0,0.0,3,0.0
M1-Clemastine,957.8,0.0,0.0,3,0.0
M1-Clemastine,958.0,0.0,0.0,3,0.0
M1-Clemastine,958.2,0.0,0.0,3,0.0
M1-Clemastine,958.4,0.0,0.0,3,0.0
M1-Clemastine,958.6,0.0,0.0,3,0.0
M1-Clemastine,958.8,0.0,0.0,3,0.0
M1-Clemastine,959.0,0.0,0.0,3,0.0
M1-Clemastine,959.2,0.0,0.0,3,0.0
M1-Clemastine,959.4,0.0,0.0,3,0.0
M1-Clemastine,959.6,0.0,0.0,3,0.0
M1-Clemastine,959.8,0.0,0.0,3,0.0
M1-Clemastine,960.0,0.0,0.0,3,0.0
M1-Clemastine,960.2,0.0,0.0,3,0.0
M1-Clemastine,960.4,0.0,0.0,3,0.0
M1-Clemastine,960.6,0.0,0.0,3,0.0
M1-Clemastine,960.8,0.0,0.0,3,0.0
M1-Clemastine,961.0,0.0,0.0,3,0.0
M1-Clemastine,961.2,0.0,0.0,3,0.0
M1-Clemastine,961.4,0.0,0.0,3,0.0
M1-Clemastine,961.6,0.0,0.0,3,0.0
M1-Clemastine,961.8,0.0,0.0,3,0.0
M1-Clemastine,962.0,0.0,0.0,3,0.0
M1-Clemastine,962.2,0.0,0.0,3,0.0
M1-Clemastine,962.4,0.0,0.0,3,0.0
M1-Clemastine,962.6,0.0,0.0,3,0.0
M1-Clemastine,962.8,0.0,0.0,3,0.0
M1-Clemastine,963.0,0.0,0.0,3,0.0
M1-Clemastine,963.2,0.0,0.0,3,0.0
M1-Clemastine,963.4,0.0,0.0,3,0.0
M1-Clemastine,963.6,0.0,0.0,3,0.0
M1-Clemastine,963.8,0.0,0.0,3,0.0
M1-Clemastine,964.0,0.0,0.0,3,0.0
M1-Clemastine,964.2,0.0,0.0,3,0.0
M1-Clemastine,964.4,0.0,0.0,3,0.0
M1-Clemastine,964.6,0.0,0.0,3,0.0
M1-Clemastine,964.8,0.0,0.0,3,0.0
M1-Clemastine,965.0,0.0,0.0,3,0.0
M1-Clemastine,965.2,0.0,0.0,3,0.0
M1-Clemastine,965.4,0.0,0.0,3,0.0
M1-Clemastine,965.6,0.0,0.0,3,0.0
M1-Clemastine,965.8,0.0,0.0,3,0.0
M1-Clemastine,966.0,0.0,0.0,3,0.0
M1-Clemastine,966.2,0.0,0.0,3,0.0
M1-Clemastine,966.4,0.0,0.0,3,0.0
M1-Clemastine,966.6,0.0,0.0,3,0.0
M1-Clemastine,966.8,0.0,0.0,3,0.0
M1-Clemastine,967.0,0.0,0.0,3,0.0
M1-Clemastine,967.2,0.0,0.0,3,0.0
M1-Clemastine,967.4,0.0,0.0,3,0.0
M1-Clemastine,967.6,0.0,0.0,3,0.0
M1-Clemastine,967.8,0.0,0.0,3,0.0
M1-Clemastine,968.0,0.0,0.0,3,0.0
M1-Clemastine,968.2,0.0,0.0,3,0.0
M1-Clemastine,968.4,0.0,0.0,3,0.0
M1-Clemastine,968.6,0.0,0.0,3,0.0
M1-Clemastine,968.8,0.0,0.0,3,0.0
M1-Clemastine,969.0,0.0,0.0,3,0.0
M1-Clemastine,969.2,0.0,0.0,3,0.0
M1-Clemastine,969.4,0.0,0.0,3,0.0
M1-Clemastine,969.6,0.0,0.0,3,0.0
M1-Clemastine,969.8,0.0,0.0,3,0.0
M1-Clemastine,970.0,0.0,0.0,3,0.0
M1-Clemastine,970.2,0.0,0.0,3,0.0
M1-Clemastine,970.4,0.0,0.0,3,0.0
M1-Clemastine,970.6,0.0,0.0,3,0.0
M1-Clemastine,970.8,0.0,0.0,3,0.0
M1-Clemastine,971.0,0.0,0.0,3,0.0
M1-Clemastine,971.2,0.0,0.0,3,0.0
M1-Clemastine,971.4,0.0,0.0,3,0.0
M1-Clemastine,971.6,0.0,0.0,3,0.0
M1-Clemastine,971.8,0.0,0.0,3,0.0
M1-Clemastine,972.0,0.0,0.0,3,0.0
M1-Clemastine,972.2,0.0,0.0,3,0.0
M1-Clemastine,972.4,0.0,0.0,3,0.0
M1-Clemastine,972.6,0.0,0.0,3,0.0
M1-Clemastine,972.8,0.0,0.0,3,0.0
M1-Clemastine,973.0,0.0,0.0,3,0.0
M1-Clemastine,973.2,0.0,0.0,3,0.0
M1-Clemastine,973.4,0.0,0.0,3,0.0
M1-Clemastine,973.6,0.0,0.0,3,0.0
M1-Clemastine,973.8,0.0,0.0,3,0.0
M1-Clemastine,974.0,0.0,0.0,3,0.0
M1-Clemastine,974.2,0.0,0.0,3,0.0
M1-Clemastine,974.4,0.0,0.0,3,0.0
M1-Clemastine,974.6,0.0,0.0,3,0.0
M1-Clemastine,974.8,0.0,0.0,3,0.0
M1-Clemastine,975.0,0.0,0.0,3,0.0
M1-Clemastine,975.2,0.0,0.0,3,0.0
M1-Clemastine,975.4,0.0,0.0,3,0.0
M1-Clemastine,975.6,0.0,0.0,3,0.0
M1-Clemastine,975.8,0.0,0.0,3,0.0
M1-Clemastine,976.0,0.0,0.0,3,0.0
M1-Clemastine,976.2,0.0,0.0,3,0.0
M1-Clemastine,976.4,0.0,0.0,3,0.0
M1-Clemastine,976.6,0.0,0.0,3,0.0
M1-Clemastine,976.8,0.0,0.0,3,0.0
M1-Clemastine,977.0,0.0,0.0,3,0.0
M1-Clemastine,977.2,0.0,0.0,3,0.0
M1-Clemastine,977.4,0.0,0.0,3,0.0
M1-Clemastine,977.6,0.0,0.0,3,0.0
M1-Clemastine,977.8,0.0,0.0,3,0.0
M1-Clemastine,978.0,0.0,0.0,3,0.0
M1-Clemastine,978.2,0.0,0.0,3,0.0
M1-Clemastine,978.4,0.0,0.0,3,0.0
M1-Clemastine,978.6,0.0,0.0,3,0.0
M1-Clemastine,978.8,0.0,0.0,3,0.0
M1-Clemastine,979.0,0.0,0.0,3,0.0
M1-Clemastine,979.2,0.0,0.0,3,0.0
M1-Clemastine,979.4,0.0,0.0,3,0.0
M1-Clemastine,979.6,0.0,0.0,3,0.0
M1-Clemastine,979.8,0.0,0.0,3,0.0
M1-Clemastine,980.0,0.0,0.0,3,0.0
M1-Clemastine,980.2,0.0,0.0,3,0.0
M1-Clemastine,980.4,0.0,0.0,3,0.0
M1-Clemastine,980.6,0.0,0.0,3,0.0
M1-Clemastine,980.8,0.0,0.0,3,0.0
M1-Clemastine,981.0,0.0,0.0,3,0.0
M1-Clemastine,981.2,0.0,0.0,3,0.0
M1-Clemastine,981.4,0.0,0.0,3,0.0
M1-Clemastine,981.6,0.0,0.0,3,0.0
M1-Clemastine,981.8,0.0,0.0,3,0.0
M1-Clemastine,982.0,0.0,0.0,3,0.0
M1-Clemastine,982.2,0.0,0.0,3,0.0
M1-Clemastine,982.4,0.0,0.0,3,0.0
M1-Clemastine,982.6,0.0,0.0,3,0.0
M1-Clemastine,982.8,0.0,0.0,3,0.0
M1-Clemastine,983.0,0.0,0.0,3,0.0
M1-Clemastine,983.2,0.0,0.0,3,0.0
M1-Clemastine,983.4,0.0,0.0,3,0.0
M1-Clemastine,983.6,0.0,0.0,3,0.0
M1-Clemastine,983.8,0.0,0.0,3,0.0
M1-Clemastine,984.0,0.0,0.0,3,0.0
M1-Clemastine,984.2,0.0,0.0,3,0.0
M1-Clemastine,984.4,0.0,0.0,3,0.0
M1-Clemastine,984.6,0.0,0.0,3,0.0
M1-Clemastine,984.8,0.0,0.0,3,0.0
M1-Clemastine,985.0,0.0,0.0,3,0.0
M1-Clemastine,985.2,0.0,0.0,3,0.0
M1-Clemastine,985.4,0.0,0.0,3,0.0
M1-Clemastine,985.6,0.0,0.0,3,0.0
M1-Clemastine,985.8,0.0,0.0,3,0.0
M1-Clemastine,986.0,0.0,0.0,3,0.0
M1-Clemastine,986.2,0.0,0.0,3,0.0
M1-Clemastine,986.4,0.0,0.0,3,0.0
M1-Clemastine,986.6,0.0,0.0,3,0.0
M1-Clemastine,986.8,0.0,0.0,3,0.0
M1-Clemastine,987.0,0.0,0.0,3,0.0
M1-Clemastine,987.2,0.0,0.0,3,0.0
M1-Clemastine,987.4,0.0,0.0,3,0.0
M1-Clemastine,987.6,0.0,0.0,3,0.0
M1-Clemastine,987.8,0.0,0.0,3,0.0
M1-Clemastine,988.0,0.0,0.0,3,0.0
M1-Clemastine,988.2,0.0,0.0,3,0.0
M1-Clemastine,988.4,0.0,0.0,3,0.0
M1-Clemastine,988.6,0.0,0.0,3,0.0
M1-Clemastine,988.8,0.0,0.0,3,0.0
M1-Clemastine,989.0,0.0,0.0,3,0.0
M1-Clemastine,989.2,0.0,0.0,3,0.0
M1-Clemastine,989.4,0.0,0.0,3,0.0
M1-Clemastine,989.6,0.0,0.0,3,0.0
M1-Clemastine,989.8,0.0,0.0,3,0.0
M1-Clemastine,990.0,0.0,0.0,3,0.0
M1-Clemastine,990.2,0.0,0.0,3,0.0
M1-Clemastine,990.4,0.0,0.0,3,0.0
M1-Clemastine,990.6,0.0,0.0,3,0.0
M1-Clemastine,990.8,0.0,0.0,3,0.0
M1-Clemastine,991.0,0.0,0.0,3,0.0
M1-Clemastine,991.2,0.0,0.0,3,0.0
M1-Clemastine,991.4,0.0,0.0,3,0.0
M1-Clemastine,991.6,0.0,0.0,3,0.0
M1-Clemastine,991.8,0.0,0.0,3,0.0
M1-Clemastine,992.0,0.0,0.0,3,0.0
M1-Clemastine,992.2,0.0,0.0,3,0.0
M1-Clemastine,992.4,0.0,0.0,3,0.0
M1-Clemastine,992.6,0.0,0.0,3,0.0
M1-Clemastine,992.8,0.0,0.0,3,0.0
M1-Clemastine,993.0,0.0,0.0,3,0.0
M1-Clemastine,993.2,0.0,0.0,3,0.0
M1-Clemastine,993.4,0.0,0.0,3,0.0
M1-Clemastine,993.6,0.0,0.0,3,0.0
M1-Clemastine,993.8,0.0,0.0,3,0.0
M1-Clemastine,994.0,0.0,0.0,3,0.0
M1-Clemastine,994.2,0.0,0.0,3,0.0
M1-Clemastine,994.4,0.0,0.0,3,0.0
M1-Clemastine,994.6,0.0,0.0,3,0.0
M1-Clemastine,994.8,0.0,0.0,3,0.0
M1-Clemastine,995.0,0.0,0.0,3,0.0
M1-Clemastine,995.2,0.0,0.0,3,0.0
M1-Clemastine,995.4,0.0,0.0,3,0.0
M1-Clemastine,995.6,0.0,0.0,3,0.0
M1-Clemastine,995.8,0.0,0.0,3,0.0
M1-Clemastine,996.0,0.0,0.0,3,0.0
M1-Clemastine,996.2,0.0,0.0,3,0.0
M1-Clemastine,996.4,0.0,0.0,3,0.0
M1-Clemastine,996.6,0.0,0.0,3,0.0
M1-Clemastine,996.8,0.0,0.0,3,0.0
M1-Clemastine,997.0,0.0,0.0,3,0.0
M1-Clemastine,997.2,0.0,0.0,3,0.0
M1-Clemastine,997.4,0.0,0.0,3,0.0
M1-Clemastine,997.6,0.0,0.0,3,0.0
M1-Clemastine,997.8,0.0,0.0,3,0.0
M1-Clemastine,998.0,0.0,0.0,3,0.0
M1-Clemastine,998.2,0.0,0.0,3,0.0
M1-Clemastine,998.4,0.0,0.0,3,0.0
M1-Clemastine,998.6,0.0,0.0,3,0.0
M1-Clemastine,998.8,0.0,0.0,3,0.0
M1-Clemastine,999.0,0.0,0.0,3,0.0
M1-Clemastine,999.2,0.0,0.0,3,0.0
M1-Clemastine,999.4,0.0,0.0,3,0.0
M1-Clemastine,999.6,0.0,0.0,3,0.0
M1-Clemastine,999.8,0.0,0.0,3,0.0
M1-Clemastine,1000.0,0.0,0.0,3,0.0
