Residue,New Name,MeanAcrossFrames
R:A:SER:165,Ser165,-0.0201980198019802
R:A:TRP:138,Trp157,-0.2218151815181518
R:A:TYR:409,Tyr404,0.16706270627062705
