Residue,New Name,Replica 1,Replica 2,Replica 3
R:A:ASP:86,Asp105,,5.2385,1.4115
R:A:VAL:94,Val113,1.347920792079208,1.439009900990099,1.2208910891089109
R:A:TYR:386,Tyr381,2.8613861386138613,0.5683168316831683,0.49504950495049505
R:A:TRP:410,Trp405,,,0.5719801980198019
R:A:TYR:413,Tyr408,1.7486138613861388,-1.6871287128712873,1.281089108910891
R:A:PHE:178,Phe197,0.6072277227722772,-1.7168316831683168,0.40287128712871284
R:A:ILE:55,Ile74,-0.3475,,
R:A:ASN:387,Asn382,-4.671386138613862,1.7977227722772278,1.3512871287128712
R:A:ILE:161,Ile180,,,-0.5417821782178218
R:A:THR:170,Thr189,0.9645544554455445,-3.3623762376237627,0.5688118811881189
R:A:LEU:164,Leu183,-0.8099009900990098,-0.4125742574257426,
R:A:THR:173,Thr192,,-0.2000990099009901,-1.1260396039603962
R:A:CYS:412,Cys407,-1.3165346534653466,0.7984158415841585,-1.608811881188119
R:A:ALA:174,Ala193,-0.8582178217821783,-0.7092079207920792,-1.056237623762376
R:A:TRP:383,Trp378,2.252673267326733,-4.729306930693069,-0.23960396039603962
R:A:SER:90,Ser109,-1.7588118811881186,1.807920792079208,-3.71990099009901
R:A:VAL:390,Val385,-1.7967326732673268,,-1.0141584158415842
R:A:ALA:177,Ala196,-2.0,-0.8329702970297029,-1.7831683168316832
R:A:TYR:87,Tyr106,-1.4652475247524754,-0.04029702970297027,-3.804950495049505
R:A:GLN:91,Gln110,-4.109306930693069,-1.4364356435643566,-2.3266336633663367
